user_id,latitude,longitude,visit_count,first_seen,last_seen,avg_speed,total_time_minutes
1,12.978303,77.608128,1,2026-01-06 17:00:00,2026-01-06 17:00:00,0.0,0.0
1,12.978985,77.609356,1,2026-01-11 10:00:00,2026-01-11 10:00:00,0.07987055064171376,0.0
1,12.979537,77.607287,1,2026-01-21 08:00:00,2026-01-21 08:00:00,0.14448009594956257,0.0
1,12.979842,77.608486,1,2026-01-11 16:00:00,2026-01-11 16:00:00,0.0,0.0
1,12.979927,77.61056,1,2026-01-15 08:00:00,2026-01-15 08:00:00,0.03435891494434712,0.0
1,12.980549,77.605701,1,2026-01-03 20:00:00,2026-01-03 20:00:00,0.1336396806062605,0.0
1,12.980607,77.603238,1,2026-01-13 18:00:00,2026-01-13 18:00:00,0.0,0.0
1,12.980646,77.608661,1,2026-01-21 20:00:00,2026-01-21 20:00:00,0.0,0.0
1,12.980697,77.606297,1,2026-01-27 20:00:00,2026-01-27 20:00:00,0.09891284712607612,0.0
1,12.98082,77.607167,1,2026-01-12 23:00:00,2026-01-12 23:00:00,0.0,0.0
1,12.98084,77.607509,1,2026-01-01 06:00:00,2026-01-01 06:00:00,0.0,0.0
1,12.980897,77.608324,1,2026-01-24 23:00:00,2026-01-24 23:00:00,0.0,0.0
1,12.980909,77.608737,1,2026-01-17 04:00:00,2026-01-17 04:00:00,0.0,0.0
1,12.981127,77.61063,1,2026-01-03 08:00:00,2026-01-03 08:00:00,0.05564983803008591,0.0
1,12.981263,77.606697,1,2026-01-14 01:00:00,2026-01-14 01:00:00,0.0,0.0
1,12.981422,77.606364,1,2026-01-01 00:00:00,2026-01-01 00:00:00,0.0,0.0
1,12.981526,77.605881,1,2026-01-11 04:00:00,2026-01-11 04:00:00,0.031664134090123655,0.0
1,12.981623,77.60749,1,2026-01-25 12:00:00,2026-01-25 12:00:00,0.038564543789545824,0.0
1,12.981719,77.609437,1,2026-01-04 09:00:00,2026-01-04 09:00:00,0.0,0.0
1,12.981729,77.610133,1,2026-01-15 02:00:00,2026-01-15 02:00:00,0.0,0.0
1,12.981988,77.607943,1,2026-01-08 19:00:00,2026-01-08 19:00:00,0.0,0.0
1,12.982065,77.609669,1,2026-01-02 01:00:00,2026-01-02 01:00:00,0.0,0.0
1,12.982149,77.607677,1,2026-01-22 09:00:00,2026-01-22 09:00:00,0.11469090972886524,0.0
1,12.982159,77.609727,1,2026-01-11 16:00:00,2026-01-11 16:00:00,0.06306456762313216,0.0
1,12.98231,77.606754,1,2026-01-14 19:00:00,2026-01-14 19:00:00,0.03518467360514509,0.0
1,12.982314,77.606383,1,2026-01-01 06:00:00,2026-01-01 06:00:00,0.06906856803489582,0.0
1,12.982368,77.610616,1,2026-01-21 02:00:00,2026-01-21 02:00:00,0.08045449064508058,0.0
1,12.982417,77.608428,1,2026-01-01 18:00:00,2026-01-01 18:00:00,0.024631672535650042,0.0
1,12.982499,77.609337,1,2026-01-25 00:00:00,2026-01-25 00:00:00,0.0,0.0
1,12.98256,77.607995,1,2026-01-03 02:00:00,2026-01-03 02:00:00,0.0,0.0
1,12.982652,77.606022,1,2026-01-23 22:00:00,2026-01-23 22:00:00,0.07030063900300082,0.0
1,12.982667,77.607795,1,2026-01-11 22:00:00,2026-01-11 22:00:00,0.053958331141911335,0.0
1,12.982687,77.607388,1,2026-01-01 12:00:00,2026-01-01 12:00:00,0.03434146322413473,0.0
1,12.982704,77.606533,1,2026-01-13 18:00:00,2026-01-13 18:00:00,0.05611844494124549,0.0
1,12.982836,77.604932,1,2026-01-14 13:00:00,2026-01-14 13:00:00,0.0,0.0
1,12.982847,77.606848,1,2026-01-05 16:00:00,2026-01-05 16:00:00,0.0,0.0
1,12.982876,77.609382,1,2026-01-12 05:00:00,2026-01-12 05:00:00,0.03966921414355803,0.0
1,12.98294,77.60381,1,2026-01-22 21:00:00,2026-01-22 21:00:00,0.0,0.0
1,12.983027,77.608784,1,2026-01-04 03:00:00,2026-01-04 03:00:00,0.0629025307101616,0.0
1,12.983067,77.606779,1,2026-01-02 07:00:00,2026-01-02 07:00:00,0.05675047064825536,0.0
1,12.983105,77.604733,1,2026-01-22 03:00:00,2026-01-22 03:00:00,0.07369711555889613,0.0
1,12.983105,77.610054,1,2026-01-26 01:00:00,2026-01-26 01:00:00,0.0,0.0
1,12.983121,77.608931,1,2026-01-25 06:00:00,2026-01-25 06:00:00,0.0,0.0
1,12.983137,77.609253,1,2026-01-17 04:00:00,2026-01-17 04:00:00,0.09044418061081905,0.0
1,12.983164,77.604749,1,2026-01-10 21:00:00,2026-01-10 21:00:00,0.0,0.0
1,12.983356,77.604135,1,2026-01-20 13:00:00,2026-01-20 13:00:00,0.10765473463840104,0.0
1,12.983429,77.608929,1,2026-01-03 14:00:00,2026-01-03 14:00:00,0.03329537695621859,0.0
1,12.983438,77.60842,1,2026-01-23 04:00:00,2026-01-23 04:00:00,0.0737386934097064,0.0
1,12.983458,77.607447,1,2026-01-30 11:00:00,2026-01-30 11:00:00,0.0,0.0
1,12.983522,77.609445,1,2026-01-13 12:00:00,2026-01-13 12:00:00,0.0,0.0
1,12.983545,77.60277,1,2026-01-06 05:00:00,2026-01-06 05:00:00,0.0,0.0
1,12.983713,77.60814,1,2026-01-01 12:00:00,2026-01-01 12:00:00,0.0,0.0
1,12.983736,77.607878,1,2026-01-12 17:00:00,2026-01-12 17:00:00,0.0,0.0
1,12.983789,77.61114,1,2026-01-07 18:00:00,2026-01-07 18:00:00,0.09910774058825822,0.0
1,12.983793,77.606383,1,2026-01-18 05:00:00,2026-01-18 05:00:00,0.05477236975989375,0.0
1,12.98382,77.610327,1,2026-01-06 17:00:00,2026-01-06 17:00:00,0.050810856596665475,0.0
1,12.983831,77.612431,1,2026-01-24 05:00:00,2026-01-24 05:00:00,0.09988630272101695,0.0
1,12.983842,77.608756,1,2026-01-02 07:00:00,2026-01-02 07:00:00,0.0,0.0
1,12.98385,77.60615,1,2026-01-23 22:00:00,2026-01-23 22:00:00,0.0,0.0
1,12.983947,77.610734,1,2026-01-05 22:00:00,2026-01-05 22:00:00,0.0749311137566637,0.0
1,12.983967,77.607255,1,2026-01-05 04:00:00,2026-01-05 04:00:00,0.04016788473004945,0.0
1,12.983969,77.606015,1,2026-01-12 23:00:00,2026-01-12 23:00:00,0.034834139027470575,0.0
1,12.983988,77.60891,1,2026-01-28 03:00:00,2026-01-28 03:00:00,0.0,0.0
1,12.983989,77.609867,1,2026-01-24 05:00:00,2026-01-24 05:00:00,0.0,0.0
1,12.984028,77.608088,1,2026-01-04 03:00:00,2026-01-04 03:00:00,0.0,0.0
1,12.984076,77.604124,1,2026-01-29 04:00:00,2026-01-29 04:00:00,0.09523139692482177,0.0
1,12.984084,77.609658,1,2026-01-01 00:00:00,2026-01-01 00:00:00,0.0,0.0
1,12.984114,77.606227,1,2026-01-29 10:00:00,2026-01-29 10:00:00,0.050379570468576246,0.0
1,12.984126,77.605598,1,2026-01-02 19:00:00,2026-01-02 19:00:00,0.013378239910398668,0.0
1,12.98413,77.610581,1,2026-01-03 08:00:00,2026-01-03 08:00:00,0.0,0.0
1,12.984143,77.606967,1,2026-01-11 10:00:00,2026-01-11 10:00:00,0.0,0.0
1,12.984176,77.60484,1,2026-01-16 15:00:00,2026-01-16 15:00:00,0.12557177805747982,0.0
1,12.984177,77.606714,1,2026-01-24 23:00:00,2026-01-24 23:00:00,0.03542688434440292,0.0
1,12.984207,77.60953,1,2026-01-28 09:00:00,2026-01-28 09:00:00,0.012199589110099237,0.0
1,12.984391,77.609592,1,2026-01-25 18:00:00,2026-01-25 18:00:00,0.06448512007536898,0.0
1,12.984413,77.609394,1,2026-01-10 15:00:00,2026-01-10 15:00:00,0.0,0.0
1,12.984444,77.601643,1,2026-01-27 08:00:00,2026-01-27 08:00:00,0.1309743456442332,0.0
1,12.984452,77.607609,1,2026-01-04 15:00:00,2026-01-04 15:00:00,0.06100315968237715,0.0
1,12.984477,77.607828,1,2026-01-06 11:00:00,2026-01-06 11:00:00,0.09542256925818506,0.0
1,12.984531,77.604767,1,2026-01-10 09:00:00,2026-01-10 09:00:00,0.0,0.0
1,12.984537,77.607133,1,2026-01-28 03:00:00,2026-01-28 03:00:00,0.06249741116734634,0.0
1,12.984576,77.609737,1,2026-01-17 22:00:00,2026-01-17 22:00:00,0.0,0.0
1,12.984597,77.610036,1,2026-01-19 00:00:00,2026-01-19 00:00:00,0.0,0.0
1,12.984633,77.610828,1,2026-01-14 01:00:00,2026-01-14 01:00:00,0.1366320845353882,0.0
1,12.984649,77.607694,1,2026-01-18 23:00:00,2026-01-18 23:00:00,0.0,0.0
1,12.984663,77.606166,1,2026-01-29 10:00:00,2026-01-29 10:00:00,0.0,0.0
1,12.98473,77.610826,1,2026-01-29 16:00:00,2026-01-29 16:00:00,0.08646746912837872,0.0
1,12.984741,77.609312,1,2026-01-24 11:00:00,2026-01-24 11:00:00,0.0173404598798569,0.0
1,12.98476,77.608029,1,2026-01-18 17:00:00,2026-01-18 17:00:00,0.04104394046830622,0.0
1,12.984801,77.607899,1,2026-01-09 14:00:00,2026-01-09 14:00:00,0.10721056951149888,0.0
1,12.984821,77.609488,1,2026-01-13 00:00:00,2026-01-13 00:00:00,0.5149081540602617,0.0
1,12.984847,77.605588,1,2026-01-02 13:00:00,2026-01-02 13:00:00,0.0,0.0
1,12.984856,77.605777,1,2026-01-21 20:00:00,2026-01-21 20:00:00,0.03511634349418769,0.0
1,12.984947,77.608351,1,2026-01-13 00:00:00,2026-01-13 00:00:00,0.0,0.0
1,12.98495,77.604968,1,2026-01-24 17:00:00,2026-01-24 17:00:00,0.08068890740581117,0.0
1,12.984964,77.601997,1,2026-01-26 19:00:00,2026-01-26 19:00:00,0.07546465645001617,0.0
1,12.984965,77.607956,1,2026-01-26 01:00:00,2026-01-26 01:00:00,0.027571958941832182,0.0
1,12.985006,77.604185,1,2026-01-19 18:00:00,2026-01-19 18:00:00,0.0,0.0
1,12.985051,77.609812,1,2026-01-05 10:00:00,2026-01-05 10:00:00,0.0,0.0
1,12.985052,77.608424,1,2026-01-19 12:00:00,2026-01-19 12:00:00,0.020140623961235338,0.0
1,12.985061,77.610326,1,2026-01-07 18:00:00,2026-01-07 18:00:00,0.0,0.0
1,12.985094,77.605048,1,2026-01-06 05:00:00,2026-01-06 05:00:00,0.09224507769392824,0.0
1,12.9851,77.60698,1,2026-01-16 03:00:00,2026-01-16 03:00:00,0.06306963473955943,0.0
1,12.985112,77.608048,1,2026-01-08 19:00:00,2026-01-08 19:00:00,0.03639674601651536,0.0
1,12.985132,77.611409,1,2026-01-22 15:00:00,2026-01-22 15:00:00,0.08864166983711969,0.0
1,12.98515,77.607933,1,2026-01-06 11:00:00,2026-01-06 11:00:00,0.0,0.0
1,12.985178,77.606677,1,2026-01-04 09:00:00,2026-01-04 09:00:00,0.033772270373613696,0.0
1,12.985189,77.605774,1,2026-01-09 20:00:00,2026-01-09 20:00:00,0.0,0.0
1,12.985193,77.605953,1,2026-01-19 00:00:00,2026-01-19 00:00:00,0.2030489311251063,0.0
1,12.985194,77.607423,1,2026-01-05 10:00:00,2026-01-05 10:00:00,0.06427149158025881,0.0
1,12.985248,77.603972,1,2026-01-16 21:00:00,2026-01-16 21:00:00,0.0,0.0
1,12.985257,77.608211,1,2026-01-27 02:00:00,2026-01-27 02:00:00,0.09893014559546406,0.0
1,12.985318,77.608608,1,2026-01-02 13:00:00,2026-01-02 13:00:00,0.02752204243286238,0.0
1,12.985327,77.608715,1,2026-01-18 17:00:00,2026-01-18 17:00:00,0.0,0.0
1,12.985368,77.609271,1,2026-01-11 22:00:00,2026-01-11 22:00:00,0.0,0.0
1,12.985385,77.60711,1,2026-01-15 14:00:00,2026-01-15 14:00:00,0.1197980328704409,0.0
1,12.98542,77.610933,1,2026-01-15 20:00:00,2026-01-15 20:00:00,0.0,0.0
1,12.985421,77.607588,1,2026-01-15 02:00:00,2026-01-15 02:00:00,0.01758896978852736,0.0
1,12.985433,77.607837,1,2026-01-17 16:00:00,2026-01-17 16:00:00,0.0,0.0
1,12.985445,77.607337,1,2026-01-15 20:00:00,2026-01-15 20:00:00,0.019288775602611503,0.0
1,12.985476,77.608176,1,2026-01-10 09:00:00,2026-01-10 09:00:00,0.08295218571653133,0.0
1,12.985482,77.604914,1,2026-01-09 02:00:00,2026-01-09 02:00:00,0.07353739250240529,0.0
1,12.98551,77.607808,1,2026-01-13 12:00:00,2026-01-13 12:00:00,0.07365738293071691,0.0
1,12.985515,77.609483,1,2026-01-26 07:00:00,2026-01-26 07:00:00,0.0,0.0
1,12.985622,77.60807,1,2026-01-19 06:00:00,2026-01-19 06:00:00,0.041135635456572624,0.0
1,12.985668,77.608697,1,2026-01-17 10:00:00,2026-01-17 10:00:00,0.08829843214075646,0.0
1,12.98567,77.606322,1,2026-01-15 14:00:00,2026-01-15 14:00:00,0.0,0.0
1,12.98572,77.612224,1,2026-01-30 17:00:00,2026-01-30 17:00:00,0.09806340244341037,0.0
1,12.985749,77.6086,1,2026-01-08 01:00:00,2026-01-08 01:00:00,0.02954860411939309,0.0
1,12.985831,77.606184,1,2026-01-08 07:00:00,2026-01-08 07:00:00,0.0,0.0
1,12.98584,77.608654,1,2026-01-03 02:00:00,2026-01-03 02:00:00,0.05572115151453277,0.0
1,12.985887,77.609305,1,2026-01-06 23:00:00,2026-01-06 23:00:00,0.1423929171361877,0.0
1,12.985913,77.608979,1,2026-01-14 07:00:00,2026-01-14 07:00:00,0.09610201148372605,0.0
1,12.985983,77.60971,1,2026-01-23 10:00:00,2026-01-23 10:00:00,0.054754809697961794,0.0
1,12.98601,77.606738,1,2026-01-27 14:00:00,2026-01-27 14:00:00,0.08773260845034575,0.0
1,12.986051,77.608517,1,2026-01-27 02:00:00,2026-01-27 02:00:00,0.0,0.0
1,12.986078,77.604595,1,2026-01-09 14:00:00,2026-01-09 14:00:00,0.0,0.0
1,12.986083,77.605668,1,2026-01-29 22:00:00,2026-01-29 22:00:00,0.09893567913923497,0.0
1,12.986108,77.608317,1,2026-01-28 09:00:00,2026-01-28 09:00:00,0.0,0.0
1,12.986122,77.607184,1,2026-01-21 14:00:00,2026-01-21 14:00:00,0.12218864459190554,0.0
1,12.986129,77.60856,1,2026-01-19 06:00:00,2026-01-19 06:00:00,0.0,0.0
1,12.986149,77.605888,1,2026-01-26 13:00:00,2026-01-26 13:00:00,0.0677285132331995,0.0
1,12.986162,77.607602,1,2026-01-17 22:00:00,2026-01-17 22:00:00,0.014210763343769696,0.0
1,12.986203,77.606767,1,2026-01-23 04:00:00,2026-01-23 04:00:00,0.0,0.0
1,12.986256,77.607379,1,2026-01-20 19:00:00,2026-01-20 19:00:00,0.0,0.0
1,12.986276,77.607688,1,2026-01-02 01:00:00,2026-01-02 01:00:00,0.06248726354050714,0.0
1,12.98629,77.609141,1,2026-01-20 07:00:00,2026-01-20 07:00:00,0.0,0.0
1,12.986311,77.611563,1,2026-01-25 06:00:00,2026-01-25 06:00:00,0.08190076846515895,0.0
1,12.986357,77.606432,1,2026-01-10 15:00:00,2026-01-10 15:00:00,0.04584776438201277,0.0
1,12.986393,77.60255,1,2026-01-30 23:00:00,2026-01-30 23:00:00,0.17991874860179743,0.0
1,12.986441,77.605993,1,2026-01-23 16:00:00,2026-01-23 16:00:00,0.06948428432592259,0.0
1,12.986459,77.606843,1,2026-01-04 21:00:00,2026-01-04 21:00:00,0.02128656849767228,0.0
1,12.986486,77.60799,1,2026-01-04 15:00:00,2026-01-04 15:00:00,0.0,0.0
1,12.986519,77.607721,1,2026-01-14 19:00:00,2026-01-14 19:00:00,0.0,0.0
1,12.986533,77.609269,1,2026-01-30 05:00:00,2026-01-30 05:00:00,0.0577116000361164,0.0
1,12.98656,77.606787,1,2026-01-22 21:00:00,2026-01-22 21:00:00,0.08975301900063815,0.0
1,12.986717,77.60692,1,2026-01-08 13:00:00,2026-01-08 13:00:00,0.0,0.0
1,12.986752,77.609275,1,2026-01-30 11:00:00,2026-01-30 11:00:00,0.07161047590339702,0.0
1,12.986783,77.610154,1,2026-01-12 11:00:00,2026-01-12 11:00:00,0.07388941111369997,0.0
1,12.986807,77.606575,1,2026-01-29 04:00:00,2026-01-29 04:00:00,0.0,0.0
1,12.986852,77.60817,1,2026-01-16 15:00:00,2026-01-16 15:00:00,0.0,0.0
1,12.986864,77.610448,1,2026-01-14 13:00:00,2026-01-14 13:00:00,0.03246760179367216,0.0
1,12.986899,77.606285,1,2026-01-07 00:00:00,2026-01-07 00:00:00,0.35455977469466676,0.0
1,12.986957,77.60777,1,2026-01-18 11:00:00,2026-01-18 11:00:00,0.055445661187981034,0.0
1,12.986984,77.607847,1,2026-01-12 17:00:00,2026-01-12 17:00:00,0.018210311687439484,0.0
1,12.98699,77.608628,1,2026-01-07 06:00:00,2026-01-07 06:00:00,0.0,0.0
1,12.987022,77.607608,1,2026-01-20 07:00:00,2026-01-20 07:00:00,0.0784488138522456,0.0
1,12.987028,77.603983,1,2026-01-10 03:00:00,2026-01-10 03:00:00,0.04082298430811705,0.0
1,12.987106,77.610339,1,2026-01-07 12:00:00,2026-01-07 12:00:00,0.03181762517289209,0.0
1,12.987209,77.605952,1,2026-01-21 02:00:00,2026-01-21 02:00:00,0.0,0.0
1,12.987261,77.605449,1,2026-01-30 05:00:00,2026-01-30 05:00:00,0.0,0.0
1,12.987267,77.610526,1,2026-01-09 20:00:00,2026-01-09 20:00:00,0.1122292375536098,0.0
1,12.987313,77.611345,1,2026-01-13 06:00:00,2026-01-13 06:00:00,0.07079985061420153,0.0
1,12.987369,77.608002,1,2026-01-16 21:00:00,2026-01-16 21:00:00,0.01008579746343231,0.0
1,12.987465,77.607714,1,2026-01-03 14:00:00,2026-01-03 14:00:00,0.0,0.0
1,12.987501,77.607373,1,2026-01-08 07:00:00,2026-01-08 07:00:00,0.039684330948083,0.0
1,12.987501,77.609917,1,2026-01-28 15:00:00,2026-01-28 15:00:00,0.03935952689692682,0.0
1,12.98752,77.611423,1,2026-01-19 18:00:00,2026-01-19 18:00:00,0.07206011724552132,0.0
1,12.987584,77.606958,1,2026-01-07 06:00:00,2026-01-07 06:00:00,0.01781655260553147,0.0
1,12.987652,77.603156,1,2026-01-17 16:00:00,2026-01-17 16:00:00,0.10919537025820321,0.0
1,12.987654,77.609862,1,2026-01-05 04:00:00,2026-01-05 04:00:00,0.0,0.0
1,12.987672,77.604928,1,2026-01-26 07:00:00,2026-01-26 07:00:00,0.12737557882015263,0.0
1,12.987753,77.608801,1,2026-01-20 01:00:00,2026-01-20 01:00:00,0.08542286734578657,0.0
1,12.987755,77.605072,1,2026-01-22 03:00:00,2026-01-22 03:00:00,0.0,0.0
1,12.987922,77.608136,1,2026-01-12 11:00:00,2026-01-12 11:00:00,0.0,0.0
1,12.987933,77.611058,1,2026-01-27 08:00:00,2026-01-27 08:00:00,0.0,0.0
1,12.988087,77.607517,1,2026-01-20 19:00:00,2026-01-20 19:00:00,0.1078973004152951,0.0
1,12.988094,77.607893,1,2026-01-10 21:00:00,2026-01-10 21:00:00,0.07375448706067107,0.0
1,12.988131,77.605655,1,2026-01-18 23:00:00,2026-01-18 23:00:00,0.07700419239254468,0.0
1,12.988166,77.608498,1,2026-01-28 21:00:00,2026-01-28 21:00:00,0.029074831525196784,0.0
1,12.988587,77.60368,1,2026-01-20 01:00:00,2026-01-20 01:00:00,0.0,0.0
1,12.988602,77.60669,1,2026-01-05 16:00:00,2026-01-05 16:00:00,0.08772506699972392,0.0
1,12.988614,77.610257,1,2026-01-18 05:00:00,2026-01-18 05:00:00,0.0,0.0
1,12.988723,77.609093,1,2026-01-07 12:00:00,2026-01-07 12:00:00,0.0,0.0
1,12.988864,77.60598,1,2026-01-09 08:00:00,2026-01-09 08:00:00,0.06579054903794637,0.0
1,12.988908,77.607002,1,2026-01-08 13:00:00,2026-01-08 13:00:00,0.0590714737256526,0.0
1,12.988997,77.603926,1,2026-01-09 08:00:00,2026-01-09 08:00:00,0.0,0.0
1,12.98918,77.606264,1,2026-01-25 00:00:00,2026-01-25 00:00:00,0.9501518321659214,0.0
1,12.990091,77.6082,1,2026-01-16 03:00:00,2026-01-16 03:00:00,0.0,0.0
1,12.990158,77.608006,1,2026-01-16 09:00:00,2026-01-16 09:00:00,0.003807955847693641,0.0
2,12.947211,77.610661,1,2026-01-05 16:00:00,2026-01-05 16:00:00,0.1172052262356321,0.0
2,12.94757,77.612509,1,2026-01-21 02:00:00,2026-01-21 02:00:00,0.09463009407445015,0.0
2,12.947625,77.613817,1,2026-01-11 04:00:00,2026-01-11 04:00:00,0.12362328499056793,0.0
2,12.948068,77.612003,1,2026-01-06 05:00:00,2026-01-06 05:00:00,0.10420628882349312,0.0
2,12.948232,77.611205,1,2026-01-13 00:00:00,2026-01-13 00:00:00,0.0,0.0
2,12.948819,77.615315,1,2026-01-12 11:00:00,2026-01-12 11:00:00,0.0,0.0
2,12.948941,77.610999,1,2026-01-14 13:00:00,2026-01-14 13:00:00,0.0,0.0
2,12.949327,77.610364,1,2026-01-13 12:00:00,2026-01-13 12:00:00,0.0,0.0
2,12.949384,77.614709,1,2026-01-16 03:00:00,2026-01-16 03:00:00,0.0,0.0
2,12.949737,77.613725,1,2026-01-11 16:00:00,2026-01-11 16:00:00,0.0,0.0
2,12.949761,77.614345,1,2026-01-15 14:00:00,2026-01-15 14:00:00,0.0,0.0
2,12.949902,77.611995,1,2026-01-23 22:00:00,2026-01-23 22:00:00,0.13130287198895632,0.0
2,12.949982,77.611109,1,2026-01-05 04:00:00,2026-01-05 04:00:00,0.0,0.0
2,12.950185,77.612515,1,2026-01-11 16:00:00,2026-01-11 16:00:00,0.036495708300946464,0.0
2,12.950399,77.611714,1,2026-01-01 12:00:00,2026-01-01 12:00:00,0.08438139424322112,0.0
2,12.950414,77.611643,1,2026-01-02 13:00:00,2026-01-02 13:00:00,0.06856136252377144,0.0
2,12.950678,77.609615,1,2026-01-24 17:00:00,2026-01-24 17:00:00,0.13087167831524868,0.0
2,12.95069,77.609705,1,2026-01-13 18:00:00,2026-01-13 18:00:00,0.028088852072924272,0.0
2,12.95072,77.612365,1,2026-01-25 12:00:00,2026-01-25 12:00:00,0.0390483848562162,0.0
2,12.950752,77.611064,1,2026-01-03 08:00:00,2026-01-03 08:00:00,0.08346645456129954,0.0
2,12.950796,77.615925,1,2026-01-14 01:00:00,2026-01-14 01:00:00,0.12710575225492518,0.0
2,12.950858,77.611313,1,2026-01-18 05:00:00,2026-01-18 05:00:00,0.0,0.0
2,12.951008,77.609421,1,2026-01-12 17:00:00,2026-01-12 17:00:00,0.0,0.0
2,12.951017,77.611323,1,2026-01-11 10:00:00,2026-01-11 10:00:00,0.07811305882778426,0.0
2,12.951053,77.613724,1,2026-01-17 04:00:00,2026-01-17 04:00:00,0.08858762902250529,0.0
2,12.951072,77.609429,1,2026-01-02 01:00:00,2026-01-02 01:00:00,0.0,0.0
2,12.9511,77.610768,1,2026-01-07 12:00:00,2026-01-07 12:00:00,0.0,0.0
2,12.951173,77.612571,1,2026-01-06 17:00:00,2026-01-06 17:00:00,0.0998848833419372,0.0
2,12.951218,77.610841,1,2026-01-11 10:00:00,2026-01-11 10:00:00,0.0,0.0
2,12.951295,77.614506,1,2026-01-25 00:00:00,2026-01-25 00:00:00,0.6553984735049202,0.0
2,12.95141,77.613761,1,2026-01-22 15:00:00,2026-01-22 15:00:00,0.05122564581668865,0.0
2,12.951427,77.611317,1,2026-01-02 01:00:00,2026-01-02 01:00:00,0.07277415888593433,0.0
2,12.951466,77.614699,1,2026-01-26 07:00:00,2026-01-26 07:00:00,0.0,0.0
2,12.951507,77.614235,1,2026-01-23 22:00:00,2026-01-23 22:00:00,0.0,0.0
2,12.951591,77.607972,1,2026-01-13 18:00:00,2026-01-13 18:00:00,0.0,0.0
2,12.951678,77.607613,1,2026-01-06 11:00:00,2026-01-06 11:00:00,0.09939246303396711,0.0
2,12.951784,77.614259,1,2026-01-15 08:00:00,2026-01-15 08:00:00,0.08339216248511654,0.0
2,12.951834,77.610669,1,2026-01-16 03:00:00,2026-01-16 03:00:00,0.09189958298372089,0.0
2,12.951922,77.608691,1,2026-01-04 15:00:00,2026-01-04 15:00:00,0.10658118934995246,0.0
2,12.951991,77.610725,1,2026-01-18 17:00:00,2026-01-18 17:00:00,0.13559246425974852,0.0
2,12.952014,77.61293,1,2026-01-09 14:00:00,2026-01-09 14:00:00,0.0,0.0
2,12.952025,77.612114,1,2026-01-04 15:00:00,2026-01-04 15:00:00,0.0,0.0
2,12.952025,77.612821,1,2026-01-21 14:00:00,2026-01-21 14:00:00,0.032580271419770754,0.0
2,12.952038,77.610575,1,2026-01-27 14:00:00,2026-01-27 14:00:00,0.020109553944480784,0.0
2,12.95205,77.612948,1,2026-01-28 09:00:00,2026-01-28 09:00:00,0.07119612919131002,0.0
2,12.952085,77.614625,1,2026-01-23 10:00:00,2026-01-23 10:00:00,0.08678156410526594,0.0
2,12.952171,77.614283,1,2026-01-13 12:00:00,2026-01-13 12:00:00,0.04927187254121639,0.0
2,12.952184,77.611649,1,2026-01-27 08:00:00,2026-01-27 08:00:00,0.0,0.0
2,12.952285,77.612979,1,2026-01-24 23:00:00,2026-01-24 23:00:00,0.0691692179547498,0.0
2,12.952295,77.606996,1,2026-01-05 22:00:00,2026-01-05 22:00:00,0.15977871279832842,0.0
2,12.952343,77.614548,1,2026-01-21 08:00:00,2026-01-21 08:00:00,0.08855763325130434,0.0
2,12.952363,77.61191,1,2026-01-03 14:00:00,2026-01-03 14:00:00,0.0,0.0
2,12.952372,77.611704,1,2026-01-12 11:00:00,2026-01-12 11:00:00,0.09655460021753672,0.0
2,12.952387,77.607326,1,2026-01-06 11:00:00,2026-01-06 11:00:00,0.0,0.0
2,12.952413,77.609846,1,2026-01-16 21:00:00,2026-01-16 21:00:00,0.000382036515715856,0.0
2,12.952423,77.609864,1,2026-01-16 15:00:00,2026-01-16 15:00:00,0.0,0.0
2,12.952438,77.614385,1,2026-01-25 06:00:00,2026-01-25 06:00:00,0.0581130710043578,0.0
2,12.952439,77.612583,1,2026-01-03 02:00:00,2026-01-03 02:00:00,0.05768236369276124,0.0
2,12.952472,77.612217,1,2026-01-20 19:00:00,2026-01-20 19:00:00,0.08593808869582993,0.0
2,12.952669,77.612277,1,2026-01-12 23:00:00,2026-01-12 23:00:00,0.06129808224618599,0.0
2,12.952674,77.614102,1,2026-01-11 22:00:00,2026-01-11 22:00:00,0.05493822768273146,0.0
2,12.952681,77.612875,1,2026-01-08 13:00:00,2026-01-08 13:00:00,0.09450777530616838,0.0
2,12.952712,77.611683,1,2026-01-13 06:00:00,2026-01-13 06:00:00,0.0835907127166184,0.0
2,12.952731,77.610823,1,2026-01-12 17:00:00,2026-01-12 17:00:00,0.11051591355312239,0.0
2,12.952779,77.611929,1,2026-01-25 06:00:00,2026-01-25 06:00:00,0.0,0.0
2,12.9528,77.615332,1,2026-01-03 14:00:00,2026-01-03 14:00:00,0.06019899116621141,0.0
2,12.952881,77.610465,1,2026-01-15 14:00:00,2026-01-15 14:00:00,0.07327473347558391,0.0
2,12.952966,77.612882,1,2026-01-08 19:00:00,2026-01-08 19:00:00,0.0,0.0
2,12.952975,77.61541,1,2026-01-26 19:00:00,2026-01-26 19:00:00,0.09150971959361669,0.0
2,12.952978,77.611872,1,2026-01-29 04:00:00,2026-01-29 04:00:00,0.0,0.0
2,12.953055,77.613686,1,2026-01-24 05:00:00,2026-01-24 05:00:00,0.026119952695968975,0.0
2,12.953071,77.613906,1,2026-01-09 08:00:00,2026-01-09 08:00:00,0.09998563300493955,0.0
2,12.953091,77.612057,1,2026-01-19 18:00:00,2026-01-19 18:00:00,0.0,0.0
2,12.95317,77.612758,1,2026-01-05 10:00:00,2026-01-05 10:00:00,0.0,0.0
2,12.953174,77.612757,1,2026-01-06 05:00:00,2026-01-06 05:00:00,0.0,0.0
2,12.953179,77.610813,1,2026-01-14 01:00:00,2026-01-14 01:00:00,0.0,0.0
2,12.953185,77.608647,1,2026-01-22 21:00:00,2026-01-22 21:00:00,0.10043442363975756,0.0
2,12.953225,77.60835,1,2026-01-26 07:00:00,2026-01-26 07:00:00,0.09336501339475133,0.0
2,12.953291,77.613749,1,2026-01-04 03:00:00,2026-01-04 03:00:00,0.0,0.0
2,12.953325,77.611381,1,2026-01-25 00:00:00,2026-01-25 00:00:00,0.0,0.0
2,12.953336,77.611707,1,2026-01-16 15:00:00,2026-01-16 15:00:00,0.01735459798296422,0.0
2,12.953339,77.613678,1,2026-01-27 20:00:00,2026-01-27 20:00:00,0.06242641144668262,0.0
2,12.953362,77.612883,1,2026-01-02 07:00:00,2026-01-02 07:00:00,0.07688832635705167,0.0
2,12.953363,77.610772,1,2026-01-16 09:00:00,2026-01-16 09:00:00,0.10385295246108772,0.0
2,12.953508,77.610561,1,2026-01-01 12:00:00,2026-01-01 12:00:00,0.0,0.0
2,12.953519,77.612375,1,2026-01-20 19:00:00,2026-01-20 19:00:00,0.0,0.0
2,12.953521,77.612477,1,2026-01-22 03:00:00,2026-01-22 03:00:00,0.0,0.0
2,12.953534,77.612913,1,2026-01-11 22:00:00,2026-01-11 22:00:00,0.0,0.0
2,12.953543,77.610756,1,2026-01-14 07:00:00,2026-01-14 07:00:00,0.006835713752214506,0.0
2,12.953554,77.614096,1,2026-01-07 06:00:00,2026-01-07 06:00:00,0.05426279415370663,0.0
2,12.95357,77.614712,1,2026-01-04 09:00:00,2026-01-04 09:00:00,0.018601601978403947,0.0
2,12.953583,77.611613,1,2026-01-12 23:00:00,2026-01-12 23:00:00,0.0,0.0
2,12.9536,77.614209,1,2026-01-20 01:00:00,2026-01-20 01:00:00,0.0,0.0
2,12.953608,77.609873,1,2026-01-08 01:00:00,2026-01-08 01:00:00,0.05044799883436837,0.0
2,12.953629,77.613157,1,2026-01-18 23:00:00,2026-01-18 23:00:00,0.0,0.0
2,12.953645,77.613311,1,2026-01-10 15:00:00,2026-01-10 15:00:00,0.0,0.0
2,12.953646,77.609823,1,2026-01-10 09:00:00,2026-01-10 09:00:00,0.06340940082922532,0.0
2,12.953671,77.611852,1,2026-01-17 04:00:00,2026-01-17 04:00:00,0.0,0.0
2,12.953725,77.612222,1,2026-01-03 08:00:00,2026-01-03 08:00:00,0.0,0.0
2,12.953759,77.609976,1,2026-01-20 01:00:00,2026-01-20 01:00:00,0.034757057698693264,0.0
2,12.953804,77.614866,1,2026-01-01 00:00:00,2026-01-01 00:00:00,0.0,0.0
2,12.953971,77.611659,1,2026-01-13 00:00:00,2026-01-13 00:00:00,0.043494648622252274,0.0
2,12.954027,77.614641,1,2026-01-22 09:00:00,2026-01-22 09:00:00,0.04123238635678962,0.0
2,12.954037,77.611922,1,2026-01-27 08:00:00,2026-01-27 08:00:00,0.0360348722529757,0.0
2,12.954058,77.612257,1,2026-01-02 07:00:00,2026-01-02 07:00:00,0.0,0.0
2,12.954067,77.613864,1,2026-01-27 02:00:00,2026-01-27 02:00:00,0.0,0.0
2,12.954076,77.61414,1,2026-01-22 03:00:00,2026-01-22 03:00:00,0.12567123156645013,0.0
2,12.954085,77.612591,1,2026-01-07 06:00:00,2026-01-07 06:00:00,0.0,0.0
2,12.954147,77.61442,1,2026-01-18 17:00:00,2026-01-18 17:00:00,0.0,0.0
2,12.954158,77.614617,1,2026-01-10 09:00:00,2026-01-10 09:00:00,0.0,0.0
2,12.954162,77.61245,1,2026-01-06 17:00:00,2026-01-06 17:00:00,0.0,0.0
2,12.954183,77.610293,1,2026-01-01 00:00:00,2026-01-01 00:00:00,0.0,0.0
2,12.954194,77.611759,1,2026-01-09 20:00:00,2026-01-09 20:00:00,0.045912063071828435,0.0
2,12.954218,77.608196,1,2026-01-03 02:00:00,2026-01-03 02:00:00,0.0,0.0
2,12.954289,77.610656,1,2026-01-26 13:00:00,2026-01-26 13:00:00,0.09148727116333377,0.0
2,12.954325,77.611848,1,2026-01-18 23:00:00,2026-01-18 23:00:00,0.047833314393157376,0.0
2,12.954426,77.612117,1,2026-01-22 21:00:00,2026-01-22 21:00:00,0.0,0.0
2,12.954439,77.612375,1,2026-01-19 06:00:00,2026-01-19 06:00:00,0.0,0.0
2,12.954528,77.612367,1,2026-01-09 14:00:00,2026-01-09 14:00:00,0.0512838599790246,0.0
2,12.954546,77.612163,1,2026-01-05 10:00:00,2026-01-05 10:00:00,0.08690610276231715,0.0
2,12.954555,77.610489,1,2026-01-14 19:00:00,2026-01-14 19:00:00,0.0,0.0
2,12.954559,77.609226,1,2026-01-07 18:00:00,2026-01-07 18:00:00,0.07026410906232429,0.0
2,12.95459,77.612242,1,2026-01-27 02:00:00,2026-01-27 02:00:00,0.056549023806093945,0.0
2,12.954638,77.609856,1,2026-01-30 11:00:00,2026-01-30 11:00:00,0.0,0.0
2,12.954704,77.61316,1,2026-01-26 01:00:00,2026-01-26 01:00:00,0.0,0.0
2,12.954765,77.610435,1,2026-01-21 02:00:00,2026-01-21 02:00:00,0.0,0.0
2,12.954767,77.610447,1,2026-01-01 06:00:00,2026-01-01 06:00:00,0.0,0.0
2,12.954793,77.614066,1,2026-01-14 13:00:00,2026-01-14 13:00:00,0.06564472430536396,0.0
2,12.954807,77.613451,1,2026-01-25 18:00:00,2026-01-25 18:00:00,0.07845880886990875,0.0
2,12.954832,77.614769,1,2026-01-14 19:00:00,2026-01-14 19:00:00,0.12976300147882572,0.0
2,12.954853,77.610244,1,2026-01-17 16:00:00,2026-01-17 16:00:00,0.0,0.0
2,12.954858,77.606943,1,2026-01-23 16:00:00,2026-01-23 16:00:00,0.1515282128510738,0.0
2,12.954905,77.612768,1,2026-01-07 18:00:00,2026-01-07 18:00:00,0.0,0.0
2,12.954908,77.61133,1,2026-01-17 10:00:00,2026-01-17 10:00:00,0.024910245925135355,0.0
2,12.954922,77.611041,1,2026-01-15 02:00:00,2026-01-15 02:00:00,0.0,0.0
2,12.954945,77.61519,1,2026-01-05 16:00:00,2026-01-05 16:00:00,0.0,0.0
2,12.954954,77.612014,1,2026-01-30 23:00:00,2026-01-30 23:00:00,0.07577867512102315,0.0
2,12.955035,77.610903,1,2026-01-19 00:00:00,2026-01-19 00:00:00,0.2957291175237857,0.0
2,12.955067,77.616156,1,2026-01-12 05:00:00,2026-01-12 05:00:00,0.057044809879687006,0.0
2,12.955077,77.611604,1,2026-01-10 21:00:00,2026-01-10 21:00:00,0.0,0.0
2,12.955125,77.612177,1,2026-01-08 19:00:00,2026-01-08 19:00:00,0.10214864168759213,0.0
2,12.955207,77.611142,1,2026-01-23 04:00:00,2026-01-23 04:00:00,0.0,0.0
2,12.95522,77.61403,1,2026-01-04 21:00:00,2026-01-04 21:00:00,0.06911977288511763,0.0
2,12.955265,77.612428,1,2026-01-03 20:00:00,2026-01-03 20:00:00,0.05469278472161743,0.0
2,12.955337,77.612206,1,2026-01-05 04:00:00,2026-01-05 04:00:00,0.029066425118976554,0.0
2,12.955369,77.612956,1,2026-01-29 10:00:00,2026-01-29 10:00:00,0.0,0.0
2,12.955386,77.610001,1,2026-01-15 02:00:00,2026-01-15 02:00:00,0.015325478723871527,0.0
2,12.955424,77.614776,1,2026-01-28 03:00:00,2026-01-28 03:00:00,0.0,0.0
2,12.955437,77.609787,1,2026-01-04 03:00:00,2026-01-04 03:00:00,0.04208842191746299,0.0
2,12.955526,77.610347,1,2026-01-20 07:00:00,2026-01-20 07:00:00,0.08006901605828469,0.0
2,12.955579,77.611787,1,2026-01-08 07:00:00,2026-01-08 07:00:00,0.050973530106223186,0.0
2,12.955605,77.612011,1,2026-01-07 00:00:00,2026-01-07 00:00:00,0.3076689258843443,0.0
2,12.955628,77.616266,1,2026-01-30 05:00:00,2026-01-30 05:00:00,0.0663628496049392,0.0
2,12.955702,77.610602,1,2026-01-24 23:00:00,2026-01-24 23:00:00,0.0,0.0
2,12.955777,77.60883,1,2026-01-08 07:00:00,2026-01-08 07:00:00,0.0,0.0
2,12.955783,77.61164,1,2026-01-17 16:00:00,2026-01-17 16:00:00,0.017222900541015215,0.0
2,12.955783,77.613988,1,2026-01-02 19:00:00,2026-01-02 19:00:00,0.08129767719230448,0.0
2,12.955799,77.61293,1,2026-01-04 09:00:00,2026-01-04 09:00:00,0.0,0.0
2,12.955822,77.613193,1,2026-01-21 20:00:00,2026-01-21 20:00:00,0.07078429305767837,0.0
2,12.955845,77.616,1,2026-01-30 17:00:00,2026-01-30 17:00:00,0.11617051550250808,0.0
2,12.955894,77.614704,1,2026-01-24 05:00:00,2026-01-24 05:00:00,0.0,0.0
2,12.955963,77.611922,1,2026-01-01 18:00:00,2026-01-01 18:00:00,0.05207952723454116,0.0
2,12.955992,77.612472,1,2026-01-28 21:00:00,2026-01-28 21:00:00,0.01358418255083152,0.0
2,12.956018,77.614299,1,2026-01-23 04:00:00,2026-01-23 04:00:00,0.04295416764555727,0.0
2,12.956047,77.610374,1,2026-01-15 20:00:00,2026-01-15 20:00:00,0.13794829042798176,0.0
2,12.956084,77.614733,1,2026-01-06 23:00:00,2026-01-06 23:00:00,0.055369105920422663,0.0
2,12.9561,77.614127,1,2026-01-24 11:00:00,2026-01-24 11:00:00,0.011367077866545583,0.0
2,12.95628,77.611798,1,2026-01-16 21:00:00,2026-01-16 21:00:00,0.0,0.0
2,12.956314,77.611628,1,2026-01-10 15:00:00,2026-01-10 15:00:00,0.06837716912787219,0.0
2,12.956453,77.608807,1,2026-01-01 06:00:00,2026-01-01 06:00:00,0.1226888628366543,0.0
2,12.956498,77.614081,1,2026-01-15 20:00:00,2026-01-15 20:00:00,0.0,0.0
2,12.956512,77.614135,1,2026-01-30 11:00:00,2026-01-30 11:00:00,0.08654086933581562,0.0
2,12.956515,77.609506,1,2026-01-26 01:00:00,2026-01-26 01:00:00,0.0683643260714941,0.0
2,12.956607,77.611647,1,2026-01-29 04:00:00,2026-01-29 04:00:00,0.016364109545769116,0.0
2,12.956698,77.612666,1,2026-01-28 15:00:00,2026-01-28 15:00:00,0.036594642827680116,0.0
2,12.956713,77.611331,1,2026-01-10 03:00:00,2026-01-10 03:00:00,0.03238903334065302,0.0
2,12.956771,77.615462,1,2026-01-17 22:00:00,2026-01-17 22:00:00,0.0,0.0
2,12.956776,77.612254,1,2026-01-29 22:00:00,2026-01-29 22:00:00,0.06467709031149331,0.0
2,12.956851,77.611148,1,2026-01-20 07:00:00,2026-01-20 07:00:00,0.0,0.0
2,12.956921,77.614189,1,2026-01-10 21:00:00,2026-01-10 21:00:00,0.06292578467168816,0.0
2,12.956967,77.613335,1,2026-01-20 13:00:00,2026-01-20 13:00:00,0.04063317665107417,0.0
2,12.95697,77.60977,1,2026-01-02 13:00:00,2026-01-02 13:00:00,0.0,0.0
2,12.957074,77.609888,1,2026-01-29 10:00:00,2026-01-29 10:00:00,0.08444003372262794,0.0
2,12.95718,77.610887,1,2026-01-07 12:00:00,2026-01-07 12:00:00,0.06555037604766276,0.0
2,12.957189,77.611619,1,2026-01-09 08:00:00,2026-01-09 08:00:00,0.0,0.0
2,12.957284,77.613286,1,2026-01-09 20:00:00,2026-01-09 20:00:00,0.0,0.0
2,12.957285,77.613452,1,2026-01-28 03:00:00,2026-01-28 03:00:00,0.06285551125085895,0.0
2,12.957404,77.612574,1,2026-01-18 05:00:00,2026-01-18 05:00:00,0.047017713572021606,0.0
2,12.95764,77.612152,1,2026-01-19 00:00:00,2026-01-19 00:00:00,0.0,0.0
2,12.957773,77.611632,1,2026-01-17 22:00:00,2026-01-17 22:00:00,0.059984806073286545,0.0
2,12.957818,77.611163,1,2026-01-19 06:00:00,2026-01-19 06:00:00,0.018644069176122022,0.0
2,12.957826,77.613822,1,2026-01-19 12:00:00,2026-01-19 12:00:00,0.06833466956300623,0.0
2,12.957843,77.616965,1,2026-01-08 13:00:00,2026-01-08 13:00:00,0.0,0.0
2,12.957967,77.611654,1,2026-01-09 02:00:00,2026-01-09 02:00:00,0.08189274297929791,0.0
2,12.958042,77.609006,1,2026-01-29 16:00:00,2026-01-29 16:00:00,0.0884887593932296,0.0
2,12.958228,77.610735,1,2026-01-19 18:00:00,2026-01-19 18:00:00,0.057757730564483446,0.0
2,12.958274,77.613852,1,2026-01-28 09:00:00,2026-01-28 09:00:00,0.0,0.0
2,12.958416,77.607536,1,2026-01-21 20:00:00,2026-01-21 20:00:00,0.0,0.0
2,12.959242,77.611638,1,2026-01-18 11:00:00,2026-01-18 11:00:00,0.15566797396812415,0.0
2,12.9599,77.610929,1,2026-01-30 05:00:00,2026-01-30 05:00:00,0.0,0.0
3,12.988957,77.563782,1,2026-01-21 14:00:00,2026-01-21 14:00:00,0.03393023738963042,0.0
3,12.989747,77.557823,1,2026-01-05 16:00:00,2026-01-05 16:00:00,0.0,0.0
3,12.990118,77.565195,1,2026-01-21 08:00:00,2026-01-21 08:00:00,0.029243408280381106,0.0
3,12.99031,77.563277,1,2026-01-03 02:00:00,2026-01-03 02:00:00,0.059996883464092925,0.0
3,12.99041,77.566951,1,2026-01-23 22:00:00,2026-01-23 22:00:00,0.0,0.0
3,12.990516,77.562402,1,2026-01-06 11:00:00,2026-01-06 11:00:00,0.0,0.0
3,12.9909,77.565204,1,2026-01-01 00:00:00,2026-01-01 00:00:00,0.0,0.0
3,12.991273,77.562872,1,2026-01-03 02:00:00,2026-01-03 02:00:00,0.0,0.0
3,12.991296,77.562888,1,2026-01-25 00:00:00,2026-01-25 00:00:00,0.0,0.0
3,12.991372,77.56415,1,2026-01-12 23:00:00,2026-01-12 23:00:00,0.0,0.0
3,12.991378,77.559603,1,2026-01-02 07:00:00,2026-01-02 07:00:00,0.0,0.0
3,12.991429,77.56607,1,2026-01-21 02:00:00,2026-01-21 02:00:00,0.0,0.0
3,12.991453,77.564401,1,2026-01-25 12:00:00,2026-01-25 12:00:00,0.050517987539877345,0.0
3,12.991663,77.56011,1,2026-01-12 17:00:00,2026-01-12 17:00:00,0.0,0.0
3,12.991666,77.562019,1,2026-01-11 16:00:00,2026-01-11 16:00:00,0.03784033182050984,0.0
3,12.99167,77.56477,1,2026-01-14 13:00:00,2026-01-14 13:00:00,0.0,0.0
3,12.991729,77.566706,1,2026-01-12 11:00:00,2026-01-12 11:00:00,0.0,0.0
3,12.991831,77.565759,1,2026-01-11 22:00:00,2026-01-11 22:00:00,0.0,0.0
3,12.992062,77.558964,1,2026-01-16 15:00:00,2026-01-16 15:00:00,0.13880015022620668,0.0
3,12.992136,77.561097,1,2026-01-01 06:00:00,2026-01-01 06:00:00,0.07957443341294757,0.0
3,12.992141,77.558661,1,2026-01-29 10:00:00,2026-01-29 10:00:00,0.08229594467325844,0.0
3,12.992141,77.562514,1,2026-01-05 22:00:00,2026-01-05 22:00:00,0.09771235375834347,0.0
3,12.992141,77.562604,1,2026-01-04 09:00:00,2026-01-04 09:00:00,0.0,0.0
3,12.992184,77.562828,1,2026-01-13 18:00:00,2026-01-13 18:00:00,0.0,0.0
3,12.992204,77.565491,1,2026-01-07 06:00:00,2026-01-07 06:00:00,0.03736449715039149,0.0
3,12.99224,77.565913,1,2026-01-24 23:00:00,2026-01-24 23:00:00,0.0,0.0
3,12.992263,77.567221,1,2026-01-22 15:00:00,2026-01-22 15:00:00,0.10086336870403319,0.0
3,12.992271,77.564239,1,2026-01-05 10:00:00,2026-01-05 10:00:00,0.029269169689080176,0.0
3,12.99229,77.562286,1,2026-01-05 16:00:00,2026-01-05 16:00:00,0.05243812727069235,0.0
3,12.9923,77.56448,1,2026-01-11 16:00:00,2026-01-11 16:00:00,0.0,0.0
3,12.992434,77.562855,1,2026-01-08 13:00:00,2026-01-08 13:00:00,0.06277781821041585,0.0
3,12.992512,77.567523,1,2026-01-04 15:00:00,2026-01-04 15:00:00,0.0,0.0
3,12.992565,77.561902,1,2026-01-06 17:00:00,2026-01-06 17:00:00,0.039131267209937114,0.0
3,12.992566,77.564325,1,2026-01-13 00:00:00,2026-01-13 00:00:00,0.13433612203558032,0.0
3,12.992569,77.563087,1,2026-01-03 08:00:00,2026-01-03 08:00:00,0.024373749216764527,0.0
3,12.992618,77.562939,1,2026-01-26 19:00:00,2026-01-26 19:00:00,0.04359433269351279,0.0
3,12.992769,77.566652,1,2026-01-01 00:00:00,2026-01-01 00:00:00,0.0,0.0
3,12.992816,77.564867,1,2026-01-21 02:00:00,2026-01-21 02:00:00,0.06253847250365195,0.0
3,12.992827,77.562215,1,2026-01-03 14:00:00,2026-01-03 14:00:00,0.025063074397637483,0.0
3,12.992843,77.565083,1,2026-01-24 05:00:00,2026-01-24 05:00:00,0.0,0.0
3,12.992872,77.561596,1,2026-01-24 05:00:00,2026-01-24 05:00:00,0.09372905616012282,0.0
3,12.992898,77.565254,1,2026-01-01 18:00:00,2026-01-01 18:00:00,0.07354742122214658,0.0
3,12.992961,77.565906,1,2026-01-26 01:00:00,2026-01-26 01:00:00,0.0,0.0
3,12.993085,77.563541,1,2026-01-03 08:00:00,2026-01-03 08:00:00,0.0,0.0
3,12.993124,77.565502,1,2026-01-03 14:00:00,2026-01-03 14:00:00,0.0,0.0
3,12.993147,77.565981,1,2026-01-14 19:00:00,2026-01-14 19:00:00,0.03543662382115057,0.0
3,12.993188,77.561037,1,2026-01-15 20:00:00,2026-01-15 20:00:00,0.0,0.0
3,12.993232,77.566334,1,2026-01-02 01:00:00,2026-01-02 01:00:00,0.0179776577513365,0.0
3,12.993239,77.564738,1,2026-01-22 21:00:00,2026-01-22 21:00:00,0.04949904507044336,0.0
3,12.993244,77.563384,1,2026-01-26 07:00:00,2026-01-26 07:00:00,0.0,0.0
3,12.993283,77.563262,1,2026-01-11 10:00:00,2026-01-11 10:00:00,0.0,0.0
3,12.993327,77.564282,1,2026-01-14 07:00:00,2026-01-14 07:00:00,0.045199807959290746,0.0
3,12.993367,77.56549,1,2026-01-21 20:00:00,2026-01-21 20:00:00,0.0,0.0
3,12.993382,77.565161,1,2026-01-26 13:00:00,2026-01-26 13:00:00,0.033068541356743884,0.0
3,12.993465,77.562925,1,2026-01-14 13:00:00,2026-01-14 13:00:00,0.025306726263408543,0.0
3,12.993542,77.565717,1,2026-01-12 11:00:00,2026-01-12 11:00:00,0.00894790163081474,0.0
3,12.993585,77.565112,1,2026-01-05 04:00:00,2026-01-05 04:00:00,0.0,0.0
3,12.993595,77.557988,1,2026-01-04 21:00:00,2026-01-04 21:00:00,0.17804348830316488,0.0
3,12.993623,77.564147,1,2026-01-19 00:00:00,2026-01-19 00:00:00,0.0,0.0
3,12.993642,77.564768,1,2026-01-05 10:00:00,2026-01-05 10:00:00,0.0,0.0
3,12.993649,77.563471,1,2026-01-28 09:00:00,2026-01-28 09:00:00,0.0,0.0
3,12.993743,77.561381,1,2026-01-01 12:00:00,2026-01-01 12:00:00,0.0,0.0
3,12.993773,77.563878,1,2026-01-10 03:00:00,2026-01-10 03:00:00,0.03222007161532487,0.0
3,12.993778,77.563773,1,2026-01-17 22:00:00,2026-01-17 22:00:00,0.0622875661145077,0.0
3,12.993778,77.566726,1,2026-01-20 07:00:00,2026-01-20 07:00:00,0.0905229434957341,0.0
3,12.993819,77.562767,1,2026-01-29 04:00:00,2026-01-29 04:00:00,0.0,0.0
3,12.993838,77.565531,1,2026-01-27 02:00:00,2026-01-27 02:00:00,0.0,0.0
3,12.993876,77.564815,1,2026-01-18 23:00:00,2026-01-18 23:00:00,0.0,0.0
3,12.993876,77.565024,1,2026-01-24 11:00:00,2026-01-24 11:00:00,0.01919682836157011,0.0
3,12.993877,77.563343,1,2026-01-30 17:00:00,2026-01-30 17:00:00,0.04643764054355082,0.0
3,12.993884,77.565276,1,2026-01-30 05:00:00,2026-01-30 05:00:00,0.0,0.0
3,12.993887,77.56538,1,2026-01-12 05:00:00,2026-01-12 05:00:00,0.0332471545453236,0.0
3,12.99389,77.564772,1,2026-01-20 19:00:00,2026-01-20 19:00:00,0.04786783011821149,0.0
3,12.993898,77.567352,1,2026-01-20 13:00:00,2026-01-20 13:00:00,0.09380991910859077,0.0
3,12.993939,77.56553,1,2026-01-15 02:00:00,2026-01-15 02:00:00,0.07512865197349984,0.0
3,12.993958,77.562315,1,2026-01-02 19:00:00,2026-01-02 19:00:00,0.04621331811393225,0.0
3,12.993961,77.565549,1,2026-01-15 02:00:00,2026-01-15 02:00:00,0.0,0.0
3,12.994038,77.564659,1,2026-01-07 00:00:00,2026-01-07 00:00:00,0.3950204748276879,0.0
3,12.994057,77.565281,1,2026-01-15 14:00:00,2026-01-15 14:00:00,0.0,0.0
3,12.994068,77.564936,1,2026-01-08 07:00:00,2026-01-08 07:00:00,0.05938225267259522,0.0
3,12.994081,77.56428,1,2026-01-23 16:00:00,2026-01-23 16:00:00,0.029027216236289902,0.0
3,12.994083,77.565106,1,2026-01-25 06:00:00,2026-01-25 06:00:00,0.0,0.0
3,12.9941,77.561475,1,2026-01-29 04:00:00,2026-01-29 04:00:00,0.11596975798900486,0.0
3,12.994211,77.56443,1,2026-01-02 01:00:00,2026-01-02 01:00:00,0.0,0.0
3,12.994227,77.561515,1,2026-01-10 09:00:00,2026-01-10 09:00:00,0.04464336438181437,0.0
3,12.994244,77.563011,1,2026-01-22 21:00:00,2026-01-22 21:00:00,0.0,0.0
3,12.994289,77.566726,1,2026-01-23 04:00:00,2026-01-23 04:00:00,0.0,0.0
3,12.99438,77.566432,1,2026-01-10 09:00:00,2026-01-10 09:00:00,0.0,0.0
3,12.994389,77.565793,1,2026-01-30 11:00:00,2026-01-30 11:00:00,0.0,0.0
3,12.994403,77.567923,1,2026-01-03 20:00:00,2026-01-03 20:00:00,0.05080051064058164,0.0
3,12.994423,77.563458,1,2026-01-27 14:00:00,2026-01-27 14:00:00,0.035500871291238564,0.0
3,12.994455,77.566645,1,2026-01-09 20:00:00,2026-01-09 20:00:00,0.03106407599048854,0.0
3,12.994463,77.562891,1,2026-01-24 17:00:00,2026-01-24 17:00:00,0.04104548360537343,0.0
3,12.994464,77.560247,1,2026-01-13 00:00:00,2026-01-13 00:00:00,0.0,0.0
3,12.994517,77.563931,1,2026-01-15 14:00:00,2026-01-15 14:00:00,0.0898703951750925,0.0
3,12.994536,77.565556,1,2026-01-11 22:00:00,2026-01-11 22:00:00,0.04603871252904223,0.0
3,12.994537,77.563156,1,2026-01-10 21:00:00,2026-01-10 21:00:00,0.025042313126940306,0.0
3,12.994567,77.564723,1,2026-01-16 03:00:00,2026-01-16 03:00:00,0.0,0.0
3,12.994572,77.563971,1,2026-01-02 13:00:00,2026-01-02 13:00:00,0.10039575372037161,0.0
3,12.994593,77.564406,1,2026-01-01 06:00:00,2026-01-01 06:00:00,0.0,0.0
3,12.994598,77.563873,1,2026-01-29 10:00:00,2026-01-29 10:00:00,0.0,0.0
3,12.994612,77.562542,1,2026-01-27 20:00:00,2026-01-27 20:00:00,0.017352842508370932,0.0
3,12.994613,77.563141,1,2026-01-04 15:00:00,2026-01-04 15:00:00,0.04693352722954947,0.0
3,12.994654,77.5627,1,2026-01-17 10:00:00,2026-01-17 10:00:00,0.038271281558072336,0.0
3,12.994698,77.564779,1,2026-01-08 19:00:00,2026-01-08 19:00:00,0.0,0.0
3,12.994708,77.56641,1,2026-01-16 15:00:00,2026-01-16 15:00:00,0.0,0.0
3,12.994738,77.566268,1,2026-01-14 01:00:00,2026-01-14 01:00:00,0.0,0.0
3,12.994782,77.563819,1,2026-01-09 14:00:00,2026-01-09 14:00:00,0.003692159949427829,0.0
3,12.994869,77.566948,1,2026-01-17 16:00:00,2026-01-17 16:00:00,0.0,0.0
3,12.994939,77.562244,1,2026-01-28 15:00:00,2026-01-28 15:00:00,0.03303133778163512,0.0
3,12.99495,77.562774,1,2026-01-10 21:00:00,2026-01-10 21:00:00,0.0,0.0
3,12.994968,77.565228,1,2026-01-12 17:00:00,2026-01-12 17:00:00,0.06605509109950468,0.0
3,12.994977,77.563863,1,2026-01-08 13:00:00,2026-01-08 13:00:00,0.0,0.0
3,12.994981,77.56382,1,2026-01-09 08:00:00,2026-01-09 08:00:00,0.0,0.0
3,12.994989,77.567292,1,2026-01-19 18:00:00,2026-01-19 18:00:00,0.0,0.0
3,12.995006,77.559484,1,2026-01-06 05:00:00,2026-01-06 05:00:00,0.06631534331818816,0.0
3,12.995016,77.564523,1,2026-01-09 08:00:00,2026-01-09 08:00:00,0.017833884398218904,0.0
3,12.995031,77.563567,1,2026-01-30 11:00:00,2026-01-30 11:00:00,0.0381869338209915,0.0
3,12.995046,77.561371,1,2026-01-23 22:00:00,2026-01-23 22:00:00,0.05686379046738027,0.0
3,12.99506,77.566209,1,2026-01-29 22:00:00,2026-01-29 22:00:00,0.05826207822839579,0.0
3,12.995068,77.562433,1,2026-01-20 07:00:00,2026-01-20 07:00:00,0.0,0.0
3,12.99507,77.563075,1,2026-01-27 08:00:00,2026-01-27 08:00:00,0.05097867228490002,0.0
3,12.995086,77.561246,1,2026-01-17 04:00:00,2026-01-17 04:00:00,0.0664171095993419,0.0
3,12.995098,77.563801,1,2026-01-13 12:00:00,2026-01-13 12:00:00,0.0,0.0
3,12.995102,77.561907,1,2026-01-08 01:00:00,2026-01-08 01:00:00,0.00655815010166978,0.0
3,12.995116,77.56477,1,2026-01-25 00:00:00,2026-01-25 00:00:00,0.3445138187100251,0.0
3,12.995128,77.563369,1,2026-01-14 01:00:00,2026-01-14 01:00:00,0.047601948198399906,0.0
3,12.995147,77.560929,1,2026-01-06 17:00:00,2026-01-06 17:00:00,0.0,0.0
3,12.995159,77.565774,1,2026-01-16 09:00:00,2026-01-16 09:00:00,0.022380157804867004,0.0
3,12.995162,77.562315,1,2026-01-07 18:00:00,2026-01-07 18:00:00,0.0,0.0
3,12.995185,77.562552,1,2026-01-26 01:00:00,2026-01-26 01:00:00,0.014519552424854823,0.0
3,12.995212,77.565965,1,2026-01-15 20:00:00,2026-01-15 20:00:00,0.024904911351862725,0.0
3,12.995257,77.561473,1,2026-01-22 03:00:00,2026-01-22 03:00:00,0.0,0.0
3,12.995263,77.565305,1,2026-01-23 10:00:00,2026-01-23 10:00:00,0.03196302121012284,0.0
3,12.995296,77.565541,1,2026-01-30 23:00:00,2026-01-30 23:00:00,0.048540161657399904,0.0
3,12.995408,77.564967,1,2026-01-11 10:00:00,2026-01-11 10:00:00,0.08889553337155731,0.0
3,12.995449,77.562588,1,2026-01-18 05:00:00,2026-01-18 05:00:00,0.04459312001922656,0.0
3,12.995466,77.560176,1,2026-01-11 04:00:00,2026-01-11 04:00:00,0.04212264313733056,0.0
3,12.995524,77.568627,1,2026-01-28 21:00:00,2026-01-28 21:00:00,0.11892225574107879,0.0
3,12.995574,77.561726,1,2026-01-25 18:00:00,2026-01-25 18:00:00,0.09115384272416464,0.0
3,12.995575,77.563305,1,2026-01-18 17:00:00,2026-01-18 17:00:00,0.07509638774991627,0.0
3,12.995599,77.56523,1,2026-01-21 20:00:00,2026-01-21 20:00:00,0.1261256473354669,0.0
3,12.9956,77.560641,1,2026-01-13 18:00:00,2026-01-13 18:00:00,0.059363720356032705,0.0
3,12.995606,77.5641,1,2026-01-01 12:00:00,2026-01-01 12:00:00,0.019633293025078758,0.0
3,12.995623,77.566525,1,2026-01-13 12:00:00,2026-01-13 12:00:00,0.0881861031494995,0.0
3,12.995683,77.56191,1,2026-01-08 07:00:00,2026-01-08 07:00:00,0.0,0.0
3,12.995704,77.568529,1,2026-01-22 03:00:00,2026-01-22 03:00:00,0.06096643977209522,0.0
3,12.995781,77.563941,1,2026-01-09 02:00:00,2026-01-09 02:00:00,0.02177665626914518,0.0
3,12.995799,77.563893,1,2026-01-09 20:00:00,2026-01-09 20:00:00,0.0,0.0
3,12.995801,77.560055,1,2026-01-19 06:00:00,2026-01-19 06:00:00,0.0,0.0
3,12.995806,77.567634,1,2026-01-09 14:00:00,2026-01-09 14:00:00,0.0,0.0
3,12.995837,77.566086,1,2026-01-17 16:00:00,2026-01-17 16:00:00,0.06654541682648074,0.0
3,12.995844,77.562819,1,2026-01-10 15:00:00,2026-01-10 15:00:00,0.0,0.0
3,12.995864,77.561778,1,2026-01-13 06:00:00,2026-01-13 06:00:00,0.038490726731683515,0.0
3,12.995936,77.568899,1,2026-01-18 23:00:00,2026-01-18 23:00:00,0.14227074054226715,0.0
3,12.995962,77.562321,1,2026-01-27 08:00:00,2026-01-27 08:00:00,0.0,0.0
3,12.995971,77.563846,1,2026-01-12 23:00:00,2026-01-12 23:00:00,0.10579721718122244,0.0
3,12.995991,77.564446,1,2026-01-19 18:00:00,2026-01-19 18:00:00,0.07359426108716728,0.0
3,12.996273,77.564066,1,2026-01-20 01:00:00,2026-01-20 01:00:00,0.05521689102707079,0.0
3,12.996322,77.564313,1,2026-01-27 02:00:00,2026-01-27 02:00:00,0.06282633390589887,0.0
3,12.996356,77.562105,1,2026-01-08 19:00:00,2026-01-08 19:00:00,0.04145416319053367,0.0
3,12.996401,77.56667,1,2026-01-25 06:00:00,2026-01-25 06:00:00,0.11787507972424811,0.0
3,12.996413,77.562736,1,2026-01-02 13:00:00,2026-01-02 13:00:00,0.0,0.0
3,12.996431,77.560296,1,2026-01-18 05:00:00,2026-01-18 05:00:00,0.0,0.0
3,12.996437,77.563333,1,2026-01-20 19:00:00,2026-01-20 19:00:00,0.0,0.0
3,12.996465,77.563648,1,2026-01-04 09:00:00,2026-01-04 09:00:00,0.05065750435976363,0.0
3,12.996523,77.56834,1,2026-01-15 08:00:00,2026-01-15 08:00:00,0.07029124446465816,0.0
3,12.996611,77.56514,1,2026-01-17 22:00:00,2026-01-17 22:00:00,0.0,0.0
3,12.996619,77.565241,1,2026-01-04 03:00:00,2026-01-04 03:00:00,0.05532681479595713,0.0
3,12.996631,77.565272,1,2026-01-16 21:00:00,2026-01-16 21:00:00,0.0414573517189494,0.0
3,12.99671,77.562867,1,2026-01-17 04:00:00,2026-01-17 04:00:00,0.0,0.0
3,12.996729,77.563549,1,2026-01-29 16:00:00,2026-01-29 16:00:00,0.03999152386373612,0.0
3,12.996736,77.565275,1,2026-01-24 23:00:00,2026-01-24 23:00:00,0.06111340986647439,0.0
3,12.996796,77.559239,1,2026-01-07 12:00:00,2026-01-07 12:00:00,0.0,0.0
3,12.996829,77.560942,1,2026-01-04 03:00:00,2026-01-04 03:00:00,0.0,0.0
3,12.996857,77.564433,1,2026-01-23 04:00:00,2026-01-23 04:00:00,0.0473089365926325,0.0
3,12.996879,77.561289,1,2026-01-18 17:00:00,2026-01-18 17:00:00,0.0,0.0
3,12.996985,77.559306,1,2026-01-28 09:00:00,2026-01-28 09:00:00,0.08373456435626785,0.0
3,12.997084,77.564212,1,2026-01-19 00:00:00,2026-01-19 00:00:00,0.3633685504688139,0.0
3,12.997089,77.566471,1,2026-01-06 23:00:00,2026-01-06 23:00:00,0.1089526677123616,0.0
3,12.997138,77.564815,1,2026-01-22 09:00:00,2026-01-22 09:00:00,0.07115179143791288,0.0
3,12.99738,77.564736,1,2026-01-16 21:00:00,2026-01-16 21:00:00,0.0,0.0
3,12.997407,77.562322,1,2026-01-14 19:00:00,2026-01-14 19:00:00,0.0,0.0
3,12.997473,77.56688,1,2026-01-18 11:00:00,2026-01-18 11:00:00,0.1236754957494018,0.0
3,12.99749,77.564554,1,2026-01-07 18:00:00,2026-01-07 18:00:00,0.0994480490823242,0.0
3,12.997495,77.563299,1,2026-01-05 04:00:00,2026-01-05 04:00:00,0.1047860978836118,0.0
3,12.99759,77.563384,1,2026-01-28 03:00:00,2026-01-28 03:00:00,0.04921529118706649,0.0
3,12.997667,77.562068,1,2026-01-07 12:00:00,2026-01-07 12:00:00,0.003934881634318728,0.0
3,12.997703,77.565057,1,2026-01-26 07:00:00,2026-01-26 07:00:00,0.08937887082664413,0.0
3,12.997743,77.562266,1,2026-01-07 06:00:00,2026-01-07 06:00:00,0.0,0.0
3,12.99775,77.562888,1,2026-01-10 15:00:00,2026-01-10 15:00:00,0.0907347840733152,0.0
3,12.997987,77.565718,1,2026-01-06 11:00:00,2026-01-06 11:00:00,0.023661210826928788,0.0
3,12.99802,77.563351,1,2026-01-30 05:00:00,2026-01-30 05:00:00,0.0654335690989959,0.0
3,12.998296,77.568568,1,2026-01-20 01:00:00,2026-01-20 01:00:00,0.0,0.0
3,12.998627,77.564022,1,2026-01-02 07:00:00,2026-01-02 07:00:00,0.08228046691635064,0.0
3,12.998634,77.566817,1,2026-01-06 05:00:00,2026-01-06 05:00:00,0.0,0.0
3,12.998636,77.560854,1,2026-01-16 03:00:00,2026-01-16 03:00:00,0.0866876295763758,0.0
3,12.998782,77.563446,1,2026-01-28 03:00:00,2026-01-28 03:00:00,0.0,0.0
3,12.999371,77.56237,1,2026-01-19 12:00:00,2026-01-19 12:00:00,0.07894247114674159,0.0
3,12.999681,77.564488,1,2026-01-19 06:00:00,2026-01-19 06:00:00,0.11257401458941019,0.0
4,12.932311,77.689193,1,2026-01-12 05:00:00,2026-01-12 05:00:00,0.09444434129513878,0.0
4,12.932834,77.688509,1,2026-01-04 21:00:00,2026-01-04 21:00:00,0.05731648388505201,0.0
4,12.933056,77.688622,1,2026-01-13 00:00:00,2026-01-13 00:00:00,0.0,0.0
4,12.933328,77.688806,1,2026-01-13 18:00:00,2026-01-13 18:00:00,0.0,0.0
4,12.933451,77.685074,1,2026-01-01 06:00:00,2026-01-01 06:00:00,0.0922077092059637,0.0
4,12.933534,77.689302,1,2026-01-21 14:00:00,2026-01-21 14:00:00,0.025515771415377028,0.0
4,12.933557,77.690417,1,2026-01-17 10:00:00,2026-01-17 10:00:00,0.11828124262102209,0.0
4,12.933593,77.690676,1,2026-01-21 08:00:00,2026-01-21 08:00:00,0.06655538665312329,0.0
4,12.933668,77.685916,1,2026-01-22 21:00:00,2026-01-22 21:00:00,0.0,0.0
4,12.933706,77.688514,1,2026-01-14 19:00:00,2026-01-14 19:00:00,0.0,0.0
4,12.933827,77.689899,1,2026-01-15 20:00:00,2026-01-15 20:00:00,0.0,0.0
4,12.934403,77.685899,1,2026-01-01 12:00:00,2026-01-01 12:00:00,0.07923485724784345,0.0
4,12.934424,77.692605,1,2026-01-13 12:00:00,2026-01-13 12:00:00,0.11041215867417963,0.0
4,12.934432,77.688238,1,2026-01-02 13:00:00,2026-01-02 13:00:00,0.0,0.0
4,12.934461,77.692204,1,2026-01-19 06:00:00,2026-01-19 06:00:00,0.15200674893456712,0.0
4,12.934518,77.687739,1,2026-01-11 04:00:00,2026-01-11 04:00:00,0.056239376734837816,0.0
4,12.934801,77.689319,1,2026-01-02 13:00:00,2026-01-02 13:00:00,0.041328286088091824,0.0
4,12.934964,77.685339,1,2026-01-11 10:00:00,2026-01-11 10:00:00,0.0,0.0
4,12.935279,77.684629,1,2026-01-03 02:00:00,2026-01-03 02:00:00,0.09970166635808746,0.0
4,12.935332,77.690177,1,2026-01-11 16:00:00,2026-01-11 16:00:00,0.0,0.0
4,12.935384,77.691288,1,2026-01-14 19:00:00,2026-01-14 19:00:00,0.10091928723573819,0.0
4,12.935617,77.687972,1,2026-01-11 16:00:00,2026-01-11 16:00:00,0.050330847165902366,0.0
4,12.935688,77.687361,1,2026-01-20 01:00:00,2026-01-20 01:00:00,0.05274564425169765,0.0
4,12.935696,77.693124,1,2026-01-22 15:00:00,2026-01-22 15:00:00,0.12071167817016293,0.0
4,12.935761,77.690285,1,2026-01-01 18:00:00,2026-01-01 18:00:00,0.05783252268769249,0.0
4,12.935824,77.687571,1,2026-01-25 12:00:00,2026-01-25 12:00:00,0.11603842193791829,0.0
4,12.935845,77.687678,1,2026-01-21 02:00:00,2026-01-21 02:00:00,0.09899976268233601,0.0
4,12.935878,77.689036,1,2026-01-04 15:00:00,2026-01-04 15:00:00,0.0,0.0
4,12.935986,77.685882,1,2026-01-14 13:00:00,2026-01-14 13:00:00,0.0,0.0
4,12.935996,77.689974,1,2026-01-14 07:00:00,2026-01-14 07:00:00,0.05738562795751803,0.0
4,12.936,77.685623,1,2026-01-23 22:00:00,2026-01-23 22:00:00,0.10254975325119291,0.0
4,12.936014,77.687241,1,2026-01-08 07:00:00,2026-01-08 07:00:00,0.0,0.0
4,12.936081,77.687065,1,2026-01-25 06:00:00,2026-01-25 06:00:00,0.08848536525465471,0.0
4,12.936114,77.688753,1,2026-01-07 06:00:00,2026-01-07 06:00:00,0.0437757161878522,0.0
4,12.93612,77.689816,1,2026-01-05 22:00:00,2026-01-05 22:00:00,0.04374284267587783,0.0
4,12.936176,77.684036,1,2026-01-29 10:00:00,2026-01-29 10:00:00,0.0,0.0
4,12.936257,77.690965,1,2026-01-16 21:00:00,2026-01-16 21:00:00,0.07293975124408027,0.0
4,12.936294,77.690307,1,2026-01-04 15:00:00,2026-01-04 15:00:00,0.04963102670166002,0.0
4,12.936344,77.686877,1,2026-01-05 10:00:00,2026-01-05 10:00:00,0.0,0.0
4,12.936377,77.691282,1,2026-01-24 23:00:00,2026-01-24 23:00:00,0.0,0.0
4,12.9364,77.691998,1,2026-01-17 22:00:00,2026-01-17 22:00:00,0.1419099204445559,0.0
4,12.936403,77.68901,1,2026-01-18 23:00:00,2026-01-18 23:00:00,0.08122753795814354,0.0
4,12.936446,77.693156,1,2026-01-09 20:00:00,2026-01-09 20:00:00,0.0,0.0
4,12.93647,77.687128,1,2026-01-23 22:00:00,2026-01-23 22:00:00,0.0,0.0
4,12.936533,77.693785,1,2026-01-25 06:00:00,2026-01-25 06:00:00,0.0,0.0
4,12.936587,77.689816,1,2026-01-27 02:00:00,2026-01-27 02:00:00,0.031099113647223713,0.0
4,12.936693,77.687168,1,2026-01-16 03:00:00,2026-01-16 03:00:00,0.0,0.0
4,12.936762,77.689459,1,2026-01-01 06:00:00,2026-01-01 06:00:00,0.0,0.0
4,12.936762,77.689782,1,2026-01-07 18:00:00,2026-01-07 18:00:00,0.0,0.0
4,12.936774,77.69002,1,2026-01-24 05:00:00,2026-01-24 05:00:00,0.04624445857723758,0.0
4,12.936788,77.688224,1,2026-01-12 23:00:00,2026-01-12 23:00:00,0.12425894263647502,0.0
4,12.936815,77.68985,1,2026-01-24 05:00:00,2026-01-24 05:00:00,0.0,0.0
4,12.93685,77.690384,1,2026-01-15 14:00:00,2026-01-15 14:00:00,0.13735549308255954,0.0
4,12.936908,77.687004,1,2026-01-08 19:00:00,2026-01-08 19:00:00,0.0642172785860282,0.0
4,12.936956,77.690413,1,2026-01-03 08:00:00,2026-01-03 08:00:00,0.0,0.0
4,12.936995,77.69106,1,2026-01-23 16:00:00,2026-01-23 16:00:00,0.07541629671933865,0.0
4,12.936996,77.686749,1,2026-01-22 09:00:00,2026-01-22 09:00:00,0.03600572986097004,0.0
4,12.937002,77.689631,1,2026-01-30 11:00:00,2026-01-30 11:00:00,0.0,0.0
4,12.937022,77.687504,1,2026-01-07 18:00:00,2026-01-07 18:00:00,0.08376395228431151,0.0
4,12.937023,77.689162,1,2026-01-02 07:00:00,2026-01-02 07:00:00,0.0,0.0
4,12.937028,77.690752,1,2026-01-12 17:00:00,2026-01-12 17:00:00,0.10511369836642642,0.0
4,12.937046,77.688493,1,2026-01-03 02:00:00,2026-01-03 02:00:00,0.0,0.0
4,12.937074,77.689695,1,2026-01-13 18:00:00,2026-01-13 18:00:00,0.03257866014425396,0.0
4,12.937078,77.687578,1,2026-01-07 12:00:00,2026-01-07 12:00:00,0.07270866460429971,0.0
4,12.93708,77.688668,1,2026-01-08 07:00:00,2026-01-08 07:00:00,0.12284322144401856,0.0
4,12.937091,77.686934,1,2026-01-13 00:00:00,2026-01-13 00:00:00,0.13776802371563357,0.0
4,12.937167,77.690984,1,2026-01-21 02:00:00,2026-01-21 02:00:00,0.0,0.0
4,12.937232,77.68658,1,2026-01-10 21:00:00,2026-01-10 21:00:00,0.06415752324263964,0.0
4,12.937237,77.687222,1,2026-01-27 02:00:00,2026-01-27 02:00:00,0.0,0.0
4,12.937346,77.688642,1,2026-01-22 03:00:00,2026-01-22 03:00:00,0.016818352261838792,0.0
4,12.937349,77.691617,1,2026-01-26 19:00:00,2026-01-26 19:00:00,0.10954491972282433,0.0
4,12.937419,77.688643,1,2026-01-22 03:00:00,2026-01-22 03:00:00,0.0,0.0
4,12.937426,77.689578,1,2026-01-14 13:00:00,2026-01-14 13:00:00,0.027529770853307028,0.0
4,12.937455,77.6857,1,2026-01-24 17:00:00,2026-01-24 17:00:00,0.07245737049714794,0.0
4,12.937455,77.68834,1,2026-01-19 18:00:00,2026-01-19 18:00:00,0.030444572782996476,0.0
4,12.937469,77.690159,1,2026-01-19 18:00:00,2026-01-19 18:00:00,0.0,0.0
4,12.937499,77.687236,1,2026-01-23 04:00:00,2026-01-23 04:00:00,0.06443888146392997,0.0
4,12.937508,77.687771,1,2026-01-27 14:00:00,2026-01-27 14:00:00,0.10419011673020263,0.0
4,12.937517,77.69065,1,2026-01-07 00:00:00,2026-01-07 00:00:00,0.4068820923305096,0.0
4,12.937531,77.688152,1,2026-01-30 05:00:00,2026-01-30 05:00:00,0.0,0.0
4,12.937544,77.691108,1,2026-01-26 01:00:00,2026-01-26 01:00:00,0.10023088814637586,0.0
4,12.937577,77.688904,1,2026-01-26 07:00:00,2026-01-26 07:00:00,0.0,0.0
4,12.937594,77.68822,1,2026-01-17 16:00:00,2026-01-17 16:00:00,0.08527306169964334,0.0
4,12.937628,77.687555,1,2026-01-01 00:00:00,2026-01-01 00:00:00,0.0,0.0
4,12.937637,77.687753,1,2026-01-01 00:00:00,2026-01-01 00:00:00,0.0,0.0
4,12.937649,77.68833,1,2026-01-04 03:00:00,2026-01-04 03:00:00,0.04794610419323403,0.0
4,12.93765,77.688536,1,2026-01-02 07:00:00,2026-01-02 07:00:00,0.05930751115709718,0.0
4,12.937707,77.685609,1,2026-01-23 04:00:00,2026-01-23 04:00:00,0.0,0.0
4,12.937732,77.691323,1,2026-01-13 12:00:00,2026-01-13 12:00:00,0.0,0.0
4,12.937744,77.684231,1,2026-01-15 14:00:00,2026-01-15 14:00:00,0.0,0.0
4,12.937831,77.687806,1,2026-01-05 16:00:00,2026-01-05 16:00:00,0.03253034826104504,0.0
4,12.937888,77.687766,1,2026-01-13 06:00:00,2026-01-13 06:00:00,0.09104557549938531,0.0
4,12.937945,77.688247,1,2026-01-28 09:00:00,2026-01-28 09:00:00,0.05992547449117299,0.0
4,12.937949,77.690485,1,2026-01-18 17:00:00,2026-01-18 17:00:00,0.06278265972924524,0.0
4,12.938001,77.689567,1,2026-01-24 11:00:00,2026-01-24 11:00:00,0.022622022347969287,0.0
4,12.93805,77.687562,1,2026-01-10 21:00:00,2026-01-10 21:00:00,0.0,0.0
4,12.938103,77.687494,1,2026-01-16 15:00:00,2026-01-16 15:00:00,0.0,0.0
4,12.938158,77.687561,1,2026-01-12 23:00:00,2026-01-12 23:00:00,0.0,0.0
4,12.938158,77.694042,1,2026-01-26 07:00:00,2026-01-26 07:00:00,0.09075574598070661,0.0
4,12.93817,77.694146,1,2026-01-11 10:00:00,2026-01-11 10:00:00,0.13682596283957063,0.0
4,12.938182,77.687345,1,2026-01-16 21:00:00,2026-01-16 21:00:00,0.0,0.0
4,12.938211,77.689871,1,2026-01-11 22:00:00,2026-01-11 22:00:00,0.0,0.0
4,12.938217,77.688528,1,2026-01-30 11:00:00,2026-01-30 11:00:00,0.014514020203504438,0.0
4,12.938243,77.683971,1,2026-01-15 02:00:00,2026-01-15 02:00:00,0.10210478687552679,0.0
4,12.938294,77.690907,1,2026-01-08 19:00:00,2026-01-08 19:00:00,0.0,0.0
4,12.938298,77.683953,1,2026-01-03 14:00:00,2026-01-03 14:00:00,0.0,0.0
4,12.938326,77.690648,1,2026-01-05 16:00:00,2026-01-05 16:00:00,0.0,0.0
4,12.938331,77.688257,1,2026-01-21 20:00:00,2026-01-21 20:00:00,0.0,0.0
4,12.938346,77.689154,1,2026-01-26 01:00:00,2026-01-26 01:00:00,0.0,0.0
4,12.938346,77.68945,1,2026-01-16 03:00:00,2026-01-16 03:00:00,0.07221886827534983,0.0
4,12.938377,77.686084,1,2026-01-12 11:00:00,2026-01-12 11:00:00,0.12646548245877115,0.0
4,12.938381,77.691243,1,2026-01-25 00:00:00,2026-01-25 00:00:00,0.0,0.0
4,12.938448,77.685094,1,2026-01-10 09:00:00,2026-01-10 09:00:00,0.10316258134230273,0.0
4,12.93847,77.691231,1,2026-01-03 20:00:00,2026-01-03 20:00:00,0.13506886302248325,0.0
4,12.938478,77.688331,1,2026-01-06 17:00:00,2026-01-06 17:00:00,0.0,0.0
4,12.938517,77.688819,1,2026-01-04 09:00:00,2026-01-04 09:00:00,0.0,0.0
4,12.9386,77.690028,1,2026-01-09 08:00:00,2026-01-09 08:00:00,0.01375032332490779,0.0
4,12.938617,77.687967,1,2026-01-19 06:00:00,2026-01-19 06:00:00,0.0,0.0
4,12.93862,77.694253,1,2026-01-03 14:00:00,2026-01-03 14:00:00,0.07764630070889028,0.0
4,12.938663,77.687974,1,2026-01-11 22:00:00,2026-01-11 22:00:00,0.07409442716809654,0.0
4,12.938673,77.691397,1,2026-01-01 12:00:00,2026-01-01 12:00:00,0.0,0.0
4,12.938695,77.690236,1,2026-01-24 23:00:00,2026-01-24 23:00:00,0.0872458461457164,0.0
4,12.93872,77.68619,1,2026-01-16 15:00:00,2026-01-16 15:00:00,0.035141526758984805,0.0
4,12.938769,77.69132,1,2026-01-06 05:00:00,2026-01-06 05:00:00,0.0,0.0
4,12.938775,77.688431,1,2026-01-18 05:00:00,2026-01-18 05:00:00,0.0,0.0
4,12.938779,77.686804,1,2026-01-22 21:00:00,2026-01-22 21:00:00,0.13046475115506725,0.0
4,12.938837,77.689791,1,2026-01-02 19:00:00,2026-01-02 19:00:00,0.08665783953489997,0.0
4,12.93884,77.694682,1,2026-01-23 10:00:00,2026-01-23 10:00:00,0.16964182071892678,0.0
4,12.938879,77.688629,1,2026-01-29 10:00:00,2026-01-29 10:00:00,0.02757238825722037,0.0
4,12.938921,77.68936,1,2026-01-09 02:00:00,2026-01-09 02:00:00,0.026545570086870408,0.0
4,12.93899,77.68776,1,2026-01-19 12:00:00,2026-01-19 12:00:00,0.007914644109499115,0.0
4,12.93901,77.688657,1,2026-01-04 03:00:00,2026-01-04 03:00:00,0.0,0.0
4,12.939076,77.690102,1,2026-01-29 04:00:00,2026-01-29 04:00:00,0.0,0.0
4,12.939088,77.690053,1,2026-01-14 01:00:00,2026-01-14 01:00:00,0.0,0.0
4,12.939091,77.68969,1,2026-01-08 13:00:00,2026-01-08 13:00:00,0.0,0.0
4,12.939175,77.687331,1,2026-01-18 11:00:00,2026-01-18 11:00:00,0.021716119900920514,0.0
4,12.939195,77.688347,1,2026-01-25 00:00:00,2026-01-25 00:00:00,0.4529417647890737,0.0
4,12.939205,77.691221,1,2026-01-28 03:00:00,2026-01-28 03:00:00,0.0,0.0
4,12.939248,77.688009,1,2026-01-16 09:00:00,2026-01-16 09:00:00,0.04990572842297556,0.0
4,12.939317,77.690586,1,2026-01-10 03:00:00,2026-01-10 03:00:00,0.061277695506412856,0.0
4,12.939395,77.68496,1,2026-01-17 16:00:00,2026-01-17 16:00:00,0.0,0.0
4,12.939402,77.692787,1,2026-01-20 19:00:00,2026-01-20 19:00:00,0.0,0.0
4,12.939483,77.692322,1,2026-01-05 04:00:00,2026-01-05 04:00:00,0.0,0.0
4,12.93954,77.690947,1,2026-01-05 04:00:00,2026-01-05 04:00:00,0.11347363336226503,0.0
4,12.939557,77.686817,1,2026-01-28 15:00:00,2026-01-28 15:00:00,0.07993585836943289,0.0
4,12.939618,77.688472,1,2026-01-06 17:00:00,2026-01-06 17:00:00,0.04142600381818679,0.0
4,12.939731,77.688828,1,2026-01-17 04:00:00,2026-01-17 04:00:00,0.0,0.0
4,12.939812,77.690543,1,2026-01-17 04:00:00,2026-01-17 04:00:00,0.057082405785964796,0.0
4,12.939839,77.687558,1,2026-01-06 05:00:00,2026-01-06 05:00:00,0.06919026847995549,0.0
4,12.93988,77.688634,1,2026-01-15 02:00:00,2026-01-15 02:00:00,0.0,0.0
4,12.939932,77.684255,1,2026-01-10 09:00:00,2026-01-10 09:00:00,0.0,0.0
4,12.939946,77.686118,1,2026-01-19 00:00:00,2026-01-19 00:00:00,0.0,0.0
4,12.939954,77.69339,1,2026-01-28 21:00:00,2026-01-28 21:00:00,0.12217329568578535,0.0
4,12.939966,77.684057,1,2026-01-30 23:00:00,2026-01-30 23:00:00,0.16367475266592288,0.0
4,12.939969,77.69111,1,2026-01-14 01:00:00,2026-01-14 01:00:00,0.11178622351252687,0.0
4,12.940024,77.689436,1,2026-01-29 04:00:00,2026-01-29 04:00:00,0.06288975018969722,0.0
4,12.940037,77.68619,1,2026-01-09 14:00:00,2026-01-09 14:00:00,0.0,0.0
4,12.940067,77.689773,1,2026-01-09 20:00:00,2026-01-09 20:00:00,0.06647892346285746,0.0
4,12.94014,77.68758,1,2026-01-29 16:00:00,2026-01-29 16:00:00,0.09865285897915849,0.0
4,12.940157,77.687252,1,2026-01-18 23:00:00,2026-01-18 23:00:00,0.0,0.0
4,12.940162,77.689996,1,2026-01-07 06:00:00,2026-01-07 06:00:00,0.0,0.0
4,12.940165,77.689891,1,2026-01-09 08:00:00,2026-01-09 08:00:00,0.0,0.0
4,12.940202,77.691186,1,2026-01-18 17:00:00,2026-01-18 17:00:00,0.0,0.0
4,12.940362,77.68805,1,2026-01-10 15:00:00,2026-01-10 15:00:00,0.0,0.0
4,12.940405,77.690605,1,2026-01-15 20:00:00,2026-01-15 20:00:00,0.12815075824091354,0.0
4,12.940444,77.690449,1,2026-01-07 12:00:00,2026-01-07 12:00:00,0.0,0.0
4,12.940458,77.68834,1,2026-01-30 05:00:00,2026-01-30 05:00:00,0.06195212887497814,0.0
4,12.940597,77.686352,1,2026-01-12 11:00:00,2026-01-12 11:00:00,0.0,0.0
4,12.940602,77.690437,1,2026-01-21 20:00:00,2026-01-21 20:00:00,0.13281497845527332,0.0
4,12.940814,77.687431,1,2026-01-20 07:00:00,2026-01-20 07:00:00,0.0,0.0
4,12.940814,77.692838,1,2026-01-30 17:00:00,2026-01-30 17:00:00,0.09242501427298423,0.0
4,12.940819,77.687814,1,2026-01-02 01:00:00,2026-01-02 01:00:00,0.08952221716067461,0.0
4,12.940845,77.688637,1,2026-01-02 01:00:00,2026-01-02 01:00:00,0.0,0.0
4,12.940891,77.687523,1,2026-01-19 00:00:00,2026-01-19 00:00:00,0.08710012859269058,0.0
4,12.940909,77.690632,1,2026-01-05 10:00:00,2026-01-05 10:00:00,0.04102584621243887,0.0
4,12.941031,77.68978,1,2026-01-17 22:00:00,2026-01-17 22:00:00,0.0,0.0
4,12.94104,77.689497,1,2026-01-03 08:00:00,2026-01-03 08:00:00,0.07640742028674297,0.0
4,12.941051,77.686749,1,2026-01-06 11:00:00,2026-01-06 11:00:00,0.09478840622123806,0.0
4,12.941058,77.689744,1,2026-01-06 23:00:00,2026-01-06 23:00:00,0.05457635426903399,0.0
4,12.94114,77.690408,1,2026-01-27 20:00:00,2026-01-27 20:00:00,0.08327366202468865,0.0
4,12.941304,77.68797,1,2026-01-18 05:00:00,2026-01-18 05:00:00,0.029109740181120537,0.0
4,12.941366,77.690674,1,2026-01-28 03:00:00,2026-01-28 03:00:00,0.005550803385226058,0.0
4,12.941706,77.689263,1,2026-01-06 11:00:00,2026-01-06 11:00:00,0.0,0.0
4,12.941776,77.686878,1,2026-01-09 14:00:00,2026-01-09 14:00:00,0.06339022672343286,0.0
4,12.941969,77.689864,1,2026-01-08 13:00:00,2026-01-08 13:00:00,0.12072811532654003,0.0
4,12.942033,77.687748,1,2026-01-04 09:00:00,2026-01-04 09:00:00,0.058567469286179986,0.0
4,12.942035,77.688025,1,2026-01-26 13:00:00,2026-01-26 13:00:00,0.08430322104169496,0.0
4,12.942264,77.687514,1,2026-01-20 13:00:00,2026-01-20 13:00:00,0.0269463710528163,0.0
4,12.942576,77.69019,1,2026-01-27 08:00:00,2026-01-27 08:00:00,0.0,0.0
4,12.942621,77.69158,1,2026-01-29 22:00:00,2026-01-29 22:00:00,0.08732957823287883,0.0
4,12.942672,77.685025,1,2026-01-12 17:00:00,2026-01-12 17:00:00,0.0,0.0
4,12.942716,77.687506,1,2026-01-25 18:00:00,2026-01-25 18:00:00,0.1278752600781433,0.0
4,12.942785,77.692879,1,2026-01-20 19:00:00,2026-01-20 19:00:00,0.10000688288229953,0.0
4,12.942883,77.691769,1,2026-01-10 15:00:00,2026-01-10 15:00:00,0.14977562237043685,0.0
4,12.942918,77.683623,1,2026-01-27 08:00:00,2026-01-27 08:00:00,0.1247724591859679,0.0
4,12.943197,77.689122,1,2026-01-28 09:00:00,2026-01-28 09:00:00,0.0,0.0
4,12.943397,77.689934,1,2026-01-20 07:00:00,2026-01-20 07:00:00,0.01849633342528733,0.0
4,12.943454,77.687038,1,2026-01-15 08:00:00,2026-01-15 08:00:00,0.07262081828276655,0.0
4,12.94368,77.689196,1,2026-01-08 01:00:00,2026-01-08 01:00:00,0.11040995361647128,0.0
4,12.94425,77.69045,1,2026-01-20 01:00:00,2026-01-20 01:00:00,0.0,0.0
5,12.967912,77.5984,1,2026-01-11 22:00:00,2026-01-11 22:00:00,0.0,0.0
5,12.968047,77.597053,1,2026-01-22 21:00:00,2026-01-22 21:00:00,0.0,0.0
5,12.968112,77.595259,1,2026-01-12 11:00:00,2026-01-12 11:00:00,0.0,0.0
5,12.96814,77.593515,1,2026-01-23 10:00:00,2026-01-23 10:00:00,0.08190621532840794,0.0
5,12.968185,77.595077,1,2026-01-01 06:00:00,2026-01-01 06:00:00,0.0,0.0
5,12.96872,77.597985,1,2026-01-21 02:00:00,2026-01-21 02:00:00,0.117657635441725,0.0
5,12.96907,77.593472,1,2026-01-11 22:00:00,2026-01-11 22:00:00,0.0994690781238382,0.0
5,12.969125,77.58993,1,2026-01-13 18:00:00,2026-01-13 18:00:00,0.11477539028855822,0.0
5,12.96914,77.595481,1,2026-01-15 14:00:00,2026-01-15 14:00:00,0.09053479364828056,0.0
5,12.969225,77.59585,1,2026-01-30 05:00:00,2026-01-30 05:00:00,0.10056916563349813,0.0
5,12.96924,77.597847,1,2026-01-12 23:00:00,2026-01-12 23:00:00,0.0,0.0
5,12.969334,77.596059,1,2026-01-14 13:00:00,2026-01-14 13:00:00,0.08578136224847498,0.0
5,12.969458,77.594233,1,2026-01-02 13:00:00,2026-01-02 13:00:00,0.0,0.0
5,12.969472,77.590484,1,2026-01-06 11:00:00,2026-01-06 11:00:00,0.0,0.0
5,12.969499,77.595571,1,2026-01-24 23:00:00,2026-01-24 23:00:00,0.041089920352280936,0.0
5,12.969661,77.595229,1,2026-01-14 13:00:00,2026-01-14 13:00:00,0.0,0.0
5,12.96978,77.596167,1,2026-01-02 13:00:00,2026-01-02 13:00:00,0.07922893346700763,0.0
5,12.969864,77.593791,1,2026-01-03 02:00:00,2026-01-03 02:00:00,0.0,0.0
5,12.969873,77.59584,1,2026-01-30 17:00:00,2026-01-30 17:00:00,0.06642512324856813,0.0
5,12.969896,77.591157,1,2026-01-19 12:00:00,2026-01-19 12:00:00,0.06939586082303727,0.0
5,12.969901,77.590661,1,2026-01-15 08:00:00,2026-01-15 08:00:00,0.08869647213493369,0.0
5,12.970074,77.594314,1,2026-01-13 18:00:00,2026-01-13 18:00:00,0.0,0.0
5,12.970152,77.593034,1,2026-01-13 00:00:00,2026-01-13 00:00:00,0.5453170496397465,0.0
5,12.9703,77.59306,1,2026-01-01 12:00:00,2026-01-01 12:00:00,0.05422372835455013,0.0
5,12.970339,77.594685,1,2026-01-12 23:00:00,2026-01-12 23:00:00,0.04190795129382071,0.0
5,12.970349,77.592756,1,2026-01-11 10:00:00,2026-01-11 10:00:00,0.0,0.0
5,12.97038,77.596193,1,2026-01-26 19:00:00,2026-01-26 19:00:00,0.016997688759093816,0.0
5,12.970386,77.595481,1,2026-01-17 04:00:00,2026-01-17 04:00:00,0.025798066587841312,0.0
5,12.970622,77.593979,1,2026-01-23 04:00:00,2026-01-23 04:00:00,0.0637704591257351,0.0
5,12.970644,77.593298,1,2026-01-03 14:00:00,2026-01-03 14:00:00,0.07454019581427104,0.0
5,12.970663,77.598767,1,2026-01-11 16:00:00,2026-01-11 16:00:00,0.1116761444134864,0.0
5,12.970698,77.595188,1,2026-01-12 11:00:00,2026-01-12 11:00:00,0.04825111720097074,0.0
5,12.970759,77.595203,1,2026-01-09 08:00:00,2026-01-09 08:00:00,0.0,0.0
5,12.97076,77.59893,1,2026-01-28 03:00:00,2026-01-28 03:00:00,0.10079176408897626,0.0
5,12.970927,77.59441,1,2026-01-14 19:00:00,2026-01-14 19:00:00,0.0,0.0
5,12.970964,77.598274,1,2026-01-01 06:00:00,2026-01-01 06:00:00,0.05242536775748203,0.0
5,12.970966,77.593966,1,2026-01-16 21:00:00,2026-01-16 21:00:00,0.0,0.0
5,12.971033,77.596876,1,2026-01-03 02:00:00,2026-01-03 02:00:00,0.047766729835162065,0.0
5,12.971056,77.5953,1,2026-01-15 02:00:00,2026-01-15 02:00:00,0.0,0.0
5,12.971101,77.595942,1,2026-01-06 05:00:00,2026-01-06 05:00:00,0.0,0.0
5,12.971103,77.594493,1,2026-01-03 08:00:00,2026-01-03 08:00:00,0.02642091731132577,0.0
5,12.971114,77.595065,1,2026-01-28 09:00:00,2026-01-28 09:00:00,0.0,0.0
5,12.971139,77.595011,1,2026-01-18 23:00:00,2026-01-18 23:00:00,0.0794969891666374,0.0
5,12.971181,77.593713,1,2026-01-21 20:00:00,2026-01-21 20:00:00,0.0,0.0
5,12.971226,77.597464,1,2026-01-09 20:00:00,2026-01-09 20:00:00,0.0,0.0
5,12.97129,77.596299,1,2026-01-26 13:00:00,2026-01-26 13:00:00,0.050065969752854635,0.0
5,12.971337,77.594639,1,2026-01-29 10:00:00,2026-01-29 10:00:00,0.03775544983335168,0.0
5,12.971355,77.592719,1,2026-01-05 04:00:00,2026-01-05 04:00:00,0.0,0.0
5,12.971409,77.594775,1,2026-01-05 22:00:00,2026-01-05 22:00:00,0.042525373259927675,0.0
5,12.971432,77.596699,1,2026-01-15 20:00:00,2026-01-15 20:00:00,0.0,0.0
5,12.971529,77.595635,1,2026-01-22 03:00:00,2026-01-22 03:00:00,0.031062265637151674,0.0
5,12.971533,77.59578,1,2026-01-04 15:00:00,2026-01-04 15:00:00,0.0,0.0
5,12.971533,77.598234,1,2026-01-11 16:00:00,2026-01-11 16:00:00,0.0,0.0
5,12.971568,77.596361,1,2026-01-24 17:00:00,2026-01-24 17:00:00,0.08480490201633907,0.0
5,12.971611,77.596648,1,2026-01-13 06:00:00,2026-01-13 06:00:00,0.06775101454458422,0.0
5,12.971655,77.594163,1,2026-01-11 04:00:00,2026-01-11 04:00:00,0.0430111727133883,0.0
5,12.971692,77.593753,1,2026-01-25 06:00:00,2026-01-25 06:00:00,0.0712275249455357,0.0
5,12.97172,77.595237,1,2026-01-21 02:00:00,2026-01-21 02:00:00,0.0,0.0
5,12.971727,77.59368,1,2026-01-02 01:00:00,2026-01-02 01:00:00,0.0,0.0
5,12.971757,77.599251,1,2026-01-29 16:00:00,2026-01-29 16:00:00,0.09790099653857232,0.0
5,12.971763,77.595245,1,2026-01-25 18:00:00,2026-01-25 18:00:00,0.060153860994856194,0.0
5,12.971778,77.592336,1,2026-01-02 07:00:00,2026-01-02 07:00:00,0.02495362637681584,0.0
5,12.971899,77.597176,1,2026-01-12 17:00:00,2026-01-12 17:00:00,0.07875066748420885,0.0
5,12.97197,77.598461,1,2026-01-06 11:00:00,2026-01-06 11:00:00,0.04943870496178413,0.0
5,12.972019,77.597073,1,2026-01-03 08:00:00,2026-01-03 08:00:00,0.0,0.0
5,12.972065,77.597027,1,2026-01-04 09:00:00,2026-01-04 09:00:00,0.0,0.0
5,12.972083,77.59505,1,2026-01-30 11:00:00,2026-01-30 11:00:00,0.027293895625464068,0.0
5,12.972147,77.592605,1,2026-01-05 16:00:00,2026-01-05 16:00:00,0.0,0.0
5,12.972222,77.59259,1,2026-01-25 00:00:00,2026-01-25 00:00:00,0.6937396843790509,0.0
5,12.972228,77.589017,1,2026-01-20 01:00:00,2026-01-20 01:00:00,0.0,0.0
5,12.972265,77.594445,1,2026-01-24 05:00:00,2026-01-24 05:00:00,0.021561271767311155,0.0
5,12.972288,77.595435,1,2026-01-04 03:00:00,2026-01-04 03:00:00,0.056787161170198795,0.0
5,12.97233,77.596659,1,2026-01-01 18:00:00,2026-01-01 18:00:00,0.026270216255317173,0.0
5,12.972359,77.595858,1,2026-01-14 19:00:00,2026-01-14 19:00:00,0.05139924668114712,0.0
5,12.972367,77.593895,1,2026-01-16 03:00:00,2026-01-16 03:00:00,0.0,0.0
5,12.972404,77.593923,1,2026-01-10 15:00:00,2026-01-10 15:00:00,0.005097813209460398,0.0
5,12.972421,77.595561,1,2026-01-12 17:00:00,2026-01-12 17:00:00,0.0,0.0
5,12.97245,77.593094,1,2026-01-13 00:00:00,2026-01-13 00:00:00,0.0,0.0
5,12.972458,77.598206,1,2026-01-18 23:00:00,2026-01-18 23:00:00,0.0,0.0
5,12.972475,77.592132,1,2026-01-05 16:00:00,2026-01-05 16:00:00,0.047625163497518046,0.0
5,12.972475,77.59573,1,2026-01-22 09:00:00,2026-01-22 09:00:00,0.06500987660846697,0.0
5,12.972498,77.599122,1,2026-01-07 18:00:00,2026-01-07 18:00:00,0.0,0.0
5,12.97254,77.597809,1,2026-01-08 13:00:00,2026-01-08 13:00:00,0.054380339060332565,0.0
5,12.972546,77.593239,1,2026-01-23 04:00:00,2026-01-23 04:00:00,0.0,0.0
5,12.972654,77.593809,1,2026-01-10 09:00:00,2026-01-10 09:00:00,0.0,0.0
5,12.972678,77.595323,1,2026-01-04 15:00:00,2026-01-04 15:00:00,0.03359836549619524,0.0
5,12.972729,77.592603,1,2026-01-21 20:00:00,2026-01-21 20:00:00,0.06303145152801144,0.0
5,12.972729,77.593681,1,2026-01-30 11:00:00,2026-01-30 11:00:00,0.0,0.0
5,12.972729,77.595636,1,2026-01-16 21:00:00,2026-01-16 21:00:00,0.07471040085243098,0.0
5,12.972739,77.597486,1,2026-01-16 15:00:00,2026-01-16 15:00:00,0.13757249000910435,0.0
5,12.972745,77.593177,1,2026-01-23 22:00:00,2026-01-23 22:00:00,0.0,0.0
5,12.972775,77.596,1,2026-01-21 14:00:00,2026-01-21 14:00:00,0.04412151188257691,0.0
5,12.972792,77.593853,1,2026-01-20 19:00:00,2026-01-20 19:00:00,0.05951480185270027,0.0
5,12.972793,77.594442,1,2026-01-02 19:00:00,2026-01-02 19:00:00,0.06199675107459566,0.0
5,12.972949,77.590074,1,2026-01-16 09:00:00,2026-01-16 09:00:00,0.07170992941480107,0.0
5,12.972974,77.595398,1,2026-01-01 12:00:00,2026-01-01 12:00:00,0.0,0.0
5,12.972984,77.59425,1,2026-01-20 07:00:00,2026-01-20 07:00:00,0.09809753710664426,0.0
5,12.973015,77.594595,1,2026-01-20 01:00:00,2026-01-20 01:00:00,0.048974278361762706,0.0
5,12.973041,77.594719,1,2026-01-13 12:00:00,2026-01-13 12:00:00,0.0,0.0
5,12.973067,77.596261,1,2026-01-12 05:00:00,2026-01-12 05:00:00,0.08875638882424228,0.0
5,12.973098,77.597078,1,2026-01-06 05:00:00,2026-01-06 05:00:00,0.04541798646894541,0.0
5,12.973127,77.595794,1,2026-01-15 20:00:00,2026-01-15 20:00:00,0.0452605895267629,0.0
5,12.973175,77.593688,1,2026-01-07 06:00:00,2026-01-07 06:00:00,0.0,0.0
5,12.973215,77.594641,1,2026-01-09 20:00:00,2026-01-09 20:00:00,0.04375372065034544,0.0
5,12.973226,77.595985,1,2026-01-28 09:00:00,2026-01-28 09:00:00,0.08219992931854649,0.0
5,12.973243,77.595411,1,2026-01-03 14:00:00,2026-01-03 14:00:00,0.0,0.0
5,12.973247,77.594995,1,2026-01-04 09:00:00,2026-01-04 09:00:00,0.07490935387830532,0.0
5,12.973265,77.597551,1,2026-01-24 05:00:00,2026-01-24 05:00:00,0.0,0.0
5,12.973267,77.594246,1,2026-01-25 06:00:00,2026-01-25 06:00:00,0.0,0.0
5,12.973298,77.599092,1,2026-01-27 02:00:00,2026-01-27 02:00:00,0.06541261936772881,0.0
5,12.97334,77.591556,1,2026-01-28 03:00:00,2026-01-28 03:00:00,0.0,0.0
5,12.973361,77.594428,1,2026-01-29 04:00:00,2026-01-29 04:00:00,0.0,0.0
5,12.973401,77.597425,1,2026-01-19 00:00:00,2026-01-19 00:00:00,0.0,0.0
5,12.973418,77.594432,1,2026-01-30 05:00:00,2026-01-30 05:00:00,0.0,0.0
5,12.973441,77.593187,1,2026-01-27 20:00:00,2026-01-27 20:00:00,0.10575495370224458,0.0
5,12.973443,77.592344,1,2026-01-19 06:00:00,2026-01-19 06:00:00,0.0,0.0
5,12.973468,77.592688,1,2026-01-06 23:00:00,2026-01-06 23:00:00,0.04479290348952585,0.0
5,12.973529,77.595593,1,2026-01-17 04:00:00,2026-01-17 04:00:00,0.0,0.0
5,12.973603,77.598667,1,2026-01-24 23:00:00,2026-01-24 23:00:00,0.0,0.0
5,12.973662,77.594408,1,2026-01-05 10:00:00,2026-01-05 10:00:00,0.0,0.0
5,12.973693,77.593737,1,2026-01-14 01:00:00,2026-01-14 01:00:00,0.0,0.0
5,12.973694,77.597545,1,2026-01-01 00:00:00,2026-01-01 00:00:00,0.0,0.0
5,12.973702,77.597509,1,2026-01-26 07:00:00,2026-01-26 07:00:00,0.0,0.0
5,12.973729,77.594955,1,2026-01-05 04:00:00,2026-01-05 04:00:00,0.0793164657240009,0.0
5,12.973754,77.591407,1,2026-01-18 05:00:00,2026-01-18 05:00:00,0.05557056545011805,0.0
5,12.973786,77.595156,1,2026-01-08 07:00:00,2026-01-08 07:00:00,0.0,0.0
5,12.973874,77.594888,1,2026-01-17 16:00:00,2026-01-17 16:00:00,0.0,0.0
5,12.97388,77.596902,1,2026-01-14 07:00:00,2026-01-14 07:00:00,0.05882370541619287,0.0
5,12.973909,77.5966,1,2026-01-08 01:00:00,2026-01-08 01:00:00,0.045957344908309314,0.0
5,12.973925,77.597194,1,2026-01-02 07:00:00,2026-01-02 07:00:00,0.0,0.0
5,12.973939,77.590625,1,2026-01-14 01:00:00,2026-01-14 01:00:00,0.08496791950633598,0.0
5,12.973964,77.592803,1,2026-01-07 12:00:00,2026-01-07 12:00:00,0.021997603790071086,0.0
5,12.973965,77.594895,1,2026-01-17 22:00:00,2026-01-17 22:00:00,0.0,0.0
5,12.973966,77.592632,1,2026-01-09 02:00:00,2026-01-09 02:00:00,0.06713571161244768,0.0
5,12.973977,77.596838,1,2026-01-25 00:00:00,2026-01-25 00:00:00,0.0,0.0
5,12.974005,77.595498,1,2026-01-28 15:00:00,2026-01-28 15:00:00,0.054235966413415604,0.0
5,12.974006,77.591748,1,2026-01-17 10:00:00,2026-01-17 10:00:00,0.07188442011952442,0.0
5,12.974175,77.597272,1,2026-01-15 02:00:00,2026-01-15 02:00:00,0.06884403246123387,0.0
5,12.974201,77.595077,1,2026-01-09 08:00:00,2026-01-09 08:00:00,0.04557194956431427,0.0
5,12.974218,77.594428,1,2026-01-30 23:00:00,2026-01-30 23:00:00,0.08476410497676785,0.0
5,12.974273,77.593484,1,2026-01-10 21:00:00,2026-01-10 21:00:00,0.0,0.0
5,12.974288,77.592829,1,2026-01-26 07:00:00,2026-01-26 07:00:00,0.0705520427441927,0.0
5,12.974291,77.594696,1,2026-01-17 22:00:00,2026-01-17 22:00:00,0.008517435039061947,0.0
5,12.974422,77.598802,1,2026-01-27 14:00:00,2026-01-27 14:00:00,0.0968458586575911,0.0
5,12.974471,77.596591,1,2026-01-18 17:00:00,2026-01-18 17:00:00,0.07351850514145956,0.0
5,12.974478,77.599886,1,2026-01-04 21:00:00,2026-01-04 21:00:00,0.09374898726936869,0.0
5,12.974511,77.593025,1,2026-01-07 12:00:00,2026-01-07 12:00:00,0.0,0.0
5,12.974537,77.592629,1,2026-01-18 11:00:00,2026-01-18 11:00:00,0.02280539779548037,0.0
5,12.974633,77.597626,1,2026-01-01 00:00:00,2026-01-01 00:00:00,0.0,0.0
5,12.974668,77.591251,1,2026-01-20 13:00:00,2026-01-20 13:00:00,0.1247874539129805,0.0
5,12.97471,77.594458,1,2026-01-23 22:00:00,2026-01-23 22:00:00,0.04237146721149387,0.0
5,12.974736,77.598504,1,2026-01-22 15:00:00,2026-01-22 15:00:00,0.06639708179854374,0.0
5,12.97484,77.593833,1,2026-01-11 10:00:00,2026-01-11 10:00:00,0.05940870331042598,0.0
5,12.974901,77.594631,1,2026-01-06 17:00:00,2026-01-06 17:00:00,0.0,0.0
5,12.974924,77.593224,1,2026-01-22 03:00:00,2026-01-22 03:00:00,0.0,0.0
5,12.974936,77.592527,1,2026-01-10 03:00:00,2026-01-10 03:00:00,0.09820972788476642,0.0
5,12.974952,77.59583,1,2026-01-25 12:00:00,2026-01-25 12:00:00,0.04290708946457084,0.0
5,12.974963,77.592231,1,2026-01-16 03:00:00,2026-01-16 03:00:00,0.09056392311090168,0.0
5,12.975068,77.59733,1,2026-01-05 10:00:00,2026-01-05 10:00:00,0.10983775475049334,0.0
5,12.975097,77.593456,1,2026-01-24 11:00:00,2026-01-24 11:00:00,0.08323243081921251,0.0
5,12.975129,77.592213,1,2026-01-23 16:00:00,2026-01-23 16:00:00,0.1319001407299258,0.0
5,12.975145,77.595804,1,2026-01-21 08:00:00,2026-01-21 08:00:00,0.06441003909611868,0.0
5,12.975145,77.598074,1,2026-01-29 22:00:00,2026-01-29 22:00:00,0.0665438339307693,0.0
5,12.975145,77.59919,1,2026-01-08 13:00:00,2026-01-08 13:00:00,0.0,0.0
5,12.975163,77.593635,1,2026-01-27 08:00:00,2026-01-27 08:00:00,0.0,0.0
5,12.975163,77.5963,1,2026-01-10 09:00:00,2026-01-10 09:00:00,0.07012830646049767,0.0
5,12.975208,77.594521,1,2026-01-15 14:00:00,2026-01-15 14:00:00,0.0,0.0
5,12.97523,77.596285,1,2026-01-18 17:00:00,2026-01-18 17:00:00,0.0,0.0
5,12.975291,77.596497,1,2026-01-26 01:00:00,2026-01-26 01:00:00,0.0,0.0
5,12.975299,77.59738,1,2026-01-07 06:00:00,2026-01-07 06:00:00,0.04963810408418828,0.0
5,12.975311,77.595662,1,2026-01-26 01:00:00,2026-01-26 01:00:00,0.056811703485321316,0.0
5,12.975322,77.594837,1,2026-01-06 17:00:00,2026-01-06 17:00:00,0.13528816511159467,0.0
5,12.975326,77.592828,1,2026-01-22 21:00:00,2026-01-22 21:00:00,0.10587611458943565,0.0
5,12.975339,77.597271,1,2026-01-02 01:00:00,2026-01-02 01:00:00,0.048831418381497585,0.0
5,12.975448,77.597098,1,2026-01-03 20:00:00,2026-01-03 20:00:00,0.05151012825608861,0.0
5,12.975473,77.595438,1,2026-01-29 04:00:00,2026-01-29 04:00:00,0.037168229702945026,0.0
5,12.975509,77.592025,1,2026-01-08 19:00:00,2026-01-08 19:00:00,0.13310606797231836,0.0
5,12.975552,77.594957,1,2026-01-09 14:00:00,2026-01-09 14:00:00,0.0,0.0
5,12.975629,77.591735,1,2026-01-04 03:00:00,2026-01-04 03:00:00,0.0,0.0
5,12.975634,77.594657,1,2026-01-27 02:00:00,2026-01-27 02:00:00,0.0,0.0
5,12.975671,77.595712,1,2026-01-29 10:00:00,2026-01-29 10:00:00,0.0,0.0
5,12.975715,77.59298,1,2026-01-18 05:00:00,2026-01-18 05:00:00,0.0,0.0
5,12.975733,77.595339,1,2026-01-27 08:00:00,2026-01-27 08:00:00,0.012785993018926333,0.0
5,12.97581,77.595888,1,2026-01-19 18:00:00,2026-01-19 18:00:00,0.0,0.0
5,12.975816,77.594755,1,2026-01-07 00:00:00,2026-01-07 00:00:00,0.34823047242448185,0.0
5,12.97611,77.59763,1,2026-01-20 19:00:00,2026-01-20 19:00:00,0.0,0.0
5,12.976111,77.59846,1,2026-01-17 16:00:00,2026-01-17 16:00:00,0.130510494052482,0.0
5,12.976133,77.596255,1,2026-01-08 19:00:00,2026-01-08 19:00:00,0.0,0.0
5,12.976158,77.598121,1,2026-01-19 06:00:00,2026-01-19 06:00:00,0.052756314432553714,0.0
5,12.976185,77.594928,1,2026-01-07 18:00:00,2026-01-07 18:00:00,0.04702340411748299,0.0
5,12.976255,77.598763,1,2026-01-10 15:00:00,2026-01-10 15:00:00,0.0,0.0
5,12.9763,77.593252,1,2026-01-28 21:00:00,2026-01-28 21:00:00,0.0595777000683004,0.0
5,12.976444,77.596799,1,2026-01-19 18:00:00,2026-01-19 18:00:00,0.16036399342529986,0.0
5,12.976527,77.594298,1,2026-01-16 15:00:00,2026-01-16 15:00:00,0.0,0.0
5,12.976575,77.591078,1,2026-01-19 00:00:00,2026-01-19 00:00:00,0.9163338307446758,0.0
5,12.976642,77.59702,1,2026-01-09 14:00:00,2026-01-09 14:00:00,0.11423668367910234,0.0
5,12.976776,77.597638,1,2026-01-20 07:00:00,2026-01-20 07:00:00,0.0,0.0
5,12.977771,77.594604,1,2026-01-10 21:00:00,2026-01-10 21:00:00,0.08212975589283973,0.0
5,12.978272,77.598278,1,2026-01-13 12:00:00,2026-01-13 12:00:00,0.12723017967325098,0.0
5,12.978773,77.598859,1,2026-01-08 07:00:00,2026-01-08 07:00:00,0.09950119455355401,0.0
6,12.978153,77.605202,1,2026-01-22 03:00:00,2026-01-22 03:00:00,0.0,0.0
6,12.979516,77.610734,1,2026-01-12 17:00:00,2026-01-12 17:00:00,0.0,0.0
6,12.980467,77.604072,1,2026-01-22 09:00:00,2026-01-22 09:00:00,0.04777797108533921,0.0
6,12.980607,77.608349,1,2026-01-13 12:00:00,2026-01-13 12:00:00,0.0,0.0
6,12.98084,77.609339,1,2026-01-09 20:00:00,2026-01-09 20:00:00,0.0,0.0
6,12.981103,77.608912,1,2026-01-23 22:00:00,2026-01-23 22:00:00,0.0,0.0
6,12.981165,77.609001,1,2026-01-01 12:00:00,2026-01-01 12:00:00,0.0,0.0
6,12.98117,77.608653,1,2026-01-03 08:00:00,2026-01-03 08:00:00,0.0746278538325744,0.0
6,12.981224,77.610308,1,2026-01-14 01:00:00,2026-01-14 01:00:00,0.0,0.0
6,12.981262,77.606505,1,2026-01-30 11:00:00,2026-01-30 11:00:00,0.0,0.0
6,12.981346,77.608233,1,2026-01-01 06:00:00,2026-01-01 06:00:00,0.0,0.0
6,12.981537,77.60273,1,2026-01-02 13:00:00,2026-01-02 13:00:00,0.14809770984594958,0.0
6,12.981622,77.611568,1,2026-01-12 17:00:00,2026-01-12 17:00:00,0.0665429959119352,0.0
6,12.98163,77.604381,1,2026-01-23 22:00:00,2026-01-23 22:00:00,0.12244091528703098,0.0
6,12.981743,77.608793,1,2026-01-01 18:00:00,2026-01-01 18:00:00,0.011397063645159479,0.0
6,12.98181,77.607746,1,2026-01-10 15:00:00,2026-01-10 15:00:00,0.08681996203918864,0.0
6,12.981818,77.60829,1,2026-01-09 08:00:00,2026-01-09 08:00:00,0.06434116777011249,0.0
6,12.981827,77.610707,1,2026-01-02 07:00:00,2026-01-02 07:00:00,0.0,0.0
6,12.98196,77.604709,1,2026-01-03 02:00:00,2026-01-03 02:00:00,0.0,0.0
6,12.981969,77.610572,1,2026-01-27 08:00:00,2026-01-27 08:00:00,0.08848714889559262,0.0
6,12.982095,77.610964,1,2026-01-23 16:00:00,2026-01-23 16:00:00,0.09751696421085794,0.0
6,12.982143,77.608976,1,2026-01-25 00:00:00,2026-01-25 00:00:00,0.0,0.0
6,12.982204,77.610603,1,2026-01-26 01:00:00,2026-01-26 01:00:00,0.060704053329689076,0.0
6,12.982211,77.608956,1,2026-01-02 13:00:00,2026-01-02 13:00:00,0.0,0.0
6,12.982301,77.606603,1,2026-01-26 07:00:00,2026-01-26 07:00:00,0.0,0.0
6,12.982374,77.605659,1,2026-01-26 19:00:00,2026-01-26 19:00:00,0.039332760360407476,0.0
6,12.982387,77.609013,1,2026-01-24 05:00:00,2026-01-24 05:00:00,0.0,0.0
6,12.982438,77.606793,1,2026-01-25 18:00:00,2026-01-25 18:00:00,0.07252478777421123,0.0
6,12.982439,77.604653,1,2026-01-02 01:00:00,2026-01-02 01:00:00,0.0,0.0
6,12.982515,77.604447,1,2026-01-22 21:00:00,2026-01-22 21:00:00,0.0,0.0
6,12.982527,77.605917,1,2026-01-02 01:00:00,2026-01-02 01:00:00,0.04740553957016489,0.0
6,12.982631,77.610111,1,2026-01-01 00:00:00,2026-01-01 00:00:00,0.0,0.0
6,12.982674,77.60504,1,2026-01-05 10:00:00,2026-01-05 10:00:00,0.036467420312072514,0.0
6,12.982787,77.607422,1,2026-01-03 02:00:00,2026-01-03 02:00:00,0.026068746141626038,0.0
6,12.982852,77.606939,1,2026-01-18 05:00:00,2026-01-18 05:00:00,0.0,0.0
6,12.982904,77.60649,1,2026-01-03 08:00:00,2026-01-03 08:00:00,0.0,0.0
6,12.982947,77.60886,1,2026-01-13 00:00:00,2026-01-13 00:00:00,0.0,0.0
6,12.982963,77.611506,1,2026-01-03 14:00:00,2026-01-03 14:00:00,0.09306995759189078,0.0
6,12.982968,77.609881,1,2026-01-01 06:00:00,2026-01-01 06:00:00,0.11652454049143046,0.0
6,12.982999,77.605926,1,2026-01-04 15:00:00,2026-01-04 15:00:00,0.0591516144281037,0.0
6,12.983016,77.608878,1,2026-01-14 19:00:00,2026-01-14 19:00:00,0.02576289170897547,0.0
6,12.983142,77.601002,1,2026-01-12 23:00:00,2026-01-12 23:00:00,0.19268661673104526,0.0
6,12.983174,77.604649,1,2026-01-11 04:00:00,2026-01-11 04:00:00,0.0732940326833187,0.0
6,12.983218,77.60918,1,2026-01-27 14:00:00,2026-01-27 14:00:00,0.03442263388885576,0.0
6,12.983276,77.607696,1,2026-01-18 17:00:00,2026-01-18 17:00:00,0.0,0.0
6,12.983281,77.604652,1,2026-01-05 10:00:00,2026-01-05 10:00:00,0.0,0.0
6,12.983329,77.606751,1,2026-01-25 00:00:00,2026-01-25 00:00:00,0.5167152084737539,0.0
6,12.983361,77.605479,1,2026-01-07 06:00:00,2026-01-07 06:00:00,0.0,0.0
6,12.983375,77.60443,1,2026-01-21 20:00:00,2026-01-21 20:00:00,0.0,0.0
6,12.983388,77.606813,1,2026-01-29 10:00:00,2026-01-29 10:00:00,0.0,0.0
6,12.983418,77.609734,1,2026-01-09 20:00:00,2026-01-09 20:00:00,0.13117395741366059,0.0
6,12.983458,77.607322,1,2026-01-18 23:00:00,2026-01-18 23:00:00,0.0,0.0
6,12.983521,77.608916,1,2026-01-10 09:00:00,2026-01-10 09:00:00,0.017848345239066362,0.0
6,12.983528,77.60907,1,2026-01-04 09:00:00,2026-01-04 09:00:00,0.0,0.0
6,12.983538,77.608347,1,2026-01-16 03:00:00,2026-01-16 03:00:00,0.0,0.0
6,12.983675,77.608235,1,2026-01-06 17:00:00,2026-01-06 17:00:00,0.0,0.0
6,12.983691,77.609144,1,2026-01-25 06:00:00,2026-01-25 06:00:00,0.0,0.0
6,12.983694,77.606318,1,2026-01-27 02:00:00,2026-01-27 02:00:00,0.023462406278872118,0.0
6,12.983699,77.607669,1,2026-01-14 13:00:00,2026-01-14 13:00:00,0.0,0.0
6,12.983728,77.610483,1,2026-01-25 12:00:00,2026-01-25 12:00:00,0.024852396031897525,0.0
6,12.983752,77.605056,1,2026-01-05 16:00:00,2026-01-05 16:00:00,0.0,0.0
6,12.983764,77.607534,1,2026-01-12 05:00:00,2026-01-12 05:00:00,0.03067754711894217,0.0
6,12.983783,77.607258,1,2026-01-16 21:00:00,2026-01-16 21:00:00,0.06535284135950388,0.0
6,12.983805,77.608898,1,2026-01-23 04:00:00,2026-01-23 04:00:00,0.0,0.0
6,12.983809,77.604693,1,2026-01-25 06:00:00,2026-01-25 06:00:00,0.08526391191105692,0.0
6,12.983819,77.603909,1,2026-01-05 22:00:00,2026-01-05 22:00:00,0.02131694839404862,0.0
6,12.983839,77.610302,1,2026-01-19 06:00:00,2026-01-19 06:00:00,0.0,0.0
6,12.98386,77.608209,1,2026-01-06 17:00:00,2026-01-06 17:00:00,0.06017818784252607,0.0
6,12.983922,77.605528,1,2026-01-11 16:00:00,2026-01-11 16:00:00,0.0,0.0
6,12.983933,77.608875,1,2026-01-15 02:00:00,2026-01-15 02:00:00,0.0,0.0
6,12.983958,77.603679,1,2026-01-01 00:00:00,2026-01-01 00:00:00,0.0,0.0
6,12.983995,77.606771,1,2026-01-21 08:00:00,2026-01-21 08:00:00,0.013163299079384766,0.0
6,12.984026,77.607846,1,2026-01-28 09:00:00,2026-01-28 09:00:00,0.0,0.0
6,12.984052,77.608921,1,2026-01-08 13:00:00,2026-01-08 13:00:00,0.0,0.0
6,12.984082,77.608162,1,2026-01-24 11:00:00,2026-01-24 11:00:00,0.03518890956809243,0.0
6,12.984095,77.604974,1,2026-01-06 11:00:00,2026-01-06 11:00:00,0.0,0.0
6,12.984127,77.607711,1,2026-01-30 05:00:00,2026-01-30 05:00:00,0.0,0.0
6,12.984193,77.610817,1,2026-01-09 02:00:00,2026-01-09 02:00:00,0.05107934835224771,0.0
6,12.984194,77.606984,1,2026-01-21 14:00:00,2026-01-21 14:00:00,0.005408225062453005,0.0
6,12.984289,77.607539,1,2026-01-11 10:00:00,2026-01-11 10:00:00,0.05747140201266591,0.0
6,12.9843,77.60158,1,2026-01-13 00:00:00,2026-01-13 00:00:00,0.6849000249813867,0.0
6,12.984327,77.609878,1,2026-01-24 23:00:00,2026-01-24 23:00:00,0.0955316970641981,0.0
6,12.984357,77.607825,1,2026-01-15 20:00:00,2026-01-15 20:00:00,0.0,0.0
6,12.984359,77.606052,1,2026-01-05 04:00:00,2026-01-05 04:00:00,0.0,0.0
6,12.984387,77.609672,1,2026-01-11 16:00:00,2026-01-11 16:00:00,0.05181823771097235,0.0
6,12.98442,77.607279,1,2026-01-02 19:00:00,2026-01-02 19:00:00,0.051456692487277654,0.0
6,12.984441,77.60613,1,2026-01-26 13:00:00,2026-01-26 13:00:00,0.040662409941918685,0.0
6,12.98447,77.609714,1,2026-01-13 18:00:00,2026-01-13 18:00:00,0.0,0.0
6,12.984475,77.606555,1,2026-01-15 20:00:00,2026-01-15 20:00:00,0.07751079072520066,0.0
6,12.984483,77.608914,1,2026-01-10 03:00:00,2026-01-10 03:00:00,0.05832701908004576,0.0
6,12.984561,77.606357,1,2026-01-03 14:00:00,2026-01-03 14:00:00,0.0,0.0
6,12.984587,77.60955,1,2026-01-12 11:00:00,2026-01-12 11:00:00,0.0,0.0
6,12.98459,77.607763,1,2026-01-08 13:00:00,2026-01-08 13:00:00,0.02217905695731491,0.0
6,12.984621,77.604924,1,2026-01-28 09:00:00,2026-01-28 09:00:00,0.022714501314323576,0.0
6,12.984636,77.607531,1,2026-01-09 08:00:00,2026-01-09 08:00:00,0.0,0.0
6,12.984637,77.606469,1,2026-01-21 02:00:00,2026-01-21 02:00:00,0.0,0.0
6,12.984652,77.60701,1,2026-01-07 12:00:00,2026-01-07 12:00:00,0.0,0.0
6,12.984664,77.610161,1,2026-01-28 15:00:00,2026-01-28 15:00:00,0.04455222483697845,0.0
6,12.984707,77.611582,1,2026-01-04 15:00:00,2026-01-04 15:00:00,0.0,0.0
6,12.984715,77.607067,1,2026-01-11 22:00:00,2026-01-11 22:00:00,0.0321212269142896,0.0
6,12.984716,77.608095,1,2026-01-17 04:00:00,2026-01-17 04:00:00,0.007637097751212957,0.0
6,12.984722,77.60553,1,2026-01-21 02:00:00,2026-01-21 02:00:00,0.06547229655175744,0.0
6,12.984733,77.609647,1,2026-01-20 19:00:00,2026-01-20 19:00:00,0.0,0.0
6,12.984747,77.60528,1,2026-01-02 07:00:00,2026-01-02 07:00:00,0.04437309237933442,0.0
6,12.984749,77.608132,1,2026-01-27 08:00:00,2026-01-27 08:00:00,0.0,0.0
6,12.984769,77.606439,1,2026-01-23 10:00:00,2026-01-23 10:00:00,0.0490032029461188,0.0
6,12.984779,77.606773,1,2026-01-09 14:00:00,2026-01-09 14:00:00,0.014311500645043553,0.0
6,12.984786,77.607159,1,2026-01-15 08:00:00,2026-01-15 08:00:00,0.035554039780858575,0.0
6,12.9848,77.606694,1,2026-01-15 14:00:00,2026-01-15 14:00:00,0.008631209279009169,0.0
6,12.98483,77.609289,1,2026-01-22 15:00:00,2026-01-22 15:00:00,0.12618020653273557,0.0
6,12.984845,77.606997,1,2026-01-04 03:00:00,2026-01-04 03:00:00,0.006364481580955768,0.0
6,12.984857,77.608323,1,2026-01-16 15:00:00,2026-01-16 15:00:00,0.09329674417212912,0.0
6,12.984899,77.607651,1,2026-01-16 21:00:00,2026-01-16 21:00:00,0.0,0.0
6,12.984934,77.607764,1,2026-01-20 01:00:00,2026-01-20 01:00:00,0.015545813577529818,0.0
6,12.98498,77.604929,1,2026-01-17 16:00:00,2026-01-17 16:00:00,0.024987117968164302,0.0
6,12.985053,77.60915,1,2026-01-14 01:00:00,2026-01-14 01:00:00,0.012899805264337308,0.0
6,12.985205,77.608399,1,2026-01-06 05:00:00,2026-01-06 05:00:00,0.0,0.0
6,12.985243,77.607039,1,2026-01-03 20:00:00,2026-01-03 20:00:00,0.01789457217775445,0.0
6,12.985249,77.610977,1,2026-01-24 23:00:00,2026-01-24 23:00:00,0.0,0.0
6,12.985255,77.60908,1,2026-01-12 11:00:00,2026-01-12 11:00:00,0.03984950652957454,0.0
6,12.985303,77.610122,1,2026-01-18 23:00:00,2026-01-18 23:00:00,0.058653789196242485,0.0
6,12.985305,77.608698,1,2026-01-07 18:00:00,2026-01-07 18:00:00,0.03357975483138165,0.0
6,12.985313,77.606811,1,2026-01-08 07:00:00,2026-01-08 07:00:00,0.0,0.0
6,12.985322,77.60781,1,2026-01-08 19:00:00,2026-01-08 19:00:00,0.0,0.0
6,12.985326,77.608666,1,2026-01-11 22:00:00,2026-01-11 22:00:00,0.0,0.0
6,12.98538,77.606215,1,2026-01-17 10:00:00,2026-01-17 10:00:00,0.034064773887346335,0.0
6,12.985402,77.609621,1,2026-01-04 03:00:00,2026-01-04 03:00:00,0.0,0.0
6,12.985479,77.605726,1,2026-01-19 12:00:00,2026-01-19 12:00:00,0.09018785829453141,0.0
6,12.985482,77.606805,1,2026-01-04 09:00:00,2026-01-04 09:00:00,0.052267265747933674,0.0
6,12.985505,77.610062,1,2026-01-19 18:00:00,2026-01-19 18:00:00,0.08044869959022827,0.0
6,12.985549,77.605628,1,2026-01-07 00:00:00,2026-01-07 00:00:00,0.3585055199056044,0.0
6,12.985551,77.606123,1,2026-01-30 05:00:00,2026-01-30 05:00:00,0.019006549053587285,0.0
6,12.985587,77.6052,1,2026-01-14 19:00:00,2026-01-14 19:00:00,0.0,0.0
6,12.985599,77.607476,1,2026-01-20 07:00:00,2026-01-20 07:00:00,0.0,0.0
6,12.985603,77.609041,1,2026-01-20 01:00:00,2026-01-20 01:00:00,0.0,0.0
6,12.985633,77.605613,1,2026-01-28 03:00:00,2026-01-28 03:00:00,0.0,0.0
6,12.985642,77.607159,1,2026-01-20 19:00:00,2026-01-20 19:00:00,0.0653476793042072,0.0
6,12.985644,77.608862,1,2026-01-05 04:00:00,2026-01-05 04:00:00,0.06656266952240121,0.0
6,12.985662,77.607313,1,2026-01-29 22:00:00,2026-01-29 22:00:00,0.0232560908353463,0.0
6,12.985699,77.608845,1,2026-01-06 23:00:00,2026-01-06 23:00:00,0.03922034241578818,0.0
6,12.985718,77.608459,1,2026-01-08 19:00:00,2026-01-08 19:00:00,0.03207634713270207,0.0
6,12.985746,77.607232,1,2026-01-11 10:00:00,2026-01-11 10:00:00,0.0,0.0
6,12.985858,77.607532,1,2026-01-12 23:00:00,2026-01-12 23:00:00,0.0,0.0
6,12.985862,77.606285,1,2026-01-23 04:00:00,2026-01-23 04:00:00,0.060724457679207866,0.0
6,12.98591,77.607819,1,2026-01-19 18:00:00,2026-01-19 18:00:00,0.0,0.0
6,12.98593,77.609256,1,2026-01-26 01:00:00,2026-01-26 01:00:00,0.0,0.0
6,12.985967,77.607532,1,2026-01-15 02:00:00,2026-01-15 02:00:00,0.03757459833837506,0.0
6,12.98607,77.607214,1,2026-01-14 13:00:00,2026-01-14 13:00:00,0.08382852839785254,0.0
6,12.986083,77.608474,1,2026-01-26 07:00:00,2026-01-26 07:00:00,0.014783793820788671,0.0
6,12.986124,77.60926,1,2026-01-30 23:00:00,2026-01-30 23:00:00,0.01590887479399994,0.0
6,12.986158,77.611901,1,2026-01-24 05:00:00,2026-01-24 05:00:00,0.09339073329479207,0.0
6,12.98616,77.607597,1,2026-01-07 18:00:00,2026-01-07 18:00:00,0.0,0.0
6,12.986166,77.605129,1,2026-01-29 04:00:00,2026-01-29 04:00:00,0.11802904944520318,0.0
6,12.986203,77.60852,1,2026-01-07 12:00:00,2026-01-07 12:00:00,0.07722432472801162,0.0
6,12.986285,77.610051,1,2026-01-08 01:00:00,2026-01-08 01:00:00,0.03907620661469729,0.0
6,12.986313,77.609019,1,2026-01-10 09:00:00,2026-01-10 09:00:00,0.0,0.0
6,12.986344,77.605796,1,2026-01-19 00:00:00,2026-01-19 00:00:00,0.0,0.0
6,12.98636,77.60888,1,2026-01-17 16:00:00,2026-01-17 16:00:00,0.0,0.0
6,12.986378,77.607962,1,2026-01-10 21:00:00,2026-01-10 21:00:00,0.0,0.0
6,12.986484,77.609519,1,2026-01-16 15:00:00,2026-01-16 15:00:00,0.0,0.0
6,12.9865,77.608227,1,2026-01-06 11:00:00,2026-01-06 11:00:00,0.024237563677708004,0.0
6,12.986604,77.609448,1,2026-01-27 02:00:00,2026-01-27 02:00:00,0.0,0.0
6,12.986626,77.610839,1,2026-01-16 03:00:00,2026-01-16 03:00:00,0.059995216316039844,0.0
6,12.986635,77.605719,1,2026-01-13 12:00:00,2026-01-13 12:00:00,0.09686985302578278,0.0
6,12.986647,77.606335,1,2026-01-17 22:00:00,2026-01-17 22:00:00,0.0,0.0
6,12.986652,77.605593,1,2026-01-13 18:00:00,2026-01-13 18:00:00,0.12326112087545858,0.0
6,12.986826,77.605776,1,2026-01-20 07:00:00,2026-01-20 07:00:00,0.06468691971845049,0.0
6,12.986841,77.605103,1,2026-01-17 04:00:00,2026-01-17 04:00:00,0.0,0.0
6,12.986859,77.606941,1,2026-01-29 16:00:00,2026-01-29 16:00:00,0.06444239334168225,0.0
6,12.986979,77.609195,1,2026-01-30 17:00:00,2026-01-30 17:00:00,0.11722446022755321,0.0
6,12.987011,77.611588,1,2026-01-18 11:00:00,2026-01-18 11:00:00,0.11573247813106191,0.0
6,12.987034,77.608272,1,2026-01-07 06:00:00,2026-01-07 06:00:00,0.05626269195505104,0.0
6,12.987095,77.607882,1,2026-01-21 20:00:00,2026-01-21 20:00:00,0.056342917725623075,0.0
6,12.987099,77.612492,1,2026-01-28 21:00:00,2026-01-28 21:00:00,0.0625409337449009,0.0
6,12.987165,77.608733,1,2026-01-30 11:00:00,2026-01-30 11:00:00,0.059468941189539,0.0
6,12.987167,77.608362,1,2026-01-08 07:00:00,2026-01-08 07:00:00,0.03535198793867362,0.0
6,12.987193,77.609566,1,2026-01-10 21:00:00,2026-01-10 21:00:00,0.05310678663645511,0.0
6,12.987197,77.605603,1,2026-01-24 17:00:00,2026-01-24 17:00:00,0.07479480355432873,0.0
6,12.987234,77.611749,1,2026-01-22 21:00:00,2026-01-22 21:00:00,0.06381595859713603,0.0
6,12.987397,77.608057,1,2026-01-27 20:00:00,2026-01-27 20:00:00,0.0802850776753068,0.0
6,12.987468,77.609853,1,2026-01-28 03:00:00,2026-01-28 03:00:00,0.028583840728743846,0.0
6,12.987489,77.612619,1,2026-01-04 21:00:00,2026-01-04 21:00:00,0.05508463419963295,0.0
6,12.987571,77.608443,1,2026-01-05 16:00:00,2026-01-05 16:00:00,0.10621808611199444,0.0
6,12.987686,77.608307,1,2026-01-01 12:00:00,2026-01-01 12:00:00,0.11763614552522933,0.0
6,12.987721,77.607036,1,2026-01-17 22:00:00,2026-01-17 22:00:00,0.04252178315047089,0.0
6,12.987803,77.604188,1,2026-01-09 14:00:00,2026-01-09 14:00:00,0.0,0.0
6,12.987847,77.602314,1,2026-01-29 04:00:00,2026-01-29 04:00:00,0.0,0.0
6,12.988039,77.606716,1,2026-01-06 05:00:00,2026-01-06 05:00:00,0.08060042592806929,0.0
6,12.988062,77.607508,1,2026-01-18 05:00:00,2026-01-18 05:00:00,0.029229062074137245,0.0
6,12.988205,77.611196,1,2026-01-14 07:00:00,2026-01-14 07:00:00,0.13056446798655078,0.0
6,12.988293,77.60484,1,2026-01-20 13:00:00,2026-01-20 13:00:00,0.06992941097552592,0.0
6,12.988617,77.604984,1,2026-01-16 09:00:00,2026-01-16 09:00:00,0.11301707833274156,0.0
6,12.988645,77.606809,1,2026-01-15 14:00:00,2026-01-15 14:00:00,0.0,0.0
6,12.988708,77.607781,1,2026-01-19 00:00:00,2026-01-19 00:00:00,0.5866593678217994,0.0
6,12.988799,77.606325,1,2026-01-22 03:00:00,2026-01-22 03:00:00,0.09136990827045689,0.0
6,12.989387,77.610156,1,2026-01-13 06:00:00,2026-01-13 06:00:00,0.12187890138371592,0.0
6,12.98949,77.608023,1,2026-01-29 10:00:00,2026-01-29 10:00:00,0.11022012073809463,0.0
6,12.989725,77.608231,1,2026-01-10 15:00:00,2026-01-10 15:00:00,0.0,0.0
6,12.989796,77.608127,1,2026-01-18 17:00:00,2026-01-18 17:00:00,0.08242096932818513,0.0
6,12.990563,77.606815,1,2026-01-19 06:00:00,2026-01-19 06:00:00,0.0805272846791941,0.0
7,12.946907,77.611504,1,2026-01-12 23:00:00,2026-01-12 23:00:00,0.12407378777737595,0.0
7,12.94836,77.613749,1,2026-01-02 07:00:00,2026-01-02 07:00:00,0.0,0.0
7,12.94861,77.608875,1,2026-01-22 21:00:00,2026-01-22 21:00:00,0.12591305475373346,0.0
7,12.948619,77.613408,1,2026-01-03 02:00:00,2026-01-03 02:00:00,0.0,0.0
7,12.949006,77.612158,1,2026-01-12 11:00:00,2026-01-12 11:00:00,0.0,0.0
7,12.949217,77.616144,1,2026-01-14 01:00:00,2026-01-14 01:00:00,0.0,0.0
7,12.949695,77.608439,1,2026-01-13 18:00:00,2026-01-13 18:00:00,0.13911054878384002,0.0
7,12.949828,77.612675,1,2026-01-04 09:00:00,2026-01-04 09:00:00,0.0,0.0
7,12.949861,77.613137,1,2026-01-11 10:00:00,2026-01-11 10:00:00,0.03735892307922623,0.0
7,12.94991,77.61515,1,2026-01-11 04:00:00,2026-01-11 04:00:00,0.13094852625488568,0.0
7,12.949942,77.613268,1,2026-01-21 20:00:00,2026-01-21 20:00:00,0.0,0.0
7,12.949983,77.611742,1,2026-01-14 19:00:00,2026-01-14 19:00:00,0.033415835868414616,0.0
7,12.950027,77.614941,1,2026-01-01 06:00:00,2026-01-01 06:00:00,0.0,0.0
7,12.950042,77.610778,1,2026-01-11 16:00:00,2026-01-11 16:00:00,0.10318959367951457,0.0
7,12.950076,77.613068,1,2026-01-16 21:00:00,2026-01-16 21:00:00,0.10268832721977446,0.0
7,12.950331,77.610676,1,2026-01-15 20:00:00,2026-01-15 20:00:00,0.0,0.0
7,12.950384,77.615423,1,2026-01-17 22:00:00,2026-01-17 22:00:00,0.0,0.0
7,12.950439,77.608199,1,2026-01-25 12:00:00,2026-01-25 12:00:00,0.059641443868848815,0.0
7,12.950448,77.612138,1,2026-01-21 02:00:00,2026-01-21 02:00:00,0.08227699055149905,0.0
7,12.950449,77.611853,1,2026-01-24 11:00:00,2026-01-24 11:00:00,0.06950558084896741,0.0
7,12.950472,77.611778,1,2026-01-02 19:00:00,2026-01-02 19:00:00,0.01455604483275906,0.0
7,12.950528,77.613338,1,2026-01-14 01:00:00,2026-01-14 01:00:00,0.0624139088042684,0.0
7,12.950705,77.616213,1,2026-01-02 01:00:00,2026-01-02 01:00:00,0.0670309352396931,0.0
7,12.95086,77.609473,1,2026-01-27 20:00:00,2026-01-27 20:00:00,0.07385283152149262,0.0
7,12.950886,77.617871,1,2026-01-26 01:00:00,2026-01-26 01:00:00,0.0,0.0
7,12.950928,77.612971,1,2026-01-22 03:00:00,2026-01-22 03:00:00,0.0,0.0
7,12.950942,77.610905,1,2026-01-20 13:00:00,2026-01-20 13:00:00,0.1602612683655583,0.0
7,12.95101,77.611306,1,2026-01-24 23:00:00,2026-01-24 23:00:00,0.07284435855956109,0.0
7,12.951032,77.609195,1,2026-01-21 20:00:00,2026-01-21 20:00:00,0.144790980047136,0.0
7,12.951082,77.615494,1,2026-01-03 08:00:00,2026-01-03 08:00:00,0.059883782670457936,0.0
7,12.951088,77.614605,1,2026-01-28 03:00:00,2026-01-28 03:00:00,0.08169396622838629,0.0
7,12.951155,77.612247,1,2026-01-27 02:00:00,2026-01-27 02:00:00,0.034413025919813364,0.0
7,12.951167,77.612142,1,2026-01-02 13:00:00,2026-01-02 13:00:00,0.0,0.0
7,12.951306,77.614585,1,2026-01-11 16:00:00,2026-01-11 16:00:00,0.0,0.0
7,12.951324,77.617806,1,2026-01-06 11:00:00,2026-01-06 11:00:00,0.0,0.0
7,12.951452,77.614719,1,2026-01-12 05:00:00,2026-01-12 05:00:00,0.09543194196838292,0.0
7,12.951517,77.613819,1,2026-01-15 14:00:00,2026-01-15 14:00:00,0.0,0.0
7,12.95154,77.611059,1,2026-01-01 00:00:00,2026-01-01 00:00:00,0.0,0.0
7,12.951574,77.61437,1,2026-01-26 19:00:00,2026-01-26 19:00:00,0.08235411709843467,0.0
7,12.951583,77.612096,1,2026-01-17 04:00:00,2026-01-17 04:00:00,0.022853822208825304,0.0
7,12.951591,77.614049,1,2026-01-04 03:00:00,2026-01-04 03:00:00,0.0,0.0
7,12.951628,77.61035,1,2026-01-15 14:00:00,2026-01-15 14:00:00,0.09156905895723971,0.0
7,12.951633,77.611317,1,2026-01-23 10:00:00,2026-01-23 10:00:00,0.0290919875551436,0.0
7,12.951652,77.611553,1,2026-01-11 22:00:00,2026-01-11 22:00:00,0.05661880336820505,0.0
7,12.951671,77.60849,1,2026-01-23 16:00:00,2026-01-23 16:00:00,0.05245501153688753,0.0
7,12.951679,77.61052,1,2026-01-25 06:00:00,2026-01-25 06:00:00,0.08834874667155364,0.0
7,12.951703,77.612946,1,2026-01-07 18:00:00,2026-01-07 18:00:00,0.05370997413585968,0.0
7,12.951755,77.611098,1,2026-01-05 22:00:00,2026-01-05 22:00:00,0.01843993203210276,0.0
7,12.95178,77.611621,1,2026-01-14 13:00:00,2026-01-14 13:00:00,0.0,0.0
7,12.951901,77.61484,1,2026-01-30 11:00:00,2026-01-30 11:00:00,0.07160175801438358,0.0
7,12.951989,77.615273,1,2026-01-19 00:00:00,2026-01-19 00:00:00,0.34098059215597937,0.0
7,12.952004,77.609969,1,2026-01-17 04:00:00,2026-01-17 04:00:00,0.0,0.0
7,12.95204,77.61444,1,2026-01-04 15:00:00,2026-01-04 15:00:00,0.05250353707966684,0.0
7,12.952072,77.612026,1,2026-01-20 07:00:00,2026-01-20 07:00:00,0.03807568026743557,0.0
7,12.952104,77.612235,1,2026-01-05 04:00:00,2026-01-05 04:00:00,0.0,0.0
7,12.95214,77.609825,1,2026-01-29 10:00:00,2026-01-29 10:00:00,0.0,0.0
7,12.952167,77.609957,1,2026-01-01 00:00:00,2026-01-01 00:00:00,0.0,0.0
7,12.952209,77.613721,1,2026-01-15 20:00:00,2026-01-15 20:00:00,0.012967014791649483,0.0
7,12.95228,77.614304,1,2026-01-21 08:00:00,2026-01-21 08:00:00,0.05432872527159247,0.0
7,12.952283,77.609356,1,2026-01-18 17:00:00,2026-01-18 17:00:00,0.0,0.0
7,12.952319,77.612745,1,2026-01-08 07:00:00,2026-01-08 07:00:00,0.0,0.0
7,12.952339,77.614422,1,2026-01-13 12:00:00,2026-01-13 12:00:00,0.05685338653889871,0.0
7,12.952355,77.611189,1,2026-01-19 00:00:00,2026-01-19 00:00:00,0.0,0.0
7,12.952391,77.609346,1,2026-01-19 06:00:00,2026-01-19 06:00:00,0.0342003160751661,0.0
7,12.952402,77.611482,1,2026-01-23 04:00:00,2026-01-23 04:00:00,0.010493198751307215,0.0
7,12.952418,77.613136,1,2026-01-27 14:00:00,2026-01-27 14:00:00,0.01833401685792686,0.0
7,12.952504,77.608811,1,2026-01-11 22:00:00,2026-01-11 22:00:00,0.0,0.0
7,12.952535,77.611351,1,2026-01-03 14:00:00,2026-01-03 14:00:00,0.04843590282471947,0.0
7,12.952569,77.610514,1,2026-01-05 04:00:00,2026-01-05 04:00:00,0.09813927850495674,0.0
7,12.952742,77.616175,1,2026-01-12 17:00:00,2026-01-12 17:00:00,0.10177984786127557,0.0
7,12.952748,77.611056,1,2026-01-05 16:00:00,2026-01-05 16:00:00,0.0,0.0
7,12.952762,77.613868,1,2026-01-05 10:00:00,2026-01-05 10:00:00,0.03266468589509534,0.0
7,12.952805,77.614698,1,2026-01-17 22:00:00,2026-01-17 22:00:00,0.049788052352797096,0.0
7,12.952823,77.613268,1,2026-01-26 07:00:00,2026-01-26 07:00:00,0.0,0.0
7,12.952876,77.614647,1,2026-01-27 02:00:00,2026-01-27 02:00:00,0.0,0.0
7,12.952881,77.612263,1,2026-01-27 08:00:00,2026-01-27 08:00:00,0.0,0.0
7,12.952914,77.609322,1,2026-01-01 06:00:00,2026-01-01 06:00:00,0.04109069106461901,0.0
7,12.952916,77.611536,1,2026-01-06 05:00:00,2026-01-06 05:00:00,0.0,0.0
7,12.952954,77.610889,1,2026-01-22 03:00:00,2026-01-22 03:00:00,0.06103835821849688,0.0
7,12.952972,77.616672,1,2026-01-04 21:00:00,2026-01-04 21:00:00,0.11056198935228694,0.0
7,12.952991,77.614594,1,2026-01-10 09:00:00,2026-01-10 09:00:00,0.08765277429436241,0.0
7,12.95302,77.612112,1,2026-01-16 21:00:00,2026-01-16 21:00:00,0.0,0.0
7,12.953054,77.613503,1,2026-01-25 18:00:00,2026-01-25 18:00:00,0.10971695441385797,0.0
7,12.953058,77.611411,1,2026-01-22 21:00:00,2026-01-22 21:00:00,0.0,0.0
7,12.953087,77.61073,1,2026-01-23 04:00:00,2026-01-23 04:00:00,0.0,0.0
7,12.953093,77.609199,1,2026-01-24 05:00:00,2026-01-24 05:00:00,0.0,0.0
7,12.953119,77.610909,1,2026-01-05 10:00:00,2026-01-05 10:00:00,0.0,0.0
7,12.953154,77.614524,1,2026-01-26 07:00:00,2026-01-26 07:00:00,0.07501200774964292,0.0
7,12.953182,77.61127,1,2026-01-14 13:00:00,2026-01-14 13:00:00,0.058507332878518115,0.0
7,12.953196,77.613605,1,2026-01-04 03:00:00,2026-01-04 03:00:00,0.035038559833505116,0.0
7,12.953213,77.611626,1,2026-01-16 09:00:00,2026-01-16 09:00:00,0.06759630171068996,0.0
7,12.953226,77.613693,1,2026-01-12 17:00:00,2026-01-12 17:00:00,0.0,0.0
7,12.953244,77.613441,1,2026-01-08 13:00:00,2026-01-08 13:00:00,0.0,0.0
7,12.953255,77.613308,1,2026-01-30 11:00:00,2026-01-30 11:00:00,0.0,0.0
7,12.95327,77.612286,1,2026-01-09 20:00:00,2026-01-09 20:00:00,0.0,0.0
7,12.953304,77.612679,1,2026-01-19 18:00:00,2026-01-19 18:00:00,0.0517094714025066,0.0
7,12.953317,77.615004,1,2026-01-13 12:00:00,2026-01-13 12:00:00,0.0,0.0
7,12.953324,77.609892,1,2026-01-19 12:00:00,2026-01-19 12:00:00,0.05647428954961243,0.0
7,12.953341,77.610125,1,2026-01-06 17:00:00,2026-01-06 17:00:00,0.0,0.0
7,12.953362,77.611151,1,2026-01-04 09:00:00,2026-01-04 09:00:00,0.0630126622638984,0.0
7,12.953442,77.607052,1,2026-01-25 06:00:00,2026-01-25 06:00:00,0.0,0.0
7,12.953497,77.611892,1,2026-01-09 08:00:00,2026-01-09 08:00:00,0.0,0.0
7,12.953534,77.611098,1,2026-01-18 05:00:00,2026-01-18 05:00:00,0.08508864545055475,0.0
7,12.953596,77.609127,1,2026-01-29 04:00:00,2026-01-29 04:00:00,0.0812415321784471,0.0
7,12.953661,77.610014,1,2026-01-01 12:00:00,2026-01-01 12:00:00,0.11358714484365053,0.0
7,12.953757,77.610597,1,2026-01-07 18:00:00,2026-01-07 18:00:00,0.0,0.0
7,12.953761,77.610285,1,2026-01-07 00:00:00,2026-01-07 00:00:00,0.4233991481121435,0.0
7,12.953771,77.612805,1,2026-01-29 16:00:00,2026-01-29 16:00:00,0.06302827304018553,0.0
7,12.953813,77.610964,1,2026-01-07 12:00:00,2026-01-07 12:00:00,0.0,0.0
7,12.953832,77.616361,1,2026-01-15 02:00:00,2026-01-15 02:00:00,0.0,0.0
7,12.953851,77.613702,1,2026-01-06 05:00:00,2026-01-06 05:00:00,0.053159405205146566,0.0
7,12.953861,77.612231,1,2026-01-17 16:00:00,2026-01-17 16:00:00,0.0,0.0
7,12.953874,77.613671,1,2026-01-20 19:00:00,2026-01-20 19:00:00,0.07478484817323854,0.0
7,12.953897,77.612086,1,2026-01-18 05:00:00,2026-01-18 05:00:00,0.0,0.0
7,12.953918,77.607957,1,2026-01-10 21:00:00,2026-01-10 21:00:00,0.0,0.0
7,12.953961,77.609223,1,2026-01-20 01:00:00,2026-01-20 01:00:00,0.07907466842564088,0.0
7,12.953974,77.613533,1,2026-01-10 15:00:00,2026-01-10 15:00:00,0.0,0.0
7,12.954021,77.611562,1,2026-01-03 20:00:00,2026-01-03 20:00:00,0.0362221939676266,0.0
7,12.954022,77.611613,1,2026-01-27 08:00:00,2026-01-27 08:00:00,0.060172530382408364,0.0
7,12.954081,77.612445,1,2026-01-20 01:00:00,2026-01-20 01:00:00,0.0,0.0
7,12.954132,77.611541,1,2026-01-30 17:00:00,2026-01-30 17:00:00,0.03659956207765728,0.0
7,12.954137,77.613766,1,2026-01-01 18:00:00,2026-01-01 18:00:00,0.05698188101400064,0.0
7,12.954172,77.608896,1,2026-01-08 19:00:00,2026-01-08 19:00:00,0.0,0.0
7,12.954176,77.610695,1,2026-01-01 12:00:00,2026-01-01 12:00:00,0.0,0.0
7,12.954184,77.614641,1,2026-01-07 06:00:00,2026-01-07 06:00:00,0.0,0.0
7,12.954185,77.611611,1,2026-01-08 13:00:00,2026-01-08 13:00:00,0.040512221905846725,0.0
7,12.954327,77.610852,1,2026-01-22 09:00:00,2026-01-22 09:00:00,0.07431382899552455,0.0
7,12.954332,77.6133,1,2026-01-18 23:00:00,2026-01-18 23:00:00,0.0,0.0
7,12.954344,77.610099,1,2026-01-29 04:00:00,2026-01-29 04:00:00,0.0,0.0
7,12.954349,77.612109,1,2026-01-13 06:00:00,2026-01-13 06:00:00,0.03934689609551323,0.0
7,12.954369,77.612252,1,2026-01-21 02:00:00,2026-01-21 02:00:00,0.0,0.0
7,12.954383,77.609062,1,2026-01-18 11:00:00,2026-01-18 11:00:00,0.05682523462500579,0.0
7,12.954393,77.612742,1,2026-01-19 06:00:00,2026-01-19 06:00:00,0.0,0.0
7,12.954406,77.612798,1,2026-01-08 19:00:00,2026-01-08 19:00:00,0.024639588068036854,0.0
7,12.954426,77.612881,1,2026-01-13 18:00:00,2026-01-13 18:00:00,0.0,0.0
7,12.954439,77.609859,1,2026-01-05 16:00:00,2026-01-05 16:00:00,0.03129359444304941,0.0
7,12.954448,77.61132,1,2026-01-18 23:00:00,2026-01-18 23:00:00,0.05423327211936311,0.0
7,12.954507,77.614611,1,2026-01-09 14:00:00,2026-01-09 14:00:00,0.05381445745744185,0.0
7,12.954514,77.612588,1,2026-01-12 11:00:00,2026-01-12 11:00:00,0.06921414188770571,0.0
7,12.954514,77.614346,1,2026-01-25 00:00:00,2026-01-25 00:00:00,0.0,0.0
7,12.954521,77.612174,1,2026-01-23 22:00:00,2026-01-23 22:00:00,0.08641623253308824,0.0
7,12.954591,77.612082,1,2026-01-22 15:00:00,2026-01-22 15:00:00,0.02334032930471087,0.0
7,12.954694,77.61185,1,2026-01-16 03:00:00,2026-01-16 03:00:00,0.07185213737183441,0.0
7,12.954698,77.609772,1,2026-01-16 15:00:00,2026-01-16 15:00:00,0.04407164985994944,0.0
7,12.954708,77.613587,1,2026-01-07 12:00:00,2026-01-07 12:00:00,0.02183855799977395,0.0
7,12.954739,77.614077,1,2026-01-26 01:00:00,2026-01-26 01:00:00,0.0283084302778624,0.0
7,12.954744,77.611631,1,2026-01-28 09:00:00,2026-01-28 09:00:00,0.0,0.0
7,12.954794,77.612863,1,2026-01-06 11:00:00,2026-01-06 11:00:00,0.04266384485482109,0.0
7,12.954836,77.609808,1,2026-01-09 14:00:00,2026-01-09 14:00:00,0.0,0.0
7,12.954887,77.61501,1,2026-01-09 08:00:00,2026-01-09 08:00:00,0.03922731929190702,0.0
7,12.954935,77.611149,1,2026-01-18 17:00:00,2026-01-18 17:00:00,0.040052315316291845,0.0
7,12.954936,77.611347,1,2026-01-24 17:00:00,2026-01-24 17:00:00,0.08377647703905743,0.0
7,12.954936,77.615127,1,2026-01-02 13:00:00,2026-01-02 13:00:00,0.12465666972339597,0.0
7,12.954951,77.613111,1,2026-01-08 07:00:00,2026-01-08 07:00:00,0.016876773265571916,0.0
7,12.954985,77.61402,1,2026-01-08 01:00:00,2026-01-08 01:00:00,0.057832447132170894,0.0
7,12.955014,77.612559,1,2026-01-30 05:00:00,2026-01-30 05:00:00,0.0,0.0
7,12.95504,77.616023,1,2026-01-29 10:00:00,2026-01-29 10:00:00,0.11066591636260825,0.0
7,12.955067,77.609086,1,2026-01-29 22:00:00,2026-01-29 22:00:00,0.07306946445548392,0.0
7,12.955092,77.611694,1,2026-01-30 05:00:00,2026-01-30 05:00:00,0.04147655692262571,0.0
7,12.955123,77.611694,1,2026-01-03 08:00:00,2026-01-03 08:00:00,0.0,0.0
7,12.955142,77.611122,1,2026-01-04 15:00:00,2026-01-04 15:00:00,0.0,0.0
7,12.955214,77.615414,1,2026-01-23 22:00:00,2026-01-23 22:00:00,0.0,0.0
7,12.955217,77.611834,1,2026-01-26 13:00:00,2026-01-26 13:00:00,0.0517754094938341,0.0
7,12.955271,77.610443,1,2026-01-17 16:00:00,2026-01-17 16:00:00,0.07093489651503333,0.0
7,12.955409,77.611139,1,2026-01-24 05:00:00,2026-01-24 05:00:00,0.0680554033999387,0.0
7,12.955422,77.610843,1,2026-01-13 00:00:00,2026-01-13 00:00:00,0.4535402084870339,0.0
7,12.955437,77.609803,1,2026-01-25 00:00:00,2026-01-25 00:00:00,0.20073576630618847,0.0
7,12.955469,77.609561,1,2026-01-11 10:00:00,2026-01-11 10:00:00,0.0,0.0
7,12.95548,77.615033,1,2026-01-28 15:00:00,2026-01-28 15:00:00,0.06457866065208608,0.0
7,12.955481,77.60923,1,2026-01-10 15:00:00,2026-01-10 15:00:00,0.06276755822008744,0.0
7,12.955591,77.611575,1,2026-01-20 19:00:00,2026-01-20 19:00:00,0.0,0.0
7,12.955596,77.612664,1,2026-01-16 15:00:00,2026-01-16 15:00:00,0.0,0.0
7,12.955625,77.610449,1,2026-01-03 14:00:00,2026-01-03 14:00:00,0.0,0.0
7,12.955653,77.610691,1,2026-01-10 03:00:00,2026-01-10 03:00:00,0.045601880287555116,0.0
7,12.95574,77.614144,1,2026-01-28 03:00:00,2026-01-28 03:00:00,0.0,0.0
7,12.955988,77.612709,1,2026-01-14 07:00:00,2026-01-14 07:00:00,0.14086570651742356,0.0
7,12.956044,77.612554,1,2026-01-15 08:00:00,2026-01-15 08:00:00,0.0816898715756048,0.0
7,12.95606,77.61368,1,2026-01-09 20:00:00,2026-01-09 20:00:00,0.07534243451215787,0.0
7,12.956066,77.610576,1,2026-01-02 01:00:00,2026-01-02 01:00:00,0.0,0.0
7,12.956162,77.615076,1,2026-01-21 14:00:00,2026-01-21 14:00:00,0.07343443083635458,0.0
7,12.956231,77.613667,1,2026-01-16 03:00:00,2026-01-16 03:00:00,0.0,0.0
7,12.956279,77.613622,1,2026-01-19 18:00:00,2026-01-19 18:00:00,0.0,0.0
7,12.95628,77.613086,1,2026-01-02 07:00:00,2026-01-02 07:00:00,0.04673781685805192,0.0
7,12.956308,77.609359,1,2026-01-14 19:00:00,2026-01-14 19:00:00,0.0,0.0
7,12.956338,77.611365,1,2026-01-24 23:00:00,2026-01-24 23:00:00,0.0,0.0
7,12.956348,77.613431,1,2026-01-28 21:00:00,2026-01-28 21:00:00,0.033804906497582304,0.0
7,12.956422,77.613472,1,2026-01-28 09:00:00,2026-01-28 09:00:00,0.01776386475335439,0.0
7,12.956464,77.612265,1,2026-01-13 00:00:00,2026-01-13 00:00:00,0.0,0.0
7,12.956506,77.611294,1,2026-01-03 02:00:00,2026-01-03 02:00:00,0.09626604075460735,0.0
7,12.956523,77.614474,1,2026-01-30 23:00:00,2026-01-30 23:00:00,0.0702075637184849,0.0
7,12.956567,77.614753,1,2026-01-12 23:00:00,2026-01-12 23:00:00,0.0,0.0
7,12.956607,77.616016,1,2026-01-07 06:00:00,2026-01-07 06:00:00,0.11871825103301532,0.0
7,12.95663,77.612782,1,2026-01-06 23:00:00,2026-01-06 23:00:00,0.078446095496101,0.0
7,12.956641,77.612408,1,2026-01-10 09:00:00,2026-01-10 09:00:00,0.0,0.0
7,12.956686,77.614073,1,2026-01-06 17:00:00,2026-01-06 17:00:00,0.12121779263759469,0.0
7,12.956821,77.61268,1,2026-01-10 21:00:00,2026-01-10 21:00:00,0.05514123705888754,0.0
7,12.956892,77.614339,1,2026-01-09 02:00:00,2026-01-09 02:00:00,0.09676551952919259,0.0
7,12.957873,77.61606,1,2026-01-20 07:00:00,2026-01-20 07:00:00,0.0,0.0
7,12.958252,77.612837,1,2026-01-17 10:00:00,2026-01-17 10:00:00,0.12755052746268208,0.0
7,12.958355,77.611671,1,2026-01-15 02:00:00,2026-01-15 02:00:00,0.04910753104031612,0.0
8,12.989877,77.564145,1,2026-01-01 00:00:00,2026-01-01 00:00:00,0.0,0.0
8,12.990051,77.568338,1,2026-01-22 15:00:00,2026-01-22 15:00:00,0.061465177242319674,0.0
8,12.990061,77.565838,1,2026-01-19 18:00:00,2026-01-19 18:00:00,0.0,0.0
8,12.990445,77.563165,1,2026-01-05 16:00:00,2026-01-05 16:00:00,0.0,0.0
8,12.990447,77.562048,1,2026-01-22 21:00:00,2026-01-22 21:00:00,0.0,0.0
8,12.990788,77.566051,1,2026-01-25 18:00:00,2026-01-25 18:00:00,0.08178190006919768,0.0
8,12.991026,77.566245,1,2026-01-21 20:00:00,2026-01-21 20:00:00,0.09662516506597413,0.0
8,12.99124,77.563669,1,2026-01-15 20:00:00,2026-01-15 20:00:00,0.11016672657228295,0.0
8,12.991268,77.56574,1,2026-01-03 08:00:00,2026-01-03 08:00:00,0.0,0.0
8,12.991318,77.567164,1,2026-01-13 06:00:00,2026-01-13 06:00:00,0.05528510424103102,0.0
8,12.991405,77.56216,1,2026-01-27 14:00:00,2026-01-27 14:00:00,0.08788615299002454,0.0
8,12.991437,77.561295,1,2026-01-11 22:00:00,2026-01-11 22:00:00,0.1711967551543396,0.0
8,12.991488,77.56344,1,2026-01-12 23:00:00,2026-01-12 23:00:00,0.0,0.0
8,12.99154,77.562318,1,2026-01-14 01:00:00,2026-01-14 01:00:00,0.0,0.0
8,12.991598,77.56026,1,2026-01-11 22:00:00,2026-01-11 22:00:00,0.0,0.0
8,12.991684,77.560814,1,2026-01-25 00:00:00,2026-01-25 00:00:00,0.0,0.0
8,12.991696,77.566888,1,2026-01-27 08:00:00,2026-01-27 08:00:00,0.0,0.0
8,12.991788,77.563323,1,2026-01-02 13:00:00,2026-01-02 13:00:00,0.0,0.0
8,12.992055,77.562339,1,2026-01-07 18:00:00,2026-01-07 18:00:00,0.0,0.0
8,12.992065,77.564609,1,2026-01-11 10:00:00,2026-01-11 10:00:00,0.05079967040505317,0.0
8,12.992092,77.564966,1,2026-01-01 06:00:00,2026-01-01 06:00:00,0.07703341542312325,0.0
8,12.992125,77.563017,1,2026-01-14 13:00:00,2026-01-14 13:00:00,0.0,0.0
8,12.992131,77.562372,1,2026-01-05 10:00:00,2026-01-05 10:00:00,0.0,0.0
8,12.992162,77.563895,1,2026-01-26 07:00:00,2026-01-26 07:00:00,0.0,0.0
8,12.992164,77.562937,1,2026-01-10 15:00:00,2026-01-10 15:00:00,0.0934958154462706,0.0
8,12.992167,77.563608,1,2026-01-02 01:00:00,2026-01-02 01:00:00,0.0,0.0
8,12.9922,77.563156,1,2026-01-01 12:00:00,2026-01-01 12:00:00,0.0,0.0
8,12.992219,77.565833,1,2026-01-22 09:00:00,2026-01-22 09:00:00,0.03244286817363271,0.0
8,12.992261,77.56502,1,2026-01-15 14:00:00,2026-01-15 14:00:00,0.023623406427880026,0.0
8,12.992286,77.566087,1,2026-01-22 21:00:00,2026-01-22 21:00:00,0.058853050863306215,0.0
8,12.992291,77.563882,1,2026-01-15 02:00:00,2026-01-15 02:00:00,0.018891262307536377,0.0
8,12.992377,77.559928,1,2026-01-07 18:00:00,2026-01-07 18:00:00,0.12679868291678287,0.0
8,12.992421,77.565737,1,2026-01-16 09:00:00,2026-01-16 09:00:00,0.05350998770893985,0.0
8,12.992468,77.563013,1,2026-01-12 17:00:00,2026-01-12 17:00:00,0.013550615967742959,0.0
8,12.99247,77.563764,1,2026-01-15 08:00:00,2026-01-15 08:00:00,0.06911163236623585,0.0
8,12.992553,77.562815,1,2026-01-07 06:00:00,2026-01-07 06:00:00,0.0,0.0
8,12.992705,77.565602,1,2026-01-21 02:00:00,2026-01-21 02:00:00,0.01087394997093473,0.0
8,12.992706,77.56496,1,2026-01-20 01:00:00,2026-01-20 01:00:00,0.0,0.0
8,12.992742,77.563659,1,2026-01-23 22:00:00,2026-01-23 22:00:00,0.016583037418812365,0.0
8,12.992753,77.565771,1,2026-01-25 00:00:00,2026-01-25 00:00:00,0.6164910544993973,0.0
8,12.992758,77.561711,1,2026-01-19 00:00:00,2026-01-19 00:00:00,0.0,0.0
8,12.992792,77.565215,1,2026-01-21 08:00:00,2026-01-21 08:00:00,0.06878929755233357,0.0
8,12.992848,77.561319,1,2026-01-24 11:00:00,2026-01-24 11:00:00,0.1275468598174533,0.0
8,12.992873,77.565256,1,2026-01-14 07:00:00,2026-01-14 07:00:00,0.05985781800315724,0.0
8,12.99288,77.566126,1,2026-01-14 13:00:00,2026-01-14 13:00:00,0.016141922470321795,0.0
8,12.992918,77.561661,1,2026-01-08 07:00:00,2026-01-08 07:00:00,0.0,0.0
8,12.992971,77.564473,1,2026-01-01 12:00:00,2026-01-01 12:00:00,0.0477004720639125,0.0
8,12.992997,77.563006,1,2026-01-05 04:00:00,2026-01-05 04:00:00,0.021685830135302894,0.0
8,12.993009,77.566142,1,2026-01-12 17:00:00,2026-01-12 17:00:00,0.0,0.0
8,12.993037,77.562963,1,2026-01-03 20:00:00,2026-01-03 20:00:00,0.013728965216142123,0.0
8,12.993058,77.563736,1,2026-01-09 08:00:00,2026-01-09 08:00:00,0.06083942122216455,0.0
8,12.993067,77.564826,1,2026-01-29 10:00:00,2026-01-29 10:00:00,0.0583093721963757,0.0
8,12.993093,77.564481,1,2026-01-23 16:00:00,2026-01-23 16:00:00,0.06971837097157312,0.0
8,12.993107,77.561826,1,2026-01-16 21:00:00,2026-01-16 21:00:00,0.07109793475934889,0.0
8,12.993117,77.562678,1,2026-01-12 11:00:00,2026-01-12 11:00:00,0.0,0.0
8,12.993122,77.563777,1,2026-01-06 17:00:00,2026-01-06 17:00:00,0.0,0.0
8,12.993159,77.564693,1,2026-01-14 19:00:00,2026-01-14 19:00:00,0.0,0.0
8,12.993187,77.561128,1,2026-01-17 22:00:00,2026-01-17 22:00:00,0.0,0.0
8,12.993205,77.565901,1,2026-01-03 14:00:00,2026-01-03 14:00:00,0.036061733662758715,0.0
8,12.99321,77.565141,1,2026-01-20 19:00:00,2026-01-20 19:00:00,0.0,0.0
8,12.993271,77.563665,1,2026-01-03 14:00:00,2026-01-03 14:00:00,0.0,0.0
8,12.993276,77.56444,1,2026-01-22 03:00:00,2026-01-22 03:00:00,0.0,0.0
8,12.9933,77.565081,1,2026-01-23 04:00:00,2026-01-23 04:00:00,0.0,0.0
8,12.993327,77.565503,1,2026-01-25 06:00:00,2026-01-25 06:00:00,0.09218256854263089,0.0
8,12.993344,77.563027,1,2026-01-02 19:00:00,2026-01-02 19:00:00,0.029386699575683645,0.0
8,12.993345,77.566847,1,2026-01-27 08:00:00,2026-01-27 08:00:00,0.06848925744958982,0.0
8,12.993352,77.563259,1,2026-01-26 07:00:00,2026-01-26 07:00:00,0.06497012031132973,0.0
8,12.99343,77.567105,1,2026-01-05 16:00:00,2026-01-05 16:00:00,0.09106018716419767,0.0
8,12.993568,77.5648,1,2026-01-08 19:00:00,2026-01-08 19:00:00,0.0,0.0
8,12.993574,77.564498,1,2026-01-02 07:00:00,2026-01-02 07:00:00,0.0308886478180689,0.0
8,12.993616,77.564719,1,2026-01-06 05:00:00,2026-01-06 05:00:00,0.0,0.0
8,12.993618,77.562354,1,2026-01-11 04:00:00,2026-01-11 04:00:00,0.03297887951047424,0.0
8,12.993677,77.564188,1,2026-01-04 21:00:00,2026-01-04 21:00:00,0.048046191449687775,0.0
8,12.993707,77.565908,1,2026-01-13 00:00:00,2026-01-13 00:00:00,0.3694580661637555,0.0
8,12.993764,77.562149,1,2026-01-02 13:00:00,2026-01-02 13:00:00,0.006471896268655214,0.0
8,12.993767,77.566711,1,2026-01-10 21:00:00,2026-01-10 21:00:00,0.1314071186322898,0.0
8,12.993794,77.565596,1,2026-01-16 15:00:00,2026-01-16 15:00:00,0.0,0.0
8,12.993802,77.562096,1,2026-01-05 04:00:00,2026-01-05 04:00:00,0.0,0.0
8,12.99383,77.568167,1,2026-01-17 16:00:00,2026-01-17 16:00:00,0.0,0.0
8,12.993849,77.563069,1,2026-01-04 09:00:00,2026-01-04 09:00:00,0.0,0.0
8,12.993883,77.561932,1,2026-01-22 03:00:00,2026-01-22 03:00:00,0.0378037139374476,0.0
8,12.993911,77.564309,1,2026-01-21 20:00:00,2026-01-21 20:00:00,0.0,0.0
8,12.993942,77.565809,1,2026-01-08 01:00:00,2026-01-08 01:00:00,0.06281461287258162,0.0
8,12.993956,77.562726,1,2026-01-09 20:00:00,2026-01-09 20:00:00,0.0,0.0
8,12.993992,77.562413,1,2026-01-02 07:00:00,2026-01-02 07:00:00,0.0,0.0
8,12.994005,77.563215,1,2026-01-27 02:00:00,2026-01-27 02:00:00,0.0,0.0
8,12.994023,77.561225,1,2026-01-19 12:00:00,2026-01-19 12:00:00,0.10721534860434805,0.0
8,12.99407,77.563308,1,2026-01-26 13:00:00,2026-01-26 13:00:00,0.03703717966998799,0.0
8,12.99409,77.565987,1,2026-01-05 22:00:00,2026-01-05 22:00:00,0.08552605514098564,0.0
8,12.994154,77.564792,1,2026-01-27 02:00:00,2026-01-27 02:00:00,0.051433353359215096,0.0
8,12.994163,77.563711,1,2026-01-06 23:00:00,2026-01-06 23:00:00,0.019352798706944282,0.0
8,12.994223,77.560869,1,2026-01-24 17:00:00,2026-01-24 17:00:00,0.026842287874933934,0.0
8,12.994241,77.566585,1,2026-01-13 00:00:00,2026-01-13 00:00:00,0.0,0.0
8,12.994247,77.562241,1,2026-01-01 06:00:00,2026-01-01 06:00:00,0.0,0.0
8,12.994276,77.562047,1,2026-01-14 19:00:00,2026-01-14 19:00:00,0.043778401458204295,0.0
8,12.994281,77.563515,1,2026-01-04 03:00:00,2026-01-04 03:00:00,0.021643315336503433,0.0
8,12.99432,77.5671,1,2026-01-12 05:00:00,2026-01-12 05:00:00,0.11707234113467828,0.0
8,12.994357,77.563399,1,2026-01-04 03:00:00,2026-01-04 03:00:00,0.0,0.0
8,12.99438,77.560986,1,2026-01-08 07:00:00,2026-01-08 07:00:00,0.0898509660413101,0.0
8,12.994444,77.56331,1,2026-01-16 21:00:00,2026-01-16 21:00:00,0.0,0.0
8,12.994488,77.56221,1,2026-01-18 23:00:00,2026-01-18 23:00:00,0.03321561248598899,0.0
8,12.994515,77.563857,1,2026-01-06 11:00:00,2026-01-06 11:00:00,0.023107988600177185,0.0
8,12.994517,77.560995,1,2026-01-28 21:00:00,2026-01-28 21:00:00,0.1047038902756472,0.0
8,12.99452,77.560692,1,2026-01-12 11:00:00,2026-01-12 11:00:00,0.11894765268780684,0.0
8,12.99453,77.564441,1,2026-01-17 04:00:00,2026-01-17 04:00:00,0.0,0.0
8,12.99456,77.566229,1,2026-01-14 01:00:00,2026-01-14 01:00:00,0.054426352397822446,0.0
8,12.994581,77.565473,1,2026-01-26 01:00:00,2026-01-26 01:00:00,0.061015872474419454,0.0
8,12.994634,77.562484,1,2026-01-17 22:00:00,2026-01-17 22:00:00,0.10648854526691769,0.0
8,12.994641,77.566046,1,2026-01-18 11:00:00,2026-01-18 11:00:00,0.0759390199801155,0.0
8,12.99469,77.562668,1,2026-01-29 10:00:00,2026-01-29 10:00:00,0.0,0.0
8,12.994708,77.56359,1,2026-01-09 08:00:00,2026-01-09 08:00:00,0.0,0.0
8,12.994734,77.564135,1,2026-01-15 20:00:00,2026-01-15 20:00:00,0.0,0.0
8,12.994823,77.562336,1,2026-01-18 05:00:00,2026-01-18 05:00:00,0.032340953645515355,0.0
8,12.994824,77.566383,1,2026-01-18 17:00:00,2026-01-18 17:00:00,0.007114858624880858,0.0
8,12.994839,77.562251,1,2026-01-03 02:00:00,2026-01-03 02:00:00,0.02678676143075759,0.0
8,12.994851,77.564684,1,2026-01-19 00:00:00,2026-01-19 00:00:00,0.04959327864145933,0.0
8,12.994868,77.564813,1,2026-01-23 22:00:00,2026-01-23 22:00:00,0.0,0.0
8,12.99487,77.56398,1,2026-01-07 06:00:00,2026-01-07 06:00:00,0.05392474866989607,0.0
8,12.994901,77.560446,1,2026-01-13 12:00:00,2026-01-13 12:00:00,0.1412607145141321,0.0
8,12.994944,77.566378,1,2026-01-26 01:00:00,2026-01-26 01:00:00,0.0,0.0
8,12.994946,77.56717,1,2026-01-16 15:00:00,2026-01-16 15:00:00,0.053865774795127996,0.0
8,12.994964,77.567462,1,2026-01-25 12:00:00,2026-01-25 12:00:00,0.022652799444502367,0.0
8,12.99503,77.564869,1,2026-01-20 01:00:00,2026-01-20 01:00:00,0.08050980966022157,0.0
8,12.99503,77.569794,1,2026-01-11 16:00:00,2026-01-11 16:00:00,0.0,0.0
8,12.995034,77.564981,1,2026-01-09 20:00:00,2026-01-09 20:00:00,0.09087231752445972,0.0
8,12.995083,77.562415,1,2026-01-29 04:00:00,2026-01-29 04:00:00,0.0,0.0
8,12.995086,77.561122,1,2026-01-10 09:00:00,2026-01-10 09:00:00,0.03068002223279402,0.0
8,12.995105,77.56505,1,2026-01-18 23:00:00,2026-01-18 23:00:00,0.0,0.0
8,12.995199,77.563696,1,2026-01-10 21:00:00,2026-01-10 21:00:00,0.0,0.0
8,12.995204,77.562553,1,2026-01-30 11:00:00,2026-01-30 11:00:00,0.018751904573316835,0.0
8,12.995257,77.563727,1,2026-01-17 04:00:00,2026-01-17 04:00:00,0.014530530293414178,0.0
8,12.99526,77.560161,1,2026-01-04 09:00:00,2026-01-04 09:00:00,0.062368053143406314,0.0
8,12.995305,77.565711,1,2026-01-16 03:00:00,2026-01-16 03:00:00,0.0,0.0
8,12.995333,77.562515,1,2026-01-21 02:00:00,2026-01-21 02:00:00,0.0,0.0
8,12.995346,77.560847,1,2026-01-30 11:00:00,2026-01-30 11:00:00,0.0,0.0
8,12.99536,77.564376,1,2026-01-27 20:00:00,2026-01-27 20:00:00,0.08411165688356938,0.0
8,12.995438,77.563341,1,2026-01-30 17:00:00,2026-01-30 17:00:00,0.04630348527148493,0.0
8,12.995453,77.563682,1,2026-01-02 01:00:00,2026-01-02 01:00:00,0.02818809129462035,0.0
8,12.995515,77.561146,1,2026-01-07 00:00:00,2026-01-07 00:00:00,0.32277289189675873,0.0
8,12.995561,77.563529,1,2026-01-06 05:00:00,2026-01-06 05:00:00,0.04555441367053152,0.0
8,12.99557,77.562959,1,2026-01-13 18:00:00,2026-01-13 18:00:00,0.0,0.0
8,12.995679,77.566548,1,2026-01-10 09:00:00,2026-01-10 09:00:00,0.0,0.0
8,12.995702,77.563567,1,2026-01-11 10:00:00,2026-01-11 10:00:00,0.0,0.0
8,12.995728,77.562607,1,2026-01-04 15:00:00,2026-01-04 15:00:00,0.0,0.0
8,12.995739,77.564303,1,2026-01-07 12:00:00,2026-01-07 12:00:00,0.06524007349331719,0.0
8,12.995795,77.563088,1,2026-01-01 00:00:00,2026-01-01 00:00:00,0.0,0.0
8,12.995817,77.56445,1,2026-01-20 07:00:00,2026-01-20 07:00:00,0.0584898681309805,0.0
8,12.995825,77.564222,1,2026-01-21 14:00:00,2026-01-21 14:00:00,0.05921141041957801,0.0
8,12.995885,77.567524,1,2026-01-26 19:00:00,2026-01-26 19:00:00,0.08516137843343093,0.0
8,12.995964,77.563499,1,2026-01-30 23:00:00,2026-01-30 23:00:00,0.010189817675750144,0.0
8,12.995966,77.562478,1,2026-01-15 02:00:00,2026-01-15 02:00:00,0.0,0.0
8,12.996017,77.56808,1,2026-01-25 06:00:00,2026-01-25 06:00:00,0.0,0.0
8,12.996025,77.563128,1,2026-01-18 17:00:00,2026-01-18 17:00:00,0.0,0.0
8,12.996075,77.5618,1,2026-01-12 23:00:00,2026-01-12 23:00:00,0.0986181137170649,0.0
8,12.996108,77.563005,1,2026-01-30 05:00:00,2026-01-30 05:00:00,0.0,0.0
8,12.996182,77.563145,1,2026-01-03 08:00:00,2026-01-03 08:00:00,0.03532734446228735,0.0
8,12.996318,77.563382,1,2026-01-09 02:00:00,2026-01-09 02:00:00,0.04920443713092393,0.0
8,12.996318,77.564176,1,2026-01-23 04:00:00,2026-01-23 04:00:00,0.09930952304218339,0.0
8,12.99634,77.565541,1,2026-01-19 18:00:00,2026-01-19 18:00:00,0.09088547804789782,0.0
8,12.996363,77.567747,1,2026-01-08 13:00:00,2026-01-08 13:00:00,0.12975058610960258,0.0
8,12.996369,77.564885,1,2026-01-16 03:00:00,2026-01-16 03:00:00,0.028606251980938267,0.0
8,12.996464,77.559985,1,2026-01-11 16:00:00,2026-01-11 16:00:00,0.06794515395105419,0.0
8,12.996523,77.563172,1,2026-01-06 17:00:00,2026-01-06 17:00:00,0.016686967429411385,0.0
8,12.996547,77.563001,1,2026-01-23 10:00:00,2026-01-23 10:00:00,0.0715432724013504,0.0
8,12.996557,77.560201,1,2026-01-10 15:00:00,2026-01-10 15:00:00,0.0,0.0
8,12.996739,77.561167,1,2026-01-10 03:00:00,2026-01-10 03:00:00,0.050728793184758356,0.0
8,12.99677,77.563449,1,2026-01-28 09:00:00,2026-01-28 09:00:00,0.0,0.0
8,12.996834,77.566274,1,2026-01-19 06:00:00,2026-01-19 06:00:00,0.0,0.0
8,12.996937,77.564771,1,2026-01-20 19:00:00,2026-01-20 19:00:00,0.015205042460592566,0.0
8,12.996951,77.561169,1,2026-01-19 06:00:00,2026-01-19 06:00:00,0.07844136283054783,0.0
8,12.996962,77.56186,1,2026-01-05 10:00:00,2026-01-05 10:00:00,0.05879181016105999,0.0
8,12.99697,77.563307,1,2026-01-28 03:00:00,2026-01-28 03:00:00,0.0,0.0
8,12.997002,77.567065,1,2026-01-24 05:00:00,2026-01-24 05:00:00,0.04933849575096213,0.0
8,12.997026,77.562865,1,2026-01-01 18:00:00,2026-01-01 18:00:00,0.08970101506576879,0.0
8,12.997065,77.56397,1,2026-01-29 22:00:00,2026-01-29 22:00:00,0.047334495055115916,0.0
8,12.99707,77.56675,1,2026-01-13 12:00:00,2026-01-13 12:00:00,0.0,0.0
8,12.997084,77.563875,1,2026-01-06 11:00:00,2026-01-06 11:00:00,0.0,0.0
8,12.997088,77.56264,1,2026-01-15 14:00:00,2026-01-15 14:00:00,0.0,0.0
8,12.997105,77.56601,1,2026-01-28 15:00:00,2026-01-28 15:00:00,0.04791987316074575,0.0
8,12.997107,77.564861,1,2026-01-07 12:00:00,2026-01-07 12:00:00,0.0,0.0
8,12.997126,77.562373,1,2026-01-24 23:00:00,2026-01-24 23:00:00,0.0,0.0
8,12.997137,77.563612,1,2026-01-30 05:00:00,2026-01-30 05:00:00,0.005807221761335653,0.0
8,12.997154,77.5643,1,2026-01-04 15:00:00,2026-01-04 15:00:00,0.06543407423129342,0.0
8,12.99718,77.564442,1,2026-01-24 23:00:00,2026-01-24 23:00:00,0.08604862785813332,0.0
8,12.997214,77.560595,1,2026-01-09 14:00:00,2026-01-09 14:00:00,0.0,0.0
8,12.997321,77.564047,1,2026-01-20 13:00:00,2026-01-20 13:00:00,0.05534840276181421,0.0
8,12.997437,77.566494,1,2026-01-29 16:00:00,2026-01-29 16:00:00,0.08738656436942337,0.0
8,12.997598,77.564418,1,2026-01-03 02:00:00,2026-01-03 02:00:00,0.0,0.0
8,12.997681,77.566208,1,2026-01-24 05:00:00,2026-01-24 05:00:00,0.0,0.0
8,12.997744,77.564162,1,2026-01-08 13:00:00,2026-01-08 13:00:00,0.0,0.0
8,12.997986,77.562151,1,2026-01-13 18:00:00,2026-01-13 18:00:00,0.08700278400709614,0.0
8,12.998188,77.564365,1,2026-01-17 16:00:00,2026-01-17 16:00:00,0.0419632639081041,0.0
8,12.998279,77.565171,1,2026-01-09 14:00:00,2026-01-09 14:00:00,0.07245688829539827,0.0
8,12.998333,77.566376,1,2026-01-28 09:00:00,2026-01-28 09:00:00,0.06230310442120996,0.0
8,12.998425,77.564395,1,2026-01-28 03:00:00,2026-01-28 03:00:00,0.048743193664264384,0.0
8,12.998436,77.566814,1,2026-01-20 07:00:00,2026-01-20 07:00:00,0.0,0.0
8,12.998516,77.564728,1,2026-01-18 05:00:00,2026-01-18 05:00:00,0.0,0.0
8,12.998654,77.565974,1,2026-01-08 19:00:00,2026-01-08 19:00:00,0.037620029947731705,0.0
8,12.999124,77.562306,1,2026-01-17 10:00:00,2026-01-17 10:00:00,0.09398881528194826,0.0
8,13.000118,77.565837,1,2026-01-29 04:00:00,2026-01-29 04:00:00,0.11774147765870648,0.0
9,12.931149,77.689493,1,2026-01-22 03:00:00,2026-01-22 03:00:00,0.0,0.0
9,12.93306,77.688945,1,2026-01-24 23:00:00,2026-01-24 23:00:00,0.0,0.0
9,12.933448,77.688689,1,2026-01-24 23:00:00,2026-01-24 23:00:00,0.0386390438921735,0.0
9,12.934258,77.688773,1,2026-01-12 05:00:00,2026-01-12 05:00:00,0.057656858554001746,0.0
9,12.934479,77.688516,1,2026-01-14 13:00:00,2026-01-14 13:00:00,0.0,0.0
9,12.934489,77.686461,1,2026-01-04 09:00:00,2026-01-04 09:00:00,0.1011472772865773,0.0
9,12.934603,77.689927,1,2026-01-25 00:00:00,2026-01-25 00:00:00,0.0,0.0
9,12.934771,77.686593,1,2026-01-03 02:00:00,2026-01-03 02:00:00,0.09869076493401814,0.0
9,12.934838,77.687338,1,2026-01-15 02:00:00,2026-01-15 02:00:00,0.0,0.0
9,12.934896,77.689088,1,2026-01-01 18:00:00,2026-01-01 18:00:00,0.018188323888906375,0.0
9,12.934925,77.690098,1,2026-01-18 11:00:00,2026-01-18 11:00:00,0.12068998094763998,0.0
9,12.93498,77.68901,1,2026-01-16 03:00:00,2026-01-16 03:00:00,0.0,0.0
9,12.934988,77.688112,1,2026-01-01 12:00:00,2026-01-01 12:00:00,0.0,0.0
9,12.935136,77.689757,1,2026-01-04 09:00:00,2026-01-04 09:00:00,0.0,0.0
9,12.935301,77.688187,1,2026-01-07 00:00:00,2026-01-07 00:00:00,0.6238513934839217,0.0
9,12.935304,77.690946,1,2026-01-05 04:00:00,2026-01-05 04:00:00,0.0,0.0
9,12.93531,77.687184,1,2026-01-01 06:00:00,2026-01-01 06:00:00,0.05959993743917017,0.0
9,12.935396,77.685881,1,2026-01-24 05:00:00,2026-01-24 05:00:00,0.0,0.0
9,12.935487,77.688078,1,2026-01-26 19:00:00,2026-01-26 19:00:00,0.06002021972659268,0.0
9,12.935487,77.689421,1,2026-01-17 22:00:00,2026-01-17 22:00:00,0.10362558040417247,0.0
9,12.935511,77.688974,1,2026-01-24 17:00:00,2026-01-24 17:00:00,0.04682139432476679,0.0
9,12.935512,77.69039,1,2026-01-01 00:00:00,2026-01-01 00:00:00,0.0,0.0
9,12.935546,77.689754,1,2026-01-03 08:00:00,2026-01-03 08:00:00,0.0364156610475182,0.0
9,12.935582,77.691849,1,2026-01-26 07:00:00,2026-01-26 07:00:00,0.0,0.0
9,12.935691,77.684868,1,2026-01-17 16:00:00,2026-01-17 16:00:00,0.14590971717833515,0.0
9,12.935697,77.686838,1,2026-01-14 19:00:00,2026-01-14 19:00:00,0.03846946759867951,0.0
9,12.935747,77.687871,1,2026-01-01 00:00:00,2026-01-01 00:00:00,0.0,0.0
9,12.935757,77.688473,1,2026-01-21 08:00:00,2026-01-21 08:00:00,0.0922581173597436,0.0
9,12.935789,77.68789,1,2026-01-02 01:00:00,2026-01-02 01:00:00,0.023762152167459274,0.0
9,12.93583,77.692756,1,2026-01-16 21:00:00,2026-01-16 21:00:00,0.0,0.0
9,12.935861,77.690591,1,2026-01-11 10:00:00,2026-01-11 10:00:00,0.0,0.0
9,12.935951,77.689291,1,2026-01-14 07:00:00,2026-01-14 07:00:00,0.09672594878282408,0.0
9,12.936004,77.691786,1,2026-01-04 15:00:00,2026-01-04 15:00:00,0.0,0.0
9,12.936044,77.690323,1,2026-01-22 09:00:00,2026-01-22 09:00:00,0.09211487103213749,0.0
9,12.93605,77.692219,1,2026-01-13 12:00:00,2026-01-13 12:00:00,0.08689638217583406,0.0
9,12.936061,77.688725,1,2026-01-10 09:00:00,2026-01-10 09:00:00,0.04360412673271746,0.0
9,12.936092,77.691075,1,2026-01-10 03:00:00,2026-01-10 03:00:00,0.09040068350325937,0.0
9,12.9362,77.684577,1,2026-01-25 00:00:00,2026-01-25 00:00:00,0.5988459788000356,0.0
9,12.936211,77.691629,1,2026-01-15 14:00:00,2026-01-15 14:00:00,0.03244396631360901,0.0
9,12.936268,77.689809,1,2026-01-25 06:00:00,2026-01-25 06:00:00,0.030968781393372072,0.0
9,12.936346,77.687812,1,2026-01-15 20:00:00,2026-01-15 20:00:00,0.0,0.0
9,12.936367,77.691348,1,2026-01-24 11:00:00,2026-01-24 11:00:00,0.10301850897422334,0.0
9,12.936426,77.690076,1,2026-01-16 15:00:00,2026-01-16 15:00:00,0.07753788059177336,0.0
9,12.936435,77.687195,1,2026-01-25 06:00:00,2026-01-25 06:00:00,0.0,0.0
9,12.936488,77.688943,1,2026-01-11 04:00:00,2026-01-11 04:00:00,0.021163787331669102,0.0
9,12.936504,77.689277,1,2026-01-21 20:00:00,2026-01-21 20:00:00,0.019505563263536526,0.0
9,12.93651,77.691147,1,2026-01-26 13:00:00,2026-01-26 13:00:00,0.021588842349670474,0.0
9,12.936548,77.689369,1,2026-01-17 04:00:00,2026-01-17 04:00:00,0.05505993799837121,0.0
9,12.936592,77.686262,1,2026-01-12 23:00:00,2026-01-12 23:00:00,0.06946685639290863,0.0
9,12.936598,77.689776,1,2026-01-30 11:00:00,2026-01-30 11:00:00,0.07740192730117333,0.0
9,12.93661,77.691977,1,2026-01-02 01:00:00,2026-01-02 01:00:00,0.0,0.0
9,12.936623,77.686033,1,2026-01-28 09:00:00,2026-01-28 09:00:00,0.0,0.0
9,12.936632,77.693368,1,2026-01-21 02:00:00,2026-01-21 02:00:00,0.0,0.0
9,12.936658,77.686807,1,2026-01-05 04:00:00,2026-01-05 04:00:00,0.018604208761687713,0.0
9,12.936666,77.688593,1,2026-01-21 20:00:00,2026-01-21 20:00:00,0.0,0.0
9,12.936674,77.688216,1,2026-01-08 13:00:00,2026-01-08 13:00:00,0.09179382745354002,0.0
9,12.936696,77.691446,1,2026-01-04 03:00:00,2026-01-04 03:00:00,0.0,0.0
9,12.936703,77.687976,1,2026-01-04 21:00:00,2026-01-04 21:00:00,0.07186801008720384,0.0
9,12.936741,77.687093,1,2026-01-19 06:00:00,2026-01-19 06:00:00,0.0,0.0
9,12.936742,77.690777,1,2026-01-11 16:00:00,2026-01-11 16:00:00,0.01670580088524291,0.0
9,12.936901,77.689479,1,2026-01-02 13:00:00,2026-01-02 13:00:00,0.032523548812465705,0.0
9,12.936914,77.687156,1,2026-01-03 20:00:00,2026-01-03 20:00:00,0.03901075592599183,0.0
9,12.936958,77.686319,1,2026-01-09 08:00:00,2026-01-09 08:00:00,0.0,0.0
9,12.93697,77.688992,1,2026-01-14 13:00:00,2026-01-14 13:00:00,0.019702923709528947,0.0
9,12.93699,77.689317,1,2026-01-12 11:00:00,2026-01-12 11:00:00,0.0,0.0
9,12.937057,77.688051,1,2026-01-11 22:00:00,2026-01-11 22:00:00,0.0789055271517584,0.0
9,12.937176,77.690452,1,2026-01-05 16:00:00,2026-01-05 16:00:00,0.06784800528646522,0.0
9,12.937184,77.68698,1,2026-01-13 18:00:00,2026-01-13 18:00:00,0.0865317004494728,0.0
9,12.93724,77.69067,1,2026-01-06 17:00:00,2026-01-06 17:00:00,0.0,0.0
9,12.937245,77.689576,1,2026-01-09 14:00:00,2026-01-09 14:00:00,0.06066235840286696,0.0
9,12.937264,77.685649,1,2026-01-04 03:00:00,2026-01-04 03:00:00,0.024603467504715558,0.0
9,12.937285,77.690484,1,2026-01-29 22:00:00,2026-01-29 22:00:00,0.04106955406508734,0.0
9,12.937315,77.688608,1,2026-01-21 14:00:00,2026-01-21 14:00:00,0.02901440597159673,0.0
9,12.937377,77.689047,1,2026-01-03 02:00:00,2026-01-03 02:00:00,0.0,0.0
9,12.937482,77.686734,1,2026-01-12 11:00:00,2026-01-12 11:00:00,0.07077481924020725,0.0
9,12.937504,77.687833,1,2026-01-02 07:00:00,2026-01-02 07:00:00,0.0,0.0
9,12.937528,77.687443,1,2026-01-02 13:00:00,2026-01-02 13:00:00,0.0,0.0
9,12.937578,77.687226,1,2026-01-06 05:00:00,2026-01-06 05:00:00,0.0,0.0
9,12.937591,77.689677,1,2026-01-20 13:00:00,2026-01-20 13:00:00,0.08333844456804812,0.0
9,12.937617,77.688514,1,2026-01-22 15:00:00,2026-01-22 15:00:00,0.04447698776585978,0.0
9,12.937753,77.689236,1,2026-01-16 21:00:00,2026-01-16 21:00:00,0.08707023787794492,0.0
9,12.937761,77.689331,1,2026-01-10 21:00:00,2026-01-10 21:00:00,0.0,0.0
9,12.937776,77.686365,1,2026-01-05 22:00:00,2026-01-05 22:00:00,0.061408994108706705,0.0
9,12.937783,77.689621,1,2026-01-11 22:00:00,2026-01-11 22:00:00,0.0,0.0
9,12.937784,77.69095,1,2026-01-12 17:00:00,2026-01-12 17:00:00,0.03368911896152848,0.0
9,12.937832,77.686441,1,2026-01-14 19:00:00,2026-01-14 19:00:00,0.0,0.0
9,12.937839,77.689011,1,2026-01-24 05:00:00,2026-01-24 05:00:00,0.045882531973689966,0.0
9,12.937891,77.692602,1,2026-01-30 11:00:00,2026-01-30 11:00:00,0.0,0.0
9,12.93793,77.69074,1,2026-01-03 14:00:00,2026-01-03 14:00:00,0.02755045058877847,0.0
9,12.937943,77.691388,1,2026-01-15 08:00:00,2026-01-15 08:00:00,0.09468296080410347,0.0
9,12.938019,77.689987,1,2026-01-07 18:00:00,2026-01-07 18:00:00,0.043981689242016814,0.0
9,12.938038,77.687615,1,2026-01-15 02:00:00,2026-01-15 02:00:00,0.018955191746483524,0.0
9,12.938203,77.692002,1,2026-01-20 01:00:00,2026-01-20 01:00:00,0.0,0.0
9,12.938245,77.687378,1,2026-01-16 03:00:00,2026-01-16 03:00:00,0.030978165677666435,0.0
9,12.938264,77.685544,1,2026-01-03 14:00:00,2026-01-03 14:00:00,0.0,0.0
9,12.938331,77.689628,1,2026-01-05 16:00:00,2026-01-05 16:00:00,0.0,0.0
9,12.938348,77.689471,1,2026-01-26 01:00:00,2026-01-26 01:00:00,0.0,0.0
9,12.938354,77.68713,1,2026-01-07 18:00:00,2026-01-07 18:00:00,0.0,0.0
9,12.938387,77.685803,1,2026-01-25 12:00:00,2026-01-25 12:00:00,0.04448146866534657,0.0
9,12.938425,77.69214,1,2026-01-03 08:00:00,2026-01-03 08:00:00,0.0,0.0
9,12.938485,77.687394,1,2026-01-12 23:00:00,2026-01-12 23:00:00,0.0,0.0
9,12.938545,77.688664,1,2026-01-29 16:00:00,2026-01-29 16:00:00,0.036950313001976466,0.0
9,12.938551,77.686715,1,2026-01-01 06:00:00,2026-01-01 06:00:00,0.0,0.0
9,12.938554,77.685475,1,2026-01-19 12:00:00,2026-01-19 12:00:00,0.04508457327718269,0.0
9,12.938566,77.687824,1,2026-01-13 00:00:00,2026-01-13 00:00:00,0.04870946495433404,0.0
9,12.938572,77.690313,1,2026-01-21 02:00:00,2026-01-21 02:00:00,0.038018676232109395,0.0
9,12.938577,77.692023,1,2026-01-11 16:00:00,2026-01-11 16:00:00,0.0,0.0
9,12.938601,77.691476,1,2026-01-02 19:00:00,2026-01-02 19:00:00,0.07742859290145679,0.0
9,12.938605,77.686761,1,2026-01-27 08:00:00,2026-01-27 08:00:00,0.0,0.0
9,12.938621,77.684624,1,2026-01-16 15:00:00,2026-01-16 15:00:00,0.0,0.0
9,12.938695,77.692136,1,2026-01-17 10:00:00,2026-01-17 10:00:00,0.06054970370498877,0.0
9,12.93871,77.689289,1,2026-01-11 10:00:00,2026-01-11 10:00:00,0.04172231754137812,0.0
9,12.938755,77.690214,1,2026-01-06 11:00:00,2026-01-06 11:00:00,0.0,0.0
9,12.938768,77.689042,1,2026-01-23 16:00:00,2026-01-23 16:00:00,0.016731249514862663,0.0
9,12.938841,77.687172,1,2026-01-04 15:00:00,2026-01-04 15:00:00,0.08381764801522813,0.0
9,12.938878,77.69286,1,2026-01-20 07:00:00,2026-01-20 07:00:00,0.02025450498492742,0.0
9,12.938949,77.690921,1,2026-01-18 17:00:00,2026-01-18 17:00:00,0.0,0.0
9,12.938964,77.687262,1,2026-01-05 10:00:00,2026-01-05 10:00:00,0.0,0.0
9,12.93902,77.686652,1,2026-01-07 06:00:00,2026-01-07 06:00:00,0.0,0.0
9,12.93905,77.690237,1,2026-01-18 23:00:00,2026-01-18 23:00:00,0.0,0.0
9,12.939114,77.688414,1,2026-01-23 04:00:00,2026-01-23 04:00:00,0.011473412731375223,0.0
9,12.93916,77.688717,1,2026-01-13 06:00:00,2026-01-13 06:00:00,0.050087255065789454,0.0
9,12.939168,77.68805,1,2026-01-18 17:00:00,2026-01-18 17:00:00,0.0874122987912966,0.0
9,12.939192,77.687927,1,2026-01-07 12:00:00,2026-01-07 12:00:00,0.0,0.0
9,12.939211,77.693132,1,2026-01-06 11:00:00,2026-01-06 11:00:00,0.11368747079518897,0.0
9,12.939213,77.689784,1,2026-01-15 20:00:00,2026-01-15 20:00:00,0.014213173319962686,0.0
9,12.939328,77.687725,1,2026-01-22 21:00:00,2026-01-22 21:00:00,0.0,0.0
9,12.939342,77.69398,1,2026-01-19 00:00:00,2026-01-19 00:00:00,0.0,0.0
9,12.939366,77.689717,1,2026-01-23 10:00:00,2026-01-23 10:00:00,0.04252459617070498,0.0
9,12.939383,77.691093,1,2026-01-13 12:00:00,2026-01-13 12:00:00,0.0,0.0
9,12.93942,77.688954,1,2026-01-17 04:00:00,2026-01-17 04:00:00,0.0,0.0
9,12.939475,77.685449,1,2026-01-14 01:00:00,2026-01-14 01:00:00,0.0,0.0
9,12.939478,77.690753,1,2026-01-05 10:00:00,2026-01-05 10:00:00,0.07752435460268063,0.0
9,12.939496,77.690951,1,2026-01-07 06:00:00,2026-01-07 06:00:00,0.09320667484492821,0.0
9,12.93953,77.691292,1,2026-01-09 20:00:00,2026-01-09 20:00:00,0.0039061266401926383,0.0
9,12.939533,77.689451,1,2026-01-01 12:00:00,2026-01-01 12:00:00,0.05393253273066015,0.0
9,12.939534,77.687444,1,2026-01-18 23:00:00,2026-01-18 23:00:00,0.06541662756901263,0.0
9,12.939644,77.691469,1,2026-01-09 14:00:00,2026-01-09 14:00:00,0.0,0.0
9,12.939675,77.687397,1,2026-01-25 18:00:00,2026-01-25 18:00:00,0.038022022788161455,0.0
9,12.939749,77.688275,1,2026-01-12 17:00:00,2026-01-12 17:00:00,0.0,0.0
9,12.939769,77.689257,1,2026-01-15 14:00:00,2026-01-15 14:00:00,0.0,0.0
9,12.939795,77.694726,1,2026-01-28 03:00:00,2026-01-28 03:00:00,0.0,0.0
9,12.939811,77.689087,1,2026-01-29 04:00:00,2026-01-29 04:00:00,0.04544134225631748,0.0
9,12.939877,77.685039,1,2026-01-23 22:00:00,2026-01-23 22:00:00,0.0770664687558117,0.0
9,12.939887,77.684966,1,2026-01-06 23:00:00,2026-01-06 23:00:00,0.11666820034850699,0.0
9,12.939897,77.688307,1,2026-01-27 20:00:00,2026-01-27 20:00:00,0.030617907806615673,0.0
9,12.939929,77.688528,1,2026-01-09 02:00:00,2026-01-09 02:00:00,0.04013038341558221,0.0
9,12.94002,77.691485,1,2026-01-06 05:00:00,2026-01-06 05:00:00,0.08889958298650993,0.0
9,12.940069,77.687872,1,2026-01-30 23:00:00,2026-01-30 23:00:00,0.056266742054929375,0.0
9,12.940076,77.688,1,2026-01-22 03:00:00,2026-01-22 03:00:00,0.05504260975141511,0.0
9,12.940086,77.688047,1,2026-01-08 01:00:00,2026-01-08 01:00:00,0.031166001365164932,0.0
9,12.9401,77.691623,1,2026-01-18 05:00:00,2026-01-18 05:00:00,0.10166584133908792,0.0
9,12.940122,77.687537,1,2026-01-19 00:00:00,2026-01-19 00:00:00,0.32338764643560436,0.0
9,12.940132,77.691687,1,2026-01-29 10:00:00,2026-01-29 10:00:00,0.05178986452879452,0.0
9,12.940141,77.685492,1,2026-01-09 08:00:00,2026-01-09 08:00:00,0.05646508189030458,0.0
9,12.940186,77.690891,1,2026-01-07 12:00:00,2026-01-07 12:00:00,0.08156860060836786,0.0
9,12.940209,77.685231,1,2026-01-17 22:00:00,2026-01-17 22:00:00,0.0,0.0
9,12.940256,77.686962,1,2026-01-10 15:00:00,2026-01-10 15:00:00,0.0,0.0
9,12.940272,77.686267,1,2026-01-28 21:00:00,2026-01-28 21:00:00,0.08659940995865899,0.0
9,12.940316,77.689575,1,2026-01-29 10:00:00,2026-01-29 10:00:00,0.0,0.0
9,12.940353,77.693683,1,2026-01-18 05:00:00,2026-01-18 05:00:00,0.0,0.0
9,12.940378,77.688319,1,2026-01-10 15:00:00,2026-01-10 15:00:00,0.04665600059965982,0.0
9,12.940387,77.688757,1,2026-01-20 19:00:00,2026-01-20 19:00:00,0.0,0.0
9,12.940455,77.687353,1,2026-01-02 07:00:00,2026-01-02 07:00:00,0.11157543526246012,0.0
9,12.940463,77.690879,1,2026-01-30 17:00:00,2026-01-30 17:00:00,0.05743721563708396,0.0
9,12.94052,77.690928,1,2026-01-28 15:00:00,2026-01-28 15:00:00,0.11608462611765324,0.0
9,12.940546,77.691817,1,2026-01-10 21:00:00,2026-01-10 21:00:00,0.09023698390142731,0.0
9,12.940549,77.690759,1,2026-01-16 09:00:00,2026-01-16 09:00:00,0.10829929191643552,0.0
9,12.940568,77.688494,1,2026-01-30 05:00:00,2026-01-30 05:00:00,0.0,0.0
9,12.940586,77.688034,1,2026-01-28 03:00:00,2026-01-28 03:00:00,0.011785830486996931,0.0
9,12.940651,77.688569,1,2026-01-20 01:00:00,2026-01-20 01:00:00,0.01612537167599735,0.0
9,12.940673,77.689552,1,2026-01-23 22:00:00,2026-01-23 22:00:00,0.0,0.0
9,12.940739,77.689064,1,2026-01-26 07:00:00,2026-01-26 07:00:00,0.04499912018655209,0.0
9,12.940777,77.687629,1,2026-01-17 16:00:00,2026-01-17 16:00:00,0.0,0.0
9,12.940783,77.687241,1,2026-01-14 01:00:00,2026-01-14 01:00:00,0.055037764492486596,0.0
9,12.940801,77.689792,1,2026-01-27 02:00:00,2026-01-27 02:00:00,0.08879491265786132,0.0
9,12.940809,77.683176,1,2026-01-27 08:00:00,2026-01-27 08:00:00,0.11365643131431197,0.0
9,12.940935,77.68959,1,2026-01-08 19:00:00,2026-01-08 19:00:00,0.050718888678745834,0.0
9,12.940996,77.692323,1,2026-01-08 13:00:00,2026-01-08 13:00:00,0.0,0.0
9,12.941237,77.688662,1,2026-01-06 17:00:00,2026-01-06 17:00:00,0.054310991113334255,0.0
9,12.941274,77.690396,1,2026-01-13 00:00:00,2026-01-13 00:00:00,0.0,0.0
9,12.941364,77.690482,1,2026-01-19 18:00:00,2026-01-19 18:00:00,0.10652610697075376,0.0
9,12.941369,77.687853,1,2026-01-19 18:00:00,2026-01-19 18:00:00,0.0,0.0
9,12.941445,77.689162,1,2026-01-09 20:00:00,2026-01-09 20:00:00,0.0,0.0
9,12.941475,77.68879,1,2026-01-27 14:00:00,2026-01-27 14:00:00,0.06521105002740339,0.0
9,12.941477,77.689241,1,2026-01-29 04:00:00,2026-01-29 04:00:00,0.0,0.0
9,12.94154,77.690443,1,2026-01-23 04:00:00,2026-01-23 04:00:00,0.0,0.0
9,12.941563,77.687457,1,2026-01-08 07:00:00,2026-01-08 07:00:00,0.0,0.0
9,12.941591,77.687463,1,2026-01-22 21:00:00,2026-01-22 21:00:00,0.07626588409353566,0.0
9,12.94161,77.689963,1,2026-01-08 07:00:00,2026-01-08 07:00:00,0.045422076508869536,0.0
9,12.941681,77.68782,1,2026-01-20 07:00:00,2026-01-20 07:00:00,0.0,0.0
9,12.941923,77.689222,1,2026-01-20 19:00:00,2026-01-20 19:00:00,0.0808151531786961,0.0
9,12.941959,77.690027,1,2026-01-08 19:00:00,2026-01-08 19:00:00,0.0,0.0
9,12.942041,77.691616,1,2026-01-26 01:00:00,2026-01-26 01:00:00,0.07692433591292218,0.0
9,12.942155,77.68614,1,2026-01-19 06:00:00,2026-01-19 06:00:00,0.15453776116719842,0.0
9,12.942175,77.686302,1,2026-01-28 09:00:00,2026-01-28 09:00:00,0.16241128081076509,0.0
9,12.94233,77.690001,1,2026-01-30 05:00:00,2026-01-30 05:00:00,0.08059676256688164,0.0
9,12.942631,77.689436,1,2026-01-10 09:00:00,2026-01-10 09:00:00,0.0,0.0
9,12.942905,77.689975,1,2026-01-13 18:00:00,2026-01-13 18:00:00,0.0,0.0
9,12.943101,77.688857,1,2026-01-27 02:00:00,2026-01-27 02:00:00,0.0,0.0
10,12.964768,77.595037,1,2026-01-02 19:00:00,2026-01-02 19:00:00,0.1498990718190907,0.0
10,12.96722,77.59532,1,2026-01-14 19:00:00,2026-01-14 19:00:00,0.11880751115602911,0.0
10,12.967761,77.597073,1,2026-01-14 07:00:00,2026-01-14 07:00:00,0.10169029362694404,0.0
10,12.967799,77.593494,1,2026-01-23 22:00:00,2026-01-23 22:00:00,0.09376456903247399,0.0
10,12.96872,77.594397,1,2026-01-11 16:00:00,2026-01-11 16:00:00,0.08150829866813646,0.0
10,12.968897,77.592862,1,2026-01-01 00:00:00,2026-01-01 00:00:00,0.0,0.0
10,12.968983,77.597322,1,2026-01-01 06:00:00,2026-01-01 06:00:00,0.045527634492443035,0.0
10,12.968993,77.595073,1,2026-01-22 15:00:00,2026-01-22 15:00:00,0.09429587792818839,0.0
10,12.969011,77.595834,1,2026-01-09 14:00:00,2026-01-09 14:00:00,0.0,0.0
10,12.969122,77.594165,1,2026-01-11 10:00:00,2026-01-11 10:00:00,0.09496761040163056,0.0
10,12.969286,77.599281,1,2026-01-11 04:00:00,2026-01-11 04:00:00,0.14136129237306413,0.0
10,12.969367,77.594626,1,2026-01-21 20:00:00,2026-01-21 20:00:00,0.07508985785519744,0.0
10,12.969487,77.592247,1,2026-01-07 18:00:00,2026-01-07 18:00:00,0.0,0.0
10,12.96949,77.59484,1,2026-01-01 12:00:00,2026-01-01 12:00:00,0.030418895855891397,0.0
10,12.969561,77.593202,1,2026-01-01 06:00:00,2026-01-01 06:00:00,0.0,0.0
10,12.969638,77.594719,1,2026-01-12 17:00:00,2026-01-12 17:00:00,0.0,0.0
10,12.96973,77.595103,1,2026-01-14 01:00:00,2026-01-14 01:00:00,0.0690338540881025,0.0
10,12.969989,77.59585,1,2026-01-12 23:00:00,2026-01-12 23:00:00,0.02197111083039584,0.0
10,12.970006,77.592546,1,2026-01-05 16:00:00,2026-01-05 16:00:00,0.1131493982763941,0.0
10,12.970393,77.596431,1,2026-01-12 05:00:00,2026-01-12 05:00:00,0.0229986106138951,0.0
10,12.970418,77.590316,1,2026-01-03 20:00:00,2026-01-03 20:00:00,0.18666455556954686,0.0
10,12.970635,77.596403,1,2026-01-18 05:00:00,2026-01-18 05:00:00,0.0732704758027689,0.0
10,12.970649,77.594774,1,2026-01-29 04:00:00,2026-01-29 04:00:00,0.0,0.0
10,12.970762,77.597253,1,2026-01-06 11:00:00,2026-01-06 11:00:00,0.1503112083541627,0.0
10,12.970814,77.598225,1,2026-01-22 21:00:00,2026-01-22 21:00:00,0.0675380707048326,0.0
10,12.970834,77.595711,1,2026-01-01 00:00:00,2026-01-01 00:00:00,0.0,0.0
10,12.970886,77.600062,1,2026-01-23 10:00:00,2026-01-23 10:00:00,0.054934762644135854,0.0
10,12.970911,77.59767,1,2026-01-16 03:00:00,2026-01-16 03:00:00,0.0,0.0
10,12.970947,77.594893,1,2026-01-25 06:00:00,2026-01-25 06:00:00,0.0,0.0
10,12.97095,77.596451,1,2026-01-12 11:00:00,2026-01-12 11:00:00,0.0,0.0
10,12.971009,77.593766,1,2026-01-17 10:00:00,2026-01-17 10:00:00,0.0591755476374855,0.0
10,12.971014,77.596779,1,2026-01-24 23:00:00,2026-01-24 23:00:00,0.0,0.0
10,12.971074,77.588762,1,2026-01-08 07:00:00,2026-01-08 07:00:00,0.1698249679756663,0.0
10,12.971126,77.593093,1,2026-01-22 03:00:00,2026-01-22 03:00:00,0.03522702546662828,0.0
10,12.971152,77.596339,1,2026-01-16 21:00:00,2026-01-16 21:00:00,0.0,0.0
10,12.971197,77.595307,1,2026-01-21 20:00:00,2026-01-21 20:00:00,0.0,0.0
10,12.971201,77.596802,1,2026-01-09 14:00:00,2026-01-09 14:00:00,0.04772009666288385,0.0
10,12.971217,77.597016,1,2026-01-01 12:00:00,2026-01-01 12:00:00,0.0,0.0
10,12.971233,77.595303,1,2026-01-19 06:00:00,2026-01-19 06:00:00,0.09596938491717356,0.0
10,12.971254,77.593164,1,2026-01-11 22:00:00,2026-01-11 22:00:00,0.08967435402347083,0.0
10,12.971261,77.597954,1,2026-01-21 02:00:00,2026-01-21 02:00:00,0.0,0.0
10,12.971282,77.597251,1,2026-01-22 03:00:00,2026-01-22 03:00:00,0.0,0.0
10,12.971299,77.596281,1,2026-01-01 18:00:00,2026-01-01 18:00:00,0.01372130328012724,0.0
10,12.971306,77.595314,1,2026-01-28 03:00:00,2026-01-28 03:00:00,0.06208693152135604,0.0
10,12.971354,77.597595,1,2026-01-16 15:00:00,2026-01-16 15:00:00,0.053238333357805034,0.0
10,12.971361,77.590596,1,2026-01-17 04:00:00,2026-01-17 04:00:00,0.0,0.0
10,12.971398,77.594604,1,2026-01-24 11:00:00,2026-01-24 11:00:00,0.03922967974010664,0.0
10,12.971414,77.592088,1,2026-01-19 18:00:00,2026-01-19 18:00:00,0.0,0.0
10,12.971427,77.596991,1,2026-01-02 13:00:00,2026-01-02 13:00:00,0.03398110238078332,0.0
10,12.971434,77.596289,1,2026-01-03 02:00:00,2026-01-03 02:00:00,0.0,0.0
10,12.971455,77.597225,1,2026-01-09 20:00:00,2026-01-09 20:00:00,0.0,0.0
10,12.971515,77.596855,1,2026-01-05 04:00:00,2026-01-05 04:00:00,0.06493231606189506,0.0
10,12.971517,77.597341,1,2026-01-11 22:00:00,2026-01-11 22:00:00,0.0,0.0
10,12.971521,77.592929,1,2026-01-07 18:00:00,2026-01-07 18:00:00,0.058510639295792165,0.0
10,12.971535,77.595413,1,2026-01-10 09:00:00,2026-01-10 09:00:00,0.05369600715127329,0.0
10,12.971568,77.59229,1,2026-01-30 11:00:00,2026-01-30 11:00:00,0.0,0.0
10,12.971579,77.591187,1,2026-01-24 17:00:00,2026-01-24 17:00:00,0.06348561913091119,0.0
10,12.971586,77.593657,1,2026-01-28 09:00:00,2026-01-28 09:00:00,0.07757367212192158,0.0
10,12.971608,77.596819,1,2026-01-26 19:00:00,2026-01-26 19:00:00,0.061626041052895895,0.0
10,12.971623,77.594823,1,2026-01-13 00:00:00,2026-01-13 00:00:00,0.46369282027274616,0.0
10,12.971628,77.59553,1,2026-01-13 18:00:00,2026-01-13 18:00:00,0.040466351195194115,0.0
10,12.971742,77.594094,1,2026-01-17 16:00:00,2026-01-17 16:00:00,0.0,0.0
10,12.971747,77.597703,1,2026-01-23 22:00:00,2026-01-23 22:00:00,0.0,0.0
10,12.97176,77.593711,1,2026-01-28 15:00:00,2026-01-28 15:00:00,0.037154007765870654,0.0
10,12.971791,77.591213,1,2026-01-02 07:00:00,2026-01-02 07:00:00,0.06236415365645814,0.0
10,12.971817,77.595624,1,2026-01-19 18:00:00,2026-01-19 18:00:00,0.06537814796665382,0.0
10,12.971895,77.591463,1,2026-01-15 20:00:00,2026-01-15 20:00:00,0.14452407050755406,0.0
10,12.971983,77.592396,1,2026-01-22 21:00:00,2026-01-22 21:00:00,0.0,0.0
10,12.972055,77.596877,1,2026-01-09 08:00:00,2026-01-09 08:00:00,0.09081994631177391,0.0
10,12.97208,77.595361,1,2026-01-15 20:00:00,2026-01-15 20:00:00,0.0,0.0
10,12.972104,77.597922,1,2026-01-11 16:00:00,2026-01-11 16:00:00,0.0,0.0
10,12.972163,77.594344,1,2026-01-14 19:00:00,2026-01-14 19:00:00,0.0,0.0
10,12.972188,77.596134,1,2026-01-06 17:00:00,2026-01-06 17:00:00,0.0,0.0
10,12.972189,77.596869,1,2026-01-25 00:00:00,2026-01-25 00:00:00,0.0,0.0
10,12.972191,77.598993,1,2026-01-26 01:00:00,2026-01-26 01:00:00,0.09472931950715287,0.0
10,12.972199,77.592698,1,2026-01-07 12:00:00,2026-01-07 12:00:00,0.12357517271069668,0.0
10,12.97223,77.595688,1,2026-01-03 02:00:00,2026-01-03 02:00:00,0.11911786183738379,0.0
10,12.972236,77.595476,1,2026-01-25 06:00:00,2026-01-25 06:00:00,0.02585949995771014,0.0
10,12.972264,77.594498,1,2026-01-27 14:00:00,2026-01-27 14:00:00,0.026485849973702787,0.0
10,12.972318,77.596589,1,2026-01-04 09:00:00,2026-01-04 09:00:00,0.08146829722149464,0.0
10,12.972367,77.597433,1,2026-01-13 06:00:00,2026-01-13 06:00:00,0.11751745335411161,0.0
10,12.972371,77.598383,1,2026-01-17 16:00:00,2026-01-17 16:00:00,0.0893102294424613,0.0
10,12.972373,77.594954,1,2026-01-02 01:00:00,2026-01-02 01:00:00,0.027148766939850247,0.0
10,12.97242,77.594186,1,2026-01-14 01:00:00,2026-01-14 01:00:00,0.0,0.0
10,12.972483,77.597529,1,2026-01-06 17:00:00,2026-01-06 17:00:00,0.0761889532819868,0.0
10,12.972493,77.594578,1,2026-01-09 08:00:00,2026-01-09 08:00:00,0.0,0.0
10,12.972498,77.596277,1,2026-01-05 04:00:00,2026-01-05 04:00:00,0.0,0.0
10,12.972514,77.597459,1,2026-01-14 13:00:00,2026-01-14 13:00:00,0.08847431832911783,0.0
10,12.972519,77.592465,1,2026-01-29 04:00:00,2026-01-29 04:00:00,0.049057424880854954,0.0
10,12.972526,77.595083,1,2026-01-05 22:00:00,2026-01-05 22:00:00,0.060460960914105875,0.0
10,12.972581,77.595129,1,2026-01-23 16:00:00,2026-01-23 16:00:00,0.09677571260928548,0.0
10,12.972596,77.591338,1,2026-01-26 07:00:00,2026-01-26 07:00:00,0.0,0.0
10,12.972681,77.596123,1,2026-01-20 01:00:00,2026-01-20 01:00:00,0.0,0.0
10,12.972705,77.596547,1,2026-01-02 13:00:00,2026-01-02 13:00:00,0.0,0.0
10,12.972739,77.594666,1,2026-01-07 00:00:00,2026-01-07 00:00:00,0.19217923831963107,0.0
10,12.972748,77.593155,1,2026-01-27 08:00:00,2026-01-27 08:00:00,0.0,0.0
10,12.972758,77.598535,1,2026-01-14 13:00:00,2026-01-14 13:00:00,0.0,0.0
10,12.972762,77.596282,1,2026-01-27 02:00:00,2026-01-27 02:00:00,0.0,0.0
10,12.972781,77.59582,1,2026-01-07 12:00:00,2026-01-07 12:00:00,0.0,0.0
10,12.972846,77.595833,1,2026-01-02 07:00:00,2026-01-02 07:00:00,0.0,0.0
10,12.972867,77.595847,1,2026-01-11 10:00:00,2026-01-11 10:00:00,0.0,0.0
10,12.973,77.595984,1,2026-01-24 05:00:00,2026-01-24 05:00:00,0.0,0.0
10,12.973056,77.597539,1,2026-01-08 19:00:00,2026-01-08 19:00:00,0.0,0.0
10,12.973094,77.593483,1,2026-01-03 08:00:00,2026-01-03 08:00:00,0.060488521894345955,0.0
10,12.973135,77.596211,1,2026-01-07 06:00:00,2026-01-07 06:00:00,0.02959149648626398,0.0
10,12.973248,77.593378,1,2026-01-18 11:00:00,2026-01-18 11:00:00,0.09478016230788022,0.0
10,12.973266,77.597649,1,2026-01-08 01:00:00,2026-01-08 01:00:00,0.10484126071747393,0.0
10,12.97327,77.598306,1,2026-01-23 04:00:00,2026-01-23 04:00:00,0.0,0.0
10,12.973271,77.597333,1,2026-01-15 02:00:00,2026-01-15 02:00:00,0.0,0.0
10,12.973299,77.598821,1,2026-01-19 12:00:00,2026-01-19 12:00:00,0.11107907317481892,0.0
10,12.973312,77.593534,1,2026-01-17 04:00:00,2026-01-17 04:00:00,0.056300662588599934,0.0
10,12.973313,77.594005,1,2026-01-16 15:00:00,2026-01-16 15:00:00,0.0,0.0
10,12.973317,77.59415,1,2026-01-13 12:00:00,2026-01-13 12:00:00,0.0,0.0
10,12.973357,77.598636,1,2026-01-27 20:00:00,2026-01-27 20:00:00,0.07940673426788437,0.0
10,12.973359,77.592763,1,2026-01-04 03:00:00,2026-01-04 03:00:00,0.06084228222824117,0.0
10,12.973359,77.597357,1,2026-01-21 08:00:00,2026-01-21 08:00:00,0.0404701449071636,0.0
10,12.973363,77.593984,1,2026-01-21 14:00:00,2026-01-21 14:00:00,0.0625804373375974,0.0
10,12.973376,77.597646,1,2026-01-22 09:00:00,2026-01-22 09:00:00,0.039535847352104525,0.0
10,12.973404,77.594826,1,2026-01-26 01:00:00,2026-01-26 01:00:00,0.0,0.0
10,12.973421,77.595415,1,2026-01-28 21:00:00,2026-01-28 21:00:00,0.04414967121100672,0.0
10,12.973424,77.597383,1,2026-01-13 18:00:00,2026-01-13 18:00:00,0.0,0.0
10,12.973434,77.593251,1,2026-01-04 21:00:00,2026-01-04 21:00:00,0.05881073048379413,0.0
10,12.973463,77.594129,1,2026-01-02 01:00:00,2026-01-02 01:00:00,0.0,0.0
10,12.973463,77.595856,1,2026-01-29 22:00:00,2026-01-29 22:00:00,0.09641474905346255,0.0
10,12.973567,77.594759,1,2026-01-15 14:00:00,2026-01-15 14:00:00,0.07872733552566157,0.0
10,12.973602,77.598159,1,2026-01-05 16:00:00,2026-01-05 16:00:00,0.0,0.0
10,12.973607,77.593207,1,2026-01-25 18:00:00,2026-01-25 18:00:00,0.12010392390459901,0.0
10,12.97362,77.59443,1,2026-01-30 23:00:00,2026-01-30 23:00:00,0.0818433526305201,0.0
10,12.973622,77.594448,1,2026-01-28 09:00:00,2026-01-28 09:00:00,0.0,0.0
10,12.973637,77.596752,1,2026-01-15 02:00:00,2026-01-15 02:00:00,0.044898866393953886,0.0
10,12.973662,77.59589,1,2026-01-16 09:00:00,2026-01-16 09:00:00,0.060792682777742246,0.0
10,12.973781,77.597626,1,2026-01-03 14:00:00,2026-01-03 14:00:00,0.1293661018630122,0.0
10,12.97381,77.595675,1,2026-01-18 23:00:00,2026-01-18 23:00:00,0.10850027563025783,0.0
10,12.973824,77.593639,1,2026-01-23 04:00:00,2026-01-23 04:00:00,0.03532557609874217,0.0
10,12.973887,77.593001,1,2026-01-06 05:00:00,2026-01-06 05:00:00,0.03955640320085955,0.0
10,12.973918,77.59568,1,2026-01-10 21:00:00,2026-01-10 21:00:00,0.07392671762014526,0.0
10,12.973927,77.590531,1,2026-01-15 08:00:00,2026-01-15 08:00:00,0.1267853134470228,0.0
10,12.973927,77.597626,1,2026-01-18 17:00:00,2026-01-18 17:00:00,0.0798150189452722,0.0
10,12.973954,77.591301,1,2026-01-13 00:00:00,2026-01-13 00:00:00,0.0,0.0
10,12.97398,77.596097,1,2026-01-24 05:00:00,2026-01-24 05:00:00,0.04374160283974202,0.0
10,12.974015,77.599127,1,2026-01-10 15:00:00,2026-01-10 15:00:00,0.09370239725676972,0.0
10,12.974098,77.597068,1,2026-01-05 10:00:00,2026-01-05 10:00:00,0.0,0.0
10,12.97416,77.597449,1,2026-01-08 13:00:00,2026-01-08 13:00:00,0.0,0.0
10,12.974201,77.590666,1,2026-01-03 08:00:00,2026-01-03 08:00:00,0.0,0.0
10,12.974214,77.594318,1,2026-01-10 03:00:00,2026-01-10 03:00:00,0.06373600486512952,0.0
10,12.974218,77.595132,1,2026-01-30 05:00:00,2026-01-30 05:00:00,0.0,0.0
10,12.97423,77.596125,1,2026-01-12 17:00:00,2026-01-12 17:00:00,0.06115476998791348,0.0
10,12.97428,77.59445,1,2026-01-16 21:00:00,2026-01-16 21:00:00,0.019749620280069304,0.0
10,12.974291,77.595769,1,2026-01-20 19:00:00,2026-01-20 19:00:00,0.0,0.0
10,12.974338,77.59124,1,2026-01-08 07:00:00,2026-01-08 07:00:00,0.0,0.0
10,12.974375,77.596772,1,2026-01-28 03:00:00,2026-01-28 03:00:00,0.0,0.0
10,12.974443,77.594943,1,2026-01-06 23:00:00,2026-01-06 23:00:00,0.047314659594486434,0.0
10,12.974508,77.5943,1,2026-01-08 19:00:00,2026-01-08 19:00:00,0.0587801253428882,0.0
10,12.974667,77.590382,1,2026-01-27 08:00:00,2026-01-27 08:00:00,0.11502920782672033,0.0
10,12.974671,77.595469,1,2026-01-27 02:00:00,2026-01-27 02:00:00,0.05323175655000077,0.0
10,12.974787,77.59548,1,2026-01-26 07:00:00,2026-01-26 07:00:00,0.028383598566771428,0.0
10,12.974827,77.595796,1,2026-01-08 13:00:00,2026-01-08 13:00:00,0.08501447697171927,0.0
10,12.974868,77.598663,1,2026-01-15 14:00:00,2026-01-15 14:00:00,0.0,0.0
10,12.974902,77.598141,1,2026-01-17 22:00:00,2026-01-17 22:00:00,0.0,0.0
10,12.974922,77.596595,1,2026-01-26 13:00:00,2026-01-26 13:00:00,0.10665556780756151,0.0
10,12.974989,77.596069,1,2026-01-04 09:00:00,2026-01-04 09:00:00,0.0,0.0
10,12.974997,77.594282,1,2026-01-06 11:00:00,2026-01-06 11:00:00,0.0,0.0
10,12.975023,77.594122,1,2026-01-21 02:00:00,2026-01-21 02:00:00,0.028662371091623656,0.0
10,12.975306,77.594882,1,2026-01-04 15:00:00,2026-01-04 15:00:00,0.02279462563538133,0.0
10,12.975329,77.592762,1,2026-01-10 21:00:00,2026-01-10 21:00:00,0.0,0.0
10,12.975335,77.592377,1,2026-01-20 07:00:00,2026-01-20 07:00:00,0.0,0.0
10,12.97551,77.594144,1,2026-01-30 11:00:00,2026-01-30 11:00:00,0.03017645911147876,0.0
10,12.975516,77.595923,1,2026-01-20 13:00:00,2026-01-20 13:00:00,0.06587577007842003,0.0
10,12.975527,77.59795,1,2026-01-18 05:00:00,2026-01-18 05:00:00,0.0,0.0
10,12.975568,77.59616,1,2026-01-12 23:00:00,2026-01-12 23:00:00,0.0,0.0
10,12.975572,77.599375,1,2026-01-25 12:00:00,2026-01-25 12:00:00,0.11949117152532,0.0
10,12.975636,77.59519,1,2026-01-25 00:00:00,2026-01-25 00:00:00,0.5440781939971475,0.0
10,12.975677,77.594658,1,2026-01-24 23:00:00,2026-01-24 23:00:00,0.09963925117097427,0.0
10,12.975722,77.592733,1,2026-01-19 00:00:00,2026-01-19 00:00:00,0.0,0.0
10,12.975727,77.59364,1,2026-01-09 02:00:00,2026-01-09 02:00:00,0.07515920109785168,0.0
10,12.975841,77.593968,1,2026-01-04 03:00:00,2026-01-04 03:00:00,0.0,0.0
10,12.97585,77.595303,1,2026-01-04 15:00:00,2026-01-04 15:00:00,0.0,0.0
10,12.97586,77.590455,1,2026-01-13 12:00:00,2026-01-13 12:00:00,0.14477965366696394,0.0
10,12.975862,77.598539,1,2026-01-20 07:00:00,2026-01-20 07:00:00,0.07411079475505138,0.0
10,12.97587,77.596396,1,2026-01-17 22:00:00,2026-01-17 22:00:00,0.0876919094920952,0.0
10,12.97601,77.593881,1,2026-01-29 10:00:00,2026-01-29 10:00:00,0.10083488318624861,0.0
10,12.976016,77.593899,1,2026-01-20 19:00:00,2026-01-20 19:00:00,0.038680812335165626,0.0
10,12.976061,77.596505,1,2026-01-12 11:00:00,2026-01-12 11:00:00,0.1051692553767599,0.0
10,12.976086,77.59235,1,2026-01-19 00:00:00,2026-01-19 00:00:00,0.13888458262912037,0.0
10,12.976106,77.594674,1,2026-01-09 20:00:00,2026-01-09 20:00:00,0.1333836605946356,0.0
10,12.976158,77.598038,1,2026-01-30 17:00:00,2026-01-30 17:00:00,0.1364743701711887,0.0
10,12.976294,77.59462,1,2026-01-10 09:00:00,2026-01-10 09:00:00,0.0,0.0
10,12.976465,77.592579,1,2026-01-30 05:00:00,2026-01-30 05:00:00,0.07067515451785909,0.0
10,12.976545,77.597087,1,2026-01-05 10:00:00,2026-01-05 10:00:00,0.0765745067118038,0.0
10,12.976709,77.5939,1,2026-01-19 06:00:00,2026-01-19 06:00:00,0.0,0.0
10,12.976853,77.593334,1,2026-01-18 23:00:00,2026-01-18 23:00:00,0.0,0.0
10,12.976902,77.594795,1,2026-01-16 03:00:00,2026-01-16 03:00:00,0.0772100337587683,0.0
10,12.977194,77.597753,1,2026-01-03 14:00:00,2026-01-03 14:00:00,0.0,0.0
10,12.977363,77.595966,1,2026-01-20 01:00:00,2026-01-20 01:00:00,0.11293210523781949,0.0
10,12.977553,77.59666,1,2026-01-07 06:00:00,2026-01-07 06:00:00,0.0,0.0
10,12.97758,77.592685,1,2026-01-29 16:00:00,2026-01-29 16:00:00,0.014139392962220101,0.0
10,12.9776,77.597203,1,2026-01-10 15:00:00,2026-01-10 15:00:00,0.0,0.0
10,12.978157,77.593944,1,2026-01-06 05:00:00,2026-01-06 05:00:00,0.0,0.0
10,12.978258,77.593033,1,2026-01-29 10:00:00,2026-01-29 10:00:00,0.0,0.0
10,12.978926,77.592842,1,2026-01-18 17:00:00,2026-01-18 17:00:00,0.0,0.0
11,12.980248,77.61009,1,2026-01-02 01:00:00,2026-01-02 01:00:00,0.0,0.0
11,12.980333,77.60938,1,2026-01-13 18:00:00,2026-01-13 18:00:00,0.0,0.0
11,12.980351,77.605414,1,2026-01-22 03:00:00,2026-01-22 03:00:00,0.0,0.0
11,12.980903,77.607974,1,2026-01-06 23:00:00,2026-01-06 23:00:00,0.058541861604532834,0.0
11,12.981158,77.605344,1,2026-01-13 18:00:00,2026-01-13 18:00:00,0.1387674486424496,0.0
11,12.981195,77.607953,1,2026-01-21 20:00:00,2026-01-21 20:00:00,0.0,0.0
11,12.98122,77.608645,1,2026-01-02 19:00:00,2026-01-02 19:00:00,0.09818132303059585,0.0
11,12.981303,77.605548,1,2026-01-14 19:00:00,2026-01-14 19:00:00,0.09010721208650767,0.0
11,12.981333,77.611516,1,2026-01-24 23:00:00,2026-01-24 23:00:00,0.0,0.0
11,12.981363,77.608215,1,2026-01-12 11:00:00,2026-01-12 11:00:00,0.06772909262893807,0.0
11,12.98141,77.610315,1,2026-01-16 21:00:00,2026-01-16 21:00:00,0.0,0.0
11,12.981588,77.608756,1,2026-01-06 17:00:00,2026-01-06 17:00:00,0.08487540252703024,0.0
11,12.981612,77.604044,1,2026-01-07 06:00:00,2026-01-07 06:00:00,0.11559491407978617,0.0
11,12.981666,77.608095,1,2026-01-02 13:00:00,2026-01-02 13:00:00,0.036477919999242416,0.0
11,12.981672,77.607348,1,2026-01-20 13:00:00,2026-01-20 13:00:00,0.1814823118941212,0.0
11,12.981686,77.609765,1,2026-01-27 08:00:00,2026-01-27 08:00:00,0.06411960062480086,0.0
11,12.98178,77.605232,1,2026-01-09 14:00:00,2026-01-09 14:00:00,0.0,0.0
11,12.981804,77.611983,1,2026-01-01 12:00:00,2026-01-01 12:00:00,0.0,0.0
11,12.981866,77.607916,1,2026-01-04 09:00:00,2026-01-04 09:00:00,0.0,0.0
11,12.981918,77.604683,1,2026-01-14 01:00:00,2026-01-14 01:00:00,0.0,0.0
11,12.982006,77.608467,1,2026-01-03 02:00:00,2026-01-03 02:00:00,0.0,0.0
11,12.98202,77.608357,1,2026-01-23 16:00:00,2026-01-23 16:00:00,0.14241152536502147,0.0
11,12.982099,77.609945,1,2026-01-28 03:00:00,2026-01-28 03:00:00,0.12184736868014336,0.0
11,12.982261,77.604681,1,2026-01-12 23:00:00,2026-01-12 23:00:00,0.0,0.0
11,12.982315,77.609001,1,2026-01-23 22:00:00,2026-01-23 22:00:00,0.01314227039713968,0.0
11,12.982336,77.602233,1,2026-01-16 09:00:00,2026-01-16 09:00:00,0.17284814780319346,0.0
11,12.982378,77.607219,1,2026-01-13 12:00:00,2026-01-13 12:00:00,0.037076096734288,0.0
11,12.982457,77.604596,1,2026-01-22 21:00:00,2026-01-22 21:00:00,0.08287273912970952,0.0
11,12.982479,77.609762,1,2026-01-17 04:00:00,2026-01-17 04:00:00,0.01914013078469256,0.0
11,12.982527,77.611517,1,2026-01-16 03:00:00,2026-01-16 03:00:00,0.07937572903244648,0.0
11,12.982569,77.606231,1,2026-01-08 19:00:00,2026-01-08 19:00:00,0.0,0.0
11,12.982631,77.606382,1,2026-01-02 07:00:00,2026-01-02 07:00:00,0.0,0.0
11,12.982676,77.605918,1,2026-01-13 00:00:00,2026-01-13 00:00:00,0.14524568451079187,0.0
11,12.982718,77.607944,1,2026-01-27 14:00:00,2026-01-27 14:00:00,0.05386748740648135,0.0
11,12.98278,77.607931,1,2026-01-24 23:00:00,2026-01-24 23:00:00,0.07170038586635336,0.0
11,12.982806,77.606074,1,2026-01-08 07:00:00,2026-01-08 07:00:00,0.09754632158915078,0.0
11,12.982824,77.61266,1,2026-01-23 04:00:00,2026-01-23 04:00:00,0.0,0.0
11,12.982959,77.612332,1,2026-01-06 05:00:00,2026-01-06 05:00:00,0.08225408159903426,0.0
11,12.982989,77.608491,1,2026-01-05 04:00:00,2026-01-05 04:00:00,0.04441513125224963,0.0
11,12.982995,77.608185,1,2026-01-04 15:00:00,2026-01-04 15:00:00,0.02153307571899654,0.0
11,12.982997,77.608381,1,2026-01-03 08:00:00,2026-01-03 08:00:00,0.018455456800334103,0.0
11,12.983002,77.60723,1,2026-01-04 03:00:00,2026-01-04 03:00:00,0.0,0.0
11,12.98308,77.610033,1,2026-01-11 16:00:00,2026-01-11 16:00:00,0.0,0.0
11,12.983109,77.610536,1,2026-01-24 05:00:00,2026-01-24 05:00:00,0.0,0.0
11,12.983114,77.602969,1,2026-01-03 20:00:00,2026-01-03 20:00:00,0.0986452834895228,0.0
11,12.98314,77.608316,1,2026-01-07 18:00:00,2026-01-07 18:00:00,0.044565450388643325,0.0
11,12.98316,77.60675,1,2026-01-15 02:00:00,2026-01-15 02:00:00,0.0,0.0
11,12.983193,77.605789,1,2026-01-15 08:00:00,2026-01-15 08:00:00,0.01784026250472805,0.0
11,12.983338,77.606782,1,2026-01-18 11:00:00,2026-01-18 11:00:00,0.06325116783719403,0.0
11,12.983371,77.610773,1,2026-01-27 08:00:00,2026-01-27 08:00:00,0.0,0.0
11,12.983396,77.6053,1,2026-01-07 12:00:00,2026-01-07 12:00:00,0.08864101937441232,0.0
11,12.983482,77.6052,1,2026-01-17 22:00:00,2026-01-17 22:00:00,0.0,0.0
11,12.983521,77.611003,1,2026-01-01 12:00:00,2026-01-01 12:00:00,0.059441880352969996,0.0
11,12.983626,77.607569,1,2026-01-28 09:00:00,2026-01-28 09:00:00,0.0,0.0
11,12.983657,77.610372,1,2026-01-26 01:00:00,2026-01-26 01:00:00,0.0,0.0
11,12.983681,77.607813,1,2026-01-03 02:00:00,2026-01-03 02:00:00,0.04131299372148912,0.0
11,12.983682,77.609972,1,2026-01-01 00:00:00,2026-01-01 00:00:00,0.0,0.0
11,12.983708,77.603788,1,2026-01-22 21:00:00,2026-01-22 21:00:00,0.0,0.0
11,12.983762,77.606342,1,2026-01-09 20:00:00,2026-01-09 20:00:00,0.04214680330974538,0.0
11,12.98382,77.606771,1,2026-01-06 17:00:00,2026-01-06 17:00:00,0.0,0.0
11,12.983853,77.605403,1,2026-01-19 06:00:00,2026-01-19 06:00:00,0.056241470048823516,0.0
11,12.983854,77.608837,1,2026-01-05 16:00:00,2026-01-05 16:00:00,0.0,0.0
11,12.983865,77.605849,1,2026-01-09 20:00:00,2026-01-09 20:00:00,0.0,0.0
11,12.983899,77.608035,1,2026-01-29 04:00:00,2026-01-29 04:00:00,0.0,0.0
11,12.983914,77.607473,1,2026-01-05 10:00:00,2026-01-05 10:00:00,0.0,0.0
11,12.98392,77.607995,1,2026-01-20 07:00:00,2026-01-20 07:00:00,0.059156653803112136,0.0
11,12.983947,77.608494,1,2026-01-03 14:00:00,2026-01-03 14:00:00,0.09840878463672224,0.0
11,12.983951,77.604341,1,2026-01-04 15:00:00,2026-01-04 15:00:00,0.0,0.0
11,12.983953,77.608801,1,2026-01-26 07:00:00,2026-01-26 07:00:00,0.029660142292636343,0.0
11,12.983963,77.610011,1,2026-01-14 01:00:00,2026-01-14 01:00:00,0.05859304287611057,0.0
11,12.98398,77.613798,1,2026-01-03 08:00:00,2026-01-03 08:00:00,0.0,0.0
11,12.984054,77.607101,1,2026-01-28 21:00:00,2026-01-28 21:00:00,0.040838284789507844,0.0
11,12.98406,77.605294,1,2026-01-19 18:00:00,2026-01-19 18:00:00,0.0,0.0
11,12.984095,77.603766,1,2026-01-11 10:00:00,2026-01-11 10:00:00,0.051601769986698943,0.0
11,12.984118,77.606853,1,2026-01-01 18:00:00,2026-01-01 18:00:00,0.10441339958340366,0.0
11,12.984169,77.610033,1,2026-01-25 00:00:00,2026-01-25 00:00:00,0.0,0.0
11,12.984192,77.608712,1,2026-01-22 15:00:00,2026-01-22 15:00:00,0.03610828074034074,0.0
11,12.984194,77.608053,1,2026-01-13 06:00:00,2026-01-13 06:00:00,0.07741912737595293,0.0
11,12.984205,77.609813,1,2026-01-14 13:00:00,2026-01-14 13:00:00,0.08328319373162398,0.0
11,12.984227,77.607538,1,2026-01-22 03:00:00,2026-01-22 03:00:00,0.04866702760500896,0.0
11,12.984249,77.608492,1,2026-01-11 10:00:00,2026-01-11 10:00:00,0.0,0.0
11,12.98426,77.606767,1,2026-01-22 09:00:00,2026-01-22 09:00:00,0.07674644137081961,0.0
11,12.984332,77.605899,1,2026-01-17 22:00:00,2026-01-17 22:00:00,0.06613926086032752,0.0
11,12.984337,77.60749,1,2026-01-14 19:00:00,2026-01-14 19:00:00,0.0,0.0
11,12.984454,77.606524,1,2026-01-11 04:00:00,2026-01-11 04:00:00,0.05988762841105492,0.0
11,12.984486,77.605349,1,2026-01-12 17:00:00,2026-01-12 17:00:00,0.05098830023641828,0.0
11,12.984514,77.607399,1,2026-01-05 22:00:00,2026-01-05 22:00:00,0.029355595027093218,0.0
11,12.984532,77.606157,1,2026-01-23 22:00:00,2026-01-23 22:00:00,0.0,0.0
11,12.984582,77.613027,1,2026-01-16 15:00:00,2026-01-16 15:00:00,0.20455414079639564,0.0
11,12.984585,77.607981,1,2026-01-01 06:00:00,2026-01-01 06:00:00,0.0,0.0
11,12.984595,77.606658,1,2026-01-15 20:00:00,2026-01-15 20:00:00,0.0453919348321963,0.0
11,12.984607,77.610218,1,2026-01-07 12:00:00,2026-01-07 12:00:00,0.0,0.0
11,12.984643,77.609272,1,2026-01-18 17:00:00,2026-01-18 17:00:00,0.052158053177484696,0.0
11,12.984661,77.608244,1,2026-01-06 05:00:00,2026-01-06 05:00:00,0.0,0.0
11,12.984706,77.607798,1,2026-01-26 01:00:00,2026-01-26 01:00:00,0.0238948035891402,0.0
11,12.984709,77.608533,1,2026-01-05 10:00:00,2026-01-05 10:00:00,0.05760145208554801,0.0
11,12.984711,77.606402,1,2026-01-17 10:00:00,2026-01-17 10:00:00,0.026872247314751994,0.0
11,12.984745,77.606638,1,2026-01-30 05:00:00,2026-01-30 05:00:00,0.0,0.0
11,12.984756,77.604469,1,2026-01-29 04:00:00,2026-01-29 04:00:00,0.043319534646348815,0.0
11,12.984847,77.609839,1,2026-01-18 05:00:00,2026-01-18 05:00:00,0.0,0.0
11,12.984976,77.608321,1,2026-01-08 19:00:00,2026-01-08 19:00:00,0.0039357563440872686,0.0
11,12.98501,77.608375,1,2026-01-12 05:00:00,2026-01-12 05:00:00,0.04472878660232912,0.0
11,12.985029,77.607204,1,2026-01-12 17:00:00,2026-01-12 17:00:00,0.0,0.0
11,12.985067,77.609485,1,2026-01-04 03:00:00,2026-01-04 03:00:00,0.10817738413533377,0.0
11,12.985074,77.609083,1,2026-01-27 02:00:00,2026-01-27 02:00:00,0.0,0.0
11,12.985076,77.606635,1,2026-01-04 21:00:00,2026-01-04 21:00:00,0.04740389737476883,0.0
11,12.985081,77.606343,1,2026-01-25 18:00:00,2026-01-25 18:00:00,0.028350227928969282,0.0
11,12.985112,77.608685,1,2026-01-09 14:00:00,2026-01-09 14:00:00,0.05820519253671757,0.0
11,12.985162,77.608423,1,2026-01-08 13:00:00,2026-01-08 13:00:00,0.0,0.0
11,12.985258,77.611756,1,2026-01-10 03:00:00,2026-01-10 03:00:00,0.09651488152655922,0.0
11,12.985263,77.605842,1,2026-01-12 23:00:00,2026-01-12 23:00:00,0.025639874303906407,0.0
11,12.98527,77.607347,1,2026-01-15 20:00:00,2026-01-15 20:00:00,0.0,0.0
11,12.98527,77.607983,1,2026-01-12 11:00:00,2026-01-12 11:00:00,0.0,0.0
11,12.985285,77.612512,1,2026-01-21 20:00:00,2026-01-21 20:00:00,0.08053725255238464,0.0
11,12.985305,77.605765,1,2026-01-21 08:00:00,2026-01-21 08:00:00,0.045264479536282674,0.0
11,12.985328,77.608125,1,2026-01-30 11:00:00,2026-01-30 11:00:00,0.02963344301000102,0.0
11,12.98533,77.6083,1,2026-01-11 22:00:00,2026-01-11 22:00:00,0.05269208401870259,0.0
11,12.985385,77.607684,1,2026-01-17 04:00:00,2026-01-17 04:00:00,0.0,0.0
11,12.985392,77.604907,1,2026-01-25 06:00:00,2026-01-25 06:00:00,0.09777378707976175,0.0
11,12.985396,77.609086,1,2026-01-21 02:00:00,2026-01-21 02:00:00,0.03207935837155635,0.0
11,12.985416,77.605956,1,2026-01-01 06:00:00,2026-01-01 06:00:00,0.04445008513793224,0.0
11,12.985453,77.607073,1,2026-01-20 19:00:00,2026-01-20 19:00:00,0.07033545419903887,0.0
11,12.98556,77.609776,1,2026-01-04 09:00:00,2026-01-04 09:00:00,0.06696051966726636,0.0
11,12.985583,77.605141,1,2026-01-05 16:00:00,2026-01-05 16:00:00,0.05320565832135476,0.0
11,12.98561,77.603078,1,2026-01-23 04:00:00,2026-01-23 04:00:00,0.03228594908213805,0.0
11,12.98562,77.611585,1,2026-01-02 13:00:00,2026-01-02 13:00:00,0.0,0.0
11,12.985626,77.605555,1,2026-01-14 07:00:00,2026-01-14 07:00:00,0.07067248879118813,0.0
11,12.985634,77.610946,1,2026-01-16 03:00:00,2026-01-16 03:00:00,0.0,0.0
11,12.98572,77.608193,1,2026-01-21 14:00:00,2026-01-21 14:00:00,0.045700776897945855,0.0
11,12.985728,77.606398,1,2026-01-25 06:00:00,2026-01-25 06:00:00,0.0,0.0
11,12.985762,77.610659,1,2026-01-26 19:00:00,2026-01-26 19:00:00,0.1252174596871183,0.0
11,12.98577,77.605667,1,2026-01-11 22:00:00,2026-01-11 22:00:00,0.0,0.0
11,12.985775,77.606913,1,2026-01-06 11:00:00,2026-01-06 11:00:00,0.0,0.0
11,12.985803,77.609427,1,2026-01-07 06:00:00,2026-01-07 06:00:00,0.0,0.0
11,12.985852,77.607361,1,2026-01-17 16:00:00,2026-01-17 16:00:00,0.027653567508583624,0.0
11,12.985854,77.608808,1,2026-01-16 21:00:00,2026-01-16 21:00:00,0.04730474602208906,0.0
11,12.985925,77.607482,1,2026-01-03 14:00:00,2026-01-03 14:00:00,0.0,0.0
11,12.985976,77.606507,1,2026-01-26 07:00:00,2026-01-26 07:00:00,0.0,0.0
11,12.985988,77.609826,1,2026-01-24 11:00:00,2026-01-24 11:00:00,0.05501537627444825,0.0
11,12.986047,77.604508,1,2026-01-14 13:00:00,2026-01-14 13:00:00,0.0,0.0
11,12.986064,77.611349,1,2026-01-16 15:00:00,2026-01-16 15:00:00,0.0,0.0
11,12.986081,77.608698,1,2026-01-02 07:00:00,2026-01-02 07:00:00,0.11126054078666997,0.0
11,12.986087,77.608304,1,2026-01-09 08:00:00,2026-01-09 08:00:00,0.008879664874469286,0.0
11,12.986132,77.608976,1,2026-01-17 16:00:00,2026-01-17 16:00:00,0.0,0.0
11,12.986151,77.608546,1,2026-01-15 14:00:00,2026-01-15 14:00:00,0.0,0.0
11,12.986168,77.604917,1,2026-01-30 23:00:00,2026-01-30 23:00:00,0.0879781342615672,0.0
11,12.98618,77.608316,1,2026-01-10 09:00:00,2026-01-10 09:00:00,0.06607613838183285,0.0
11,12.986197,77.607466,1,2026-01-30 05:00:00,2026-01-30 05:00:00,0.021893908789510228,0.0
11,12.986216,77.608581,1,2026-01-19 00:00:00,2026-01-19 00:00:00,0.1762728561477292,0.0
11,12.986225,77.60533,1,2026-01-25 12:00:00,2026-01-25 12:00:00,0.02185542504163979,0.0
11,12.986228,77.60821,1,2026-01-01 00:00:00,2026-01-01 00:00:00,0.0,0.0
11,12.986247,77.60729,1,2026-01-28 15:00:00,2026-01-28 15:00:00,0.04890301804634081,0.0
11,12.98626,77.60952,1,2026-01-27 02:00:00,2026-01-27 02:00:00,0.01976901691223733,0.0
11,12.986283,77.606964,1,2026-01-19 06:00:00,2026-01-19 06:00:00,0.0,0.0
11,12.98629,77.606314,1,2026-01-24 17:00:00,2026-01-24 17:00:00,0.06539977102100726,0.0
11,12.986293,77.607872,1,2026-01-09 02:00:00,2026-01-09 02:00:00,0.06471712019001988,0.0
11,12.986376,77.604626,1,2026-01-18 05:00:00,2026-01-18 05:00:00,0.04691939041632952,0.0
11,12.986381,77.608339,1,2026-01-08 13:00:00,2026-01-08 13:00:00,0.019724086974008962,0.0
11,12.986389,77.609064,1,2026-01-07 18:00:00,2026-01-07 18:00:00,0.0,0.0
11,12.986409,77.60941,1,2026-01-15 02:00:00,2026-01-15 02:00:00,0.04492264126675303,0.0
11,12.986419,77.603942,1,2026-01-26 13:00:00,2026-01-26 13:00:00,0.04829384554614172,0.0
11,12.98642,77.6098,1,2026-01-18 17:00:00,2026-01-18 17:00:00,0.0,0.0
11,12.986485,77.610784,1,2026-01-20 19:00:00,2026-01-20 19:00:00,0.0,0.0
11,12.986566,77.60658,1,2026-01-10 15:00:00,2026-01-10 15:00:00,0.0,0.0
11,12.986628,77.607231,1,2026-01-24 05:00:00,2026-01-24 05:00:00,0.037453480564399795,0.0
11,12.986677,77.609017,1,2026-01-15 14:00:00,2026-01-15 14:00:00,0.08812001323523867,0.0
11,12.986805,77.604714,1,2026-01-19 00:00:00,2026-01-19 00:00:00,0.0,0.0
11,12.986901,77.606027,1,2026-01-18 23:00:00,2026-01-18 23:00:00,0.07056828075740575,0.0
11,12.986933,77.60641,1,2026-01-28 03:00:00,2026-01-28 03:00:00,0.0,0.0
11,12.986988,77.60717,1,2026-01-11 16:00:00,2026-01-11 16:00:00,0.056427165623851104,0.0
11,12.98703,77.608698,1,2026-01-20 01:00:00,2026-01-20 01:00:00,0.0,0.0
11,12.987056,77.607074,1,2026-01-07 00:00:00,2026-01-07 00:00:00,0.6922404371690913,0.0
11,12.987104,77.608304,1,2026-01-29 10:00:00,2026-01-29 10:00:00,0.059672510038050415,0.0
11,12.987161,77.608,1,2026-01-06 11:00:00,2026-01-06 11:00:00,0.04660372797140433,0.0
11,12.98719,77.605826,1,2026-01-25 00:00:00,2026-01-25 00:00:00,0.9090186238567713,0.0
11,12.987247,77.609996,1,2026-01-28 09:00:00,2026-01-28 09:00:00,0.06678682548101304,0.0
11,12.987269,77.60585,1,2026-01-10 15:00:00,2026-01-10 15:00:00,0.06795741313562487,0.0
11,12.987363,77.608198,1,2026-01-29 22:00:00,2026-01-29 22:00:00,0.026943151688828843,0.0
11,12.987436,77.608208,1,2026-01-08 07:00:00,2026-01-08 07:00:00,0.0,0.0
11,12.987553,77.603433,1,2026-01-10 21:00:00,2026-01-10 21:00:00,0.0611916329546128,0.0
11,12.987555,77.60833,1,2026-01-08 01:00:00,2026-01-08 01:00:00,0.021910836301334356,0.0
11,12.987574,77.608131,1,2026-01-19 18:00:00,2026-01-19 18:00:00,0.034083569144129605,0.0
11,12.987577,77.604588,1,2026-01-27 20:00:00,2026-01-27 20:00:00,0.10956307616624106,0.0
11,12.987629,77.604239,1,2026-01-20 01:00:00,2026-01-20 01:00:00,0.059185097487185964,0.0
11,12.987634,77.609086,1,2026-01-13 12:00:00,2026-01-13 12:00:00,0.0,0.0
11,12.987702,77.608179,1,2026-01-30 11:00:00,2026-01-30 11:00:00,0.0,0.0
11,12.987722,77.606097,1,2026-01-21 02:00:00,2026-01-21 02:00:00,0.0,0.0
11,12.987729,77.607813,1,2026-01-05 04:00:00,2026-01-05 04:00:00,0.0,0.0
11,12.987732,77.604671,1,2026-01-02 01:00:00,2026-01-02 01:00:00,0.06713590372962011,0.0
11,12.98777,77.606804,1,2026-01-29 16:00:00,2026-01-29 16:00:00,0.0017433223808663847,0.0
11,12.987788,77.608275,1,2026-01-10 21:00:00,2026-01-10 21:00:00,0.0,0.0
11,12.98779,77.608408,1,2026-01-18 23:00:00,2026-01-18 23:00:00,0.0,0.0
11,12.987797,77.606894,1,2026-01-29 10:00:00,2026-01-29 10:00:00,0.0,0.0
11,12.987877,77.609462,1,2026-01-10 09:00:00,2026-01-10 09:00:00,0.0,0.0
11,12.988127,77.607818,1,2026-01-09 08:00:00,2026-01-09 08:00:00,0.0,0.0
11,12.988346,77.607637,1,2026-01-13 00:00:00,2026-01-13 00:00:00,0.0,0.0
11,12.988735,77.608904,1,2026-01-30 17:00:00,2026-01-30 17:00:00,0.02341482121450351,0.0
11,12.988943,77.609356,1,2026-01-19 12:00:00,2026-01-19 12:00:00,0.06637132869496294,0.0
11,12.989354,77.610622,1,2026-01-23 10:00:00,2026-01-23 10:00:00,0.12691665838941543,0.0
11,12.991381,77.606158,1,2026-01-20 07:00:00,2026-01-20 07:00:00,0.0,0.0
12,12.948465,77.613611,1,2026-01-03 14:00:00,2026-01-03 14:00:00,0.0,0.0
12,12.949094,77.614418,1,2026-01-11 22:00:00,2026-01-11 22:00:00,0.0,0.0
12,12.949381,77.613207,1,2026-01-12 23:00:00,2026-01-12 23:00:00,0.0,0.0
12,12.949828,77.612139,1,2026-01-02 01:00:00,2026-01-02 01:00:00,0.0,0.0
12,12.949973,77.611219,1,2026-01-07 12:00:00,2026-01-07 12:00:00,0.045856562943466427,0.0
12,12.949973,77.61149,1,2026-01-23 22:00:00,2026-01-23 22:00:00,0.0,0.0
12,12.950095,77.610112,1,2026-01-02 13:00:00,2026-01-02 13:00:00,0.0,0.0
12,12.950276,77.61211,1,2026-01-11 22:00:00,2026-01-11 22:00:00,0.071516253468232,0.0
12,12.950439,77.6113,1,2026-01-27 20:00:00,2026-01-27 20:00:00,0.0803675085008319,0.0
12,12.950443,77.609985,1,2026-01-15 20:00:00,2026-01-15 20:00:00,0.0,0.0
12,12.95049,77.612132,1,2026-01-24 23:00:00,2026-01-24 23:00:00,0.06965118527666236,0.0
12,12.950536,77.615278,1,2026-01-04 09:00:00,2026-01-04 09:00:00,0.0,0.0
12,12.950606,77.609776,1,2026-01-17 10:00:00,2026-01-17 10:00:00,0.054956927599843025,0.0
12,12.9507,77.611904,1,2026-01-25 06:00:00,2026-01-25 06:00:00,0.0,0.0
12,12.950823,77.610665,1,2026-01-12 05:00:00,2026-01-12 05:00:00,0.0657125800713345,0.0
12,12.950858,77.613802,1,2026-01-04 09:00:00,2026-01-04 09:00:00,0.11399794278588266,0.0
12,12.950873,77.615892,1,2026-01-07 18:00:00,2026-01-07 18:00:00,0.0,0.0
12,12.951032,77.61144,1,2026-01-22 21:00:00,2026-01-22 21:00:00,0.07325796999593097,0.0
12,12.951046,77.608126,1,2026-01-10 03:00:00,2026-01-10 03:00:00,0.18011811115311854,0.0
12,12.951086,77.613931,1,2026-01-17 16:00:00,2026-01-17 16:00:00,0.07760179798279149,0.0
12,12.951173,77.607816,1,2026-01-25 00:00:00,2026-01-25 00:00:00,0.4148681938439313,0.0
12,12.951253,77.615226,1,2026-01-14 19:00:00,2026-01-14 19:00:00,0.0,0.0
12,12.951328,77.612907,1,2026-01-15 08:00:00,2026-01-15 08:00:00,0.07563370272702198,0.0
12,12.951422,77.611535,1,2026-01-22 03:00:00,2026-01-22 03:00:00,0.021653484688620196,0.0
12,12.951444,77.612472,1,2026-01-13 00:00:00,2026-01-13 00:00:00,0.0,0.0
12,12.951458,77.613579,1,2026-01-14 13:00:00,2026-01-14 13:00:00,0.046285390778085085,0.0
12,12.951569,77.608972,1,2026-01-16 15:00:00,2026-01-16 15:00:00,0.0,0.0
12,12.951634,77.612554,1,2026-01-17 04:00:00,2026-01-17 04:00:00,0.0,0.0
12,12.951654,77.608587,1,2026-01-03 14:00:00,2026-01-03 14:00:00,0.14483607112859023,0.0
12,12.951704,77.614913,1,2026-01-01 12:00:00,2026-01-01 12:00:00,0.0,0.0
12,12.951705,77.608323,1,2026-01-12 23:00:00,2026-01-12 23:00:00,0.08742060158674007,0.0
12,12.951707,77.611228,1,2026-01-14 01:00:00,2026-01-14 01:00:00,0.0,0.0
12,12.95181,77.610672,1,2026-01-21 14:00:00,2026-01-21 14:00:00,0.11494266926081749,0.0
12,12.95182,77.612765,1,2026-01-05 10:00:00,2026-01-05 10:00:00,0.0,0.0
12,12.951838,77.609087,1,2026-01-06 05:00:00,2026-01-06 05:00:00,0.019015754566113187,0.0
12,12.951839,77.612512,1,2026-01-14 01:00:00,2026-01-14 01:00:00,0.02758210632826047,0.0
12,12.951904,77.613698,1,2026-01-02 19:00:00,2026-01-02 19:00:00,0.07451855044275553,0.0
12,12.951968,77.612275,1,2026-01-20 01:00:00,2026-01-20 01:00:00,0.0,0.0
12,12.95198,77.610301,1,2026-01-21 02:00:00,2026-01-21 02:00:00,0.038695429234823164,0.0
12,12.952056,77.61274,1,2026-01-21 20:00:00,2026-01-21 20:00:00,0.0,0.0
12,12.952071,77.611433,1,2026-01-24 23:00:00,2026-01-24 23:00:00,0.0,0.0
12,12.952108,77.611091,1,2026-01-05 04:00:00,2026-01-05 04:00:00,0.0,0.0
12,12.952119,77.613702,1,2026-01-20 01:00:00,2026-01-20 01:00:00,0.08571627755675403,0.0
12,12.952128,77.612442,1,2026-01-11 16:00:00,2026-01-11 16:00:00,0.04092007803631129,0.0
12,12.952128,77.61274,1,2026-01-24 11:00:00,2026-01-24 11:00:00,0.03153906230814992,0.0
12,12.952187,77.610253,1,2026-01-24 05:00:00,2026-01-24 05:00:00,0.040331743256660293,0.0
12,12.952204,77.612303,1,2026-01-11 10:00:00,2026-01-11 10:00:00,0.05816622389816906,0.0
12,12.952237,77.614329,1,2026-01-29 10:00:00,2026-01-29 10:00:00,0.014372032826217263,0.0
12,12.952254,77.613335,1,2026-01-28 03:00:00,2026-01-28 03:00:00,0.0,0.0
12,12.952281,77.613219,1,2026-01-22 21:00:00,2026-01-22 21:00:00,0.0,0.0
12,12.952352,77.612368,1,2026-01-21 20:00:00,2026-01-21 20:00:00,0.033034208697630955,0.0
12,12.952362,77.608392,1,2026-01-04 15:00:00,2026-01-04 15:00:00,0.13217381124096667,0.0
12,12.952418,77.61328,1,2026-01-02 07:00:00,2026-01-02 07:00:00,0.0,0.0
12,12.952431,77.61096,1,2026-01-07 06:00:00,2026-01-07 06:00:00,0.0,0.0
12,12.952444,77.61352,1,2026-01-08 13:00:00,2026-01-08 13:00:00,0.0,0.0
12,12.952508,77.611422,1,2026-01-07 12:00:00,2026-01-07 12:00:00,0.0,0.0
12,12.952546,77.613363,1,2026-01-28 09:00:00,2026-01-28 09:00:00,0.005442423554393844,0.0
12,12.952566,77.610943,1,2026-01-25 18:00:00,2026-01-25 18:00:00,0.07897453370293242,0.0
12,12.952608,77.612641,1,2026-01-17 16:00:00,2026-01-17 16:00:00,0.0,0.0
12,12.952613,77.610298,1,2026-01-02 01:00:00,2026-01-02 01:00:00,0.013260217683624271,0.0
12,12.952637,77.610296,1,2026-01-11 10:00:00,2026-01-11 10:00:00,0.0,0.0
12,12.952664,77.612059,1,2026-01-18 05:00:00,2026-01-18 05:00:00,0.0,0.0
12,12.952666,77.610403,1,2026-01-30 05:00:00,2026-01-30 05:00:00,0.0,0.0
12,12.952764,77.610726,1,2026-01-26 01:00:00,2026-01-26 01:00:00,0.004671570867562807,0.0
12,12.952768,77.614893,1,2026-01-29 04:00:00,2026-01-29 04:00:00,0.0,0.0
12,12.952799,77.610915,1,2026-01-05 16:00:00,2026-01-05 16:00:00,0.0,0.0
12,12.952817,77.611425,1,2026-01-18 11:00:00,2026-01-18 11:00:00,0.012100486275873278,0.0
12,12.952817,77.614962,1,2026-01-22 15:00:00,2026-01-22 15:00:00,0.027621327575666325,0.0
12,12.952863,77.611112,1,2026-01-03 20:00:00,2026-01-03 20:00:00,0.09385017113677953,0.0
12,12.952948,77.613502,1,2026-01-12 11:00:00,2026-01-12 11:00:00,0.0,0.0
12,12.952985,77.609863,1,2026-01-10 21:00:00,2026-01-10 21:00:00,0.0,0.0
12,12.952995,77.613805,1,2026-01-13 18:00:00,2026-01-13 18:00:00,0.0,0.0
12,12.953009,77.609329,1,2026-01-05 22:00:00,2026-01-05 22:00:00,0.029682411039551326,0.0
12,12.953038,77.614637,1,2026-01-05 16:00:00,2026-01-05 16:00:00,0.04143631868246175,0.0
12,12.953046,77.61284,1,2026-01-12 17:00:00,2026-01-12 17:00:00,0.0,0.0
12,12.953049,77.613413,1,2026-01-02 13:00:00,2026-01-02 13:00:00,0.011964382810165654,0.0
12,12.953054,77.616436,1,2026-01-30 11:00:00,2026-01-30 11:00:00,0.0,0.0
12,12.953062,77.614084,1,2026-01-19 00:00:00,2026-01-19 00:00:00,0.533085200951958,0.0
12,12.953089,77.609798,1,2026-01-14 19:00:00,2026-01-14 19:00:00,0.026861792542870733,0.0
12,12.953103,77.616055,1,2026-01-13 12:00:00,2026-01-13 12:00:00,0.047706244842817956,0.0
12,12.953108,77.610969,1,2026-01-01 18:00:00,2026-01-01 18:00:00,0.07767257662367101,0.0
12,12.95315,77.612392,1,2026-01-10 21:00:00,2026-01-10 21:00:00,0.019066039414887794,0.0
12,12.953181,77.612612,1,2026-01-27 08:00:00,2026-01-27 08:00:00,0.0,0.0
12,12.953232,77.614441,1,2026-01-15 20:00:00,2026-01-15 20:00:00,0.10631186926069985,0.0
12,12.953233,77.610272,1,2026-01-15 02:00:00,2026-01-15 02:00:00,0.08484217657050731,0.0
12,12.953244,77.613586,1,2026-01-01 06:00:00,2026-01-01 06:00:00,0.0,0.0
12,12.953249,77.612941,1,2026-01-06 05:00:00,2026-01-06 05:00:00,0.0,0.0
12,12.953282,77.610336,1,2026-01-16 03:00:00,2026-01-16 03:00:00,0.04549196230881796,0.0
12,12.953292,77.613612,1,2026-01-02 07:00:00,2026-01-02 07:00:00,0.06983802201229868,0.0
12,12.953313,77.611223,1,2026-01-28 15:00:00,2026-01-28 15:00:00,0.10375817098145852,0.0
12,12.953337,77.613935,1,2026-01-24 05:00:00,2026-01-24 05:00:00,0.0,0.0
12,12.953365,77.611775,1,2026-01-06 23:00:00,2026-01-06 23:00:00,0.026393699684945912,0.0
12,12.953379,77.612244,1,2026-01-13 12:00:00,2026-01-13 12:00:00,0.0,0.0
12,12.953429,77.611402,1,2026-01-16 21:00:00,2026-01-16 21:00:00,0.05677592836587871,0.0
12,12.953431,77.610611,1,2026-01-17 22:00:00,2026-01-17 22:00:00,0.04064081727475081,0.0
12,12.953432,77.612098,1,2026-01-20 07:00:00,2026-01-20 07:00:00,0.0,0.0
12,12.953451,77.613252,1,2026-01-06 17:00:00,2026-01-06 17:00:00,0.0754255526477411,0.0
12,12.953467,77.612227,1,2026-01-20 19:00:00,2026-01-20 19:00:00,0.0,0.0
12,12.953468,77.614421,1,2026-01-16 03:00:00,2026-01-16 03:00:00,0.0,0.0
12,12.95349,77.614238,1,2026-01-11 16:00:00,2026-01-11 16:00:00,0.0,0.0
12,12.953491,77.612857,1,2026-01-07 18:00:00,2026-01-07 18:00:00,0.03227167674654833,0.0
12,12.953502,77.610316,1,2026-01-23 04:00:00,2026-01-23 04:00:00,0.050083270733131235,0.0
12,12.953528,77.613654,1,2026-01-22 09:00:00,2026-01-22 09:00:00,0.0388239882314179,0.0
12,12.953534,77.608064,1,2026-01-06 11:00:00,2026-01-06 11:00:00,0.09063897514279808,0.0
12,12.953574,77.612812,1,2026-01-25 00:00:00,2026-01-25 00:00:00,0.0,0.0
12,12.953581,77.610226,1,2026-01-01 00:00:00,2026-01-01 00:00:00,0.0,0.0
12,12.953591,77.60844,1,2026-01-14 13:00:00,2026-01-14 13:00:00,0.0,0.0
12,12.953607,77.614872,1,2026-01-17 22:00:00,2026-01-17 22:00:00,0.0,0.0
12,12.953629,77.612101,1,2026-01-04 21:00:00,2026-01-04 21:00:00,0.08482172708246506,0.0
12,12.953633,77.614983,1,2026-01-04 03:00:00,2026-01-04 03:00:00,0.06276602264140049,0.0
12,12.953654,77.611465,1,2026-01-07 06:00:00,2026-01-07 06:00:00,0.047928327241549766,0.0
12,12.953674,77.611508,1,2026-01-10 15:00:00,2026-01-10 15:00:00,0.0,0.0
12,12.953767,77.613831,1,2026-01-20 19:00:00,2026-01-20 19:00:00,0.02418421840360867,0.0
12,12.953792,77.609369,1,2026-01-09 14:00:00,2026-01-09 14:00:00,0.0,0.0
12,12.95381,77.612363,1,2026-01-27 02:00:00,2026-01-27 02:00:00,0.033758259862423486,0.0
12,12.953857,77.610706,1,2026-01-29 04:00:00,2026-01-29 04:00:00,0.05173594173954459,0.0
12,12.953929,77.613624,1,2026-01-13 18:00:00,2026-01-13 18:00:00,0.027562161594032936,0.0
12,12.953946,77.613762,1,2026-01-14 07:00:00,2026-01-14 07:00:00,0.06273736898656584,0.0
12,12.953968,77.610893,1,2026-01-23 10:00:00,2026-01-23 10:00:00,0.03798769514560927,0.0
12,12.953988,77.609725,1,2026-01-11 04:00:00,2026-01-11 04:00:00,0.01610083198736939,0.0
12,12.954038,77.61475,1,2026-01-08 19:00:00,2026-01-08 19:00:00,0.037355080631778975,0.0
12,12.954065,77.614831,1,2026-01-30 05:00:00,2026-01-30 05:00:00,0.041961251856023764,0.0
12,12.9541,77.612993,1,2026-01-06 17:00:00,2026-01-06 17:00:00,0.0,0.0
12,12.954174,77.614625,1,2026-01-08 19:00:00,2026-01-08 19:00:00,0.0,0.0
12,12.954175,77.611415,1,2026-01-24 17:00:00,2026-01-24 17:00:00,0.04524059804564706,0.0
12,12.954197,77.611243,1,2026-01-21 02:00:00,2026-01-21 02:00:00,0.0,0.0
12,12.954243,77.617268,1,2026-01-08 01:00:00,2026-01-08 01:00:00,0.05788787667500754,0.0
12,12.954281,77.61165,1,2026-01-13 00:00:00,2026-01-13 00:00:00,0.5723434090169747,0.0
12,12.954293,77.612505,1,2026-01-26 01:00:00,2026-01-26 01:00:00,0.0,0.0
12,12.954307,77.613783,1,2026-01-13 06:00:00,2026-01-13 06:00:00,0.058422352087998626,0.0
12,12.954335,77.614258,1,2026-01-03 08:00:00,2026-01-03 08:00:00,0.10541658037684087,0.0
12,12.954407,77.615015,1,2026-01-01 12:00:00,2026-01-01 12:00:00,0.03418352856783357,0.0
12,12.95452,77.612767,1,2026-01-20 13:00:00,2026-01-20 13:00:00,0.023696790604246964,0.0
12,12.954526,77.613694,1,2026-01-09 08:00:00,2026-01-09 08:00:00,0.0,0.0
12,12.954585,77.612572,1,2026-01-15 14:00:00,2026-01-15 14:00:00,0.06074700769380514,0.0
12,12.954589,77.616209,1,2026-01-21 08:00:00,2026-01-21 08:00:00,0.0924224574485547,0.0
12,12.954594,77.612704,1,2026-01-19 18:00:00,2026-01-19 18:00:00,0.014770247956340072,0.0
12,12.954614,77.615139,1,2026-01-16 15:00:00,2026-01-16 15:00:00,0.11624610950998615,0.0
12,12.954618,77.61244,1,2026-01-27 14:00:00,2026-01-27 14:00:00,0.026851442667783994,0.0
12,12.954762,77.611648,1,2026-01-29 10:00:00,2026-01-29 10:00:00,0.0,0.0
12,12.954862,77.612735,1,2026-01-23 04:00:00,2026-01-23 04:00:00,0.0,0.0
12,12.954891,77.609016,1,2026-01-09 20:00:00,2026-01-09 20:00:00,0.021416124801976716,0.0
12,12.954892,77.612077,1,2026-01-26 07:00:00,2026-01-26 07:00:00,0.01365889545177254,0.0
12,12.95493,77.614797,1,2026-01-10 09:00:00,2026-01-10 09:00:00,0.14321887159475785,0.0
12,12.954932,77.615475,1,2026-01-30 17:00:00,2026-01-30 17:00:00,0.03914008051480841,0.0
12,12.954962,77.61058,1,2026-01-26 19:00:00,2026-01-26 19:00:00,0.049473530495079736,0.0
12,12.954966,77.612351,1,2026-01-29 22:00:00,2026-01-29 22:00:00,0.06281329300937948,0.0
12,12.954978,77.610006,1,2026-01-09 14:00:00,2026-01-09 14:00:00,0.06893667705059203,0.0
12,12.954986,77.61397,1,2026-01-18 05:00:00,2026-01-18 05:00:00,0.026204728772169717,0.0
12,12.954994,77.615882,1,2026-01-12 17:00:00,2026-01-12 17:00:00,0.0582306231447213,0.0
12,12.955098,77.613607,1,2026-01-07 00:00:00,2026-01-07 00:00:00,0.2807276094205488,0.0
12,12.955142,77.614084,1,2026-01-19 06:00:00,2026-01-19 06:00:00,0.0,0.0
12,12.955174,77.613375,1,2026-01-25 06:00:00,2026-01-25 06:00:00,0.031469477950147574,0.0
12,12.955207,77.611742,1,2026-01-03 02:00:00,2026-01-03 02:00:00,0.0610465614217658,0.0
12,12.955276,77.609887,1,2026-01-05 10:00:00,2026-01-05 10:00:00,0.06287866730271424,0.0
12,12.955277,77.613113,1,2026-01-19 12:00:00,2026-01-19 12:00:00,0.01818856992115753,0.0
12,12.955288,77.612851,1,2026-01-16 21:00:00,2026-01-16 21:00:00,0.0,0.0
12,12.955325,77.612537,1,2026-01-27 02:00:00,2026-01-27 02:00:00,0.0,0.0
12,12.955357,77.612378,1,2026-01-01 06:00:00,2026-01-01 06:00:00,0.03777906981902002,0.0
12,12.955375,77.613397,1,2026-01-15 02:00:00,2026-01-15 02:00:00,0.0,0.0
12,12.955406,77.612731,1,2026-01-22 03:00:00,2026-01-22 03:00:00,0.0,0.0
12,12.95541,77.609141,1,2026-01-15 14:00:00,2026-01-15 14:00:00,0.0,0.0
12,12.95542,77.615425,1,2026-01-03 08:00:00,2026-01-03 08:00:00,0.0,0.0
12,12.955442,77.613203,1,2026-01-26 13:00:00,2026-01-26 13:00:00,0.0244267017175779,0.0
12,12.955525,77.609392,1,2026-01-23 16:00:00,2026-01-23 16:00:00,0.04012520267881441,0.0
12,12.95555,77.608848,1,2026-01-08 07:00:00,2026-01-08 07:00:00,0.1580899137015812,0.0
12,12.955578,77.610087,1,2026-01-28 03:00:00,2026-01-28 03:00:00,0.08397053427444352,0.0
12,12.955629,77.615671,1,2026-01-29 16:00:00,2026-01-29 16:00:00,0.07635371365009726,0.0
12,12.955669,77.608664,1,2026-01-12 11:00:00,2026-01-12 11:00:00,0.09727276987286448,0.0
12,12.955692,77.613122,1,2026-01-30 11:00:00,2026-01-30 11:00:00,0.0754772700097074,0.0
12,12.95589,77.611965,1,2026-01-26 07:00:00,2026-01-26 07:00:00,0.0,0.0
12,12.955914,77.6088,1,2026-01-03 02:00:00,2026-01-03 02:00:00,0.0,0.0
12,12.955963,77.613508,1,2026-01-25 12:00:00,2026-01-25 12:00:00,0.10208040796499947,0.0
12,12.955971,77.61279,1,2026-01-09 02:00:00,2026-01-09 02:00:00,0.04084414115310042,0.0
12,12.956038,77.615837,1,2026-01-18 23:00:00,2026-01-18 23:00:00,0.01164241993845866,0.0
12,12.956058,77.608071,1,2026-01-09 08:00:00,2026-01-09 08:00:00,0.08756805796681745,0.0
12,12.956064,77.614542,1,2026-01-08 13:00:00,2026-01-08 13:00:00,0.08479391552279968,0.0
12,12.9562,77.613497,1,2026-01-05 04:00:00,2026-01-05 04:00:00,0.046524642302042875,0.0
12,12.956449,77.612298,1,2026-01-19 00:00:00,2026-01-19 00:00:00,0.0,0.0
12,12.956649,77.61598,1,2026-01-18 17:00:00,2026-01-18 17:00:00,0.0,0.0
12,12.956722,77.611312,1,2026-01-10 15:00:00,2026-01-10 15:00:00,0.027237765680002204,0.0
12,12.956836,77.612382,1,2026-01-04 03:00:00,2026-01-04 03:00:00,0.0,0.0
12,12.956847,77.611988,1,2026-01-28 21:00:00,2026-01-28 21:00:00,0.0670860954180627,0.0
12,12.957143,77.613356,1,2026-01-01 00:00:00,2026-01-01 00:00:00,0.0,0.0
12,12.957168,77.612742,1,2026-01-30 23:00:00,2026-01-30 23:00:00,0.0655145102044591,0.0
12,12.957226,77.614964,1,2026-01-18 17:00:00,2026-01-18 17:00:00,0.10489412466728815,0.0
12,12.957252,77.61181,1,2026-01-06 11:00:00,2026-01-06 11:00:00,0.0,0.0
12,12.957307,77.610144,1,2026-01-08 07:00:00,2026-01-08 07:00:00,0.0,0.0
12,12.957409,77.610298,1,2026-01-23 22:00:00,2026-01-23 22:00:00,0.038786194849890786,0.0
12,12.957455,77.612941,1,2026-01-19 18:00:00,2026-01-19 18:00:00,0.0,0.0
12,12.957584,77.612508,1,2026-01-18 23:00:00,2026-01-18 23:00:00,0.0,0.0
12,12.957595,77.611299,1,2026-01-19 06:00:00,2026-01-19 06:00:00,0.028206662626732253,0.0
12,12.957626,77.610373,1,2026-01-27 08:00:00,2026-01-27 08:00:00,0.0586047409013071,0.0
12,12.95779,77.613995,1,2026-01-04 15:00:00,2026-01-04 15:00:00,0.0,0.0
12,12.957996,77.607791,1,2026-01-20 07:00:00,2026-01-20 07:00:00,0.1393885645285329,0.0
12,12.958087,77.61283,1,2026-01-17 04:00:00,2026-01-17 04:00:00,0.04451334992267681,0.0
12,12.958099,77.60833,1,2026-01-28 09:00:00,2026-01-28 09:00:00,0.0,0.0
12,12.958126,77.611741,1,2026-01-10 09:00:00,2026-01-10 09:00:00,0.0,0.0
12,12.958309,77.610079,1,2026-01-16 09:00:00,2026-01-16 09:00:00,0.12065123679954183,0.0
12,12.958731,77.616446,1,2026-01-09 20:00:00,2026-01-09 20:00:00,0.0,0.0
