user_id,latitude,longitude,date,time,datetime,hour,day,weekday,month,weekend,lat_lag,lon_lag,time_lag,distance_to_prev_km,speed_kmh,cum_distance_km,avg_speed_kmh,max_speed_kmh
1,12.981422,77.606364,2026-01-01,00:00:00,2026-01-01 00:00:00,0,1,Thursday,1,False,,,,0.0,0.0,0.0,0.048481379195197814,0.9501518321659214
1,12.984084,77.609658,2026-01-01,00:00:00,2026-01-01 00:00:00,0,1,Thursday,1,False,12.981422,77.606364,2026-01-01 00:00:00,0.4714593224689785,0.0,0.4714593224689785,0.048481379195197814,0.9501518321659214
1,12.982314,77.606383,2026-01-01,06:00:00,2026-01-01 06:00:00,6,1,Thursday,1,False,12.984084,77.609658,2026-01-01 00:00:00,0.41441140820937494,0.06906856803489582,0.8858707306783534,0.048481379195197814,0.9501518321659214
1,12.98084,77.607509,2026-01-01,06:00:00,2026-01-01 06:00:00,6,1,Thursday,1,False,12.982314,77.606383,2026-01-01 06:00:00,0.20648440696232778,0.0,1.0923551376406813,0.048481379195197814,0.9501518321659214
1,12.982687,77.607388,2026-01-01,12:00:00,2026-01-01 12:00:00,12,1,Thursday,1,False,12.98084,77.607509,2026-01-01 06:00:00,0.20604877934480836,0.03434146322413473,1.2984039169854895,0.048481379195197814,0.9501518321659214
1,12.983713,77.60814,2026-01-01,12:00:00,2026-01-01 12:00:00,12,1,Thursday,1,False,12.982687,77.607388,2026-01-01 12:00:00,0.1416076162814876,0.0,1.4400115332669772,0.048481379195197814,0.9501518321659214
1,12.982417,77.608428,2026-01-01,18:00:00,2026-01-01 18:00:00,18,1,Thursday,1,False,12.983713,77.60814,2026-01-01 12:00:00,0.14779003521390024,0.024631672535650042,1.5878015684808775,0.048481379195197814,0.9501518321659214
1,12.986276,77.607688,2026-01-02,01:00:00,2026-01-02 01:00:00,1,2,Friday,1,False,12.982417,77.608428,2026-01-01 18:00:00,0.43741084478354997,0.06248726354050714,2.0252124132644274,0.048481379195197814,0.9501518321659214
1,12.982065,77.609669,2026-01-02,01:00:00,2026-01-02 01:00:00,1,2,Friday,1,False,12.986276,77.607688,2026-01-02 01:00:00,0.5180493853717067,0.0,2.5432617986361343,0.048481379195197814,0.9501518321659214
1,12.983067,77.606779,2026-01-02,07:00:00,2026-01-02 07:00:00,7,2,Friday,1,False,12.982065,77.609669,2026-01-02 01:00:00,0.3405028238895322,0.05675047064825536,2.8837646225256663,0.048481379195197814,0.9501518321659214
1,12.983842,77.608756,2026-01-02,07:00:00,2026-01-02 07:00:00,7,2,Friday,1,False,12.983067,77.606779,2026-01-02 07:00:00,0.23638544471126738,0.0,3.1201500672369336,0.048481379195197814,0.9501518321659214
1,12.985318,77.608608,2026-01-02,13:00:00,2026-01-02 13:00:00,13,2,Friday,1,False,12.983842,77.608756,2026-01-02 07:00:00,0.1651322545971743,0.02752204243286238,3.285282321834108,0.048481379195197814,0.9501518321659214
1,12.984847,77.605588,2026-01-02,13:00:00,2026-01-02 13:00:00,13,2,Friday,1,False,12.985318,77.608608,2026-01-02 13:00:00,0.34025046775514206,0.0,3.62553278958925,0.048481379195197814,0.9501518321659214
1,12.984126,77.605598,2026-01-02,19:00:00,2026-01-02 19:00:00,19,2,Friday,1,False,12.984847,77.605588,2026-01-02 13:00:00,0.08026943946239201,0.013378239910398668,3.705802229051642,0.048481379195197814,0.9501518321659214
1,12.98584,77.608654,2026-01-03,02:00:00,2026-01-03 02:00:00,2,3,Saturday,1,True,12.984126,77.605598,2026-01-02 19:00:00,0.39004806060172936,0.05572115151453277,4.095850289653371,0.048481379195197814,0.9501518321659214
1,12.98256,77.607995,2026-01-03,02:00:00,2026-01-03 02:00:00,2,3,Saturday,1,True,12.98584,77.608654,2026-01-03 02:00:00,0.3724262299969883,0.0,4.4682765196503595,0.048481379195197814,0.9501518321659214
1,12.981127,77.61063,2026-01-03,08:00:00,2026-01-03 08:00:00,8,3,Saturday,1,True,12.98256,77.607995,2026-01-03 02:00:00,0.3338990281805155,0.05564983803008591,4.802175547830875,0.048481379195197814,0.9501518321659214
1,12.98413,77.610581,2026-01-03,08:00:00,2026-01-03 08:00:00,8,3,Saturday,1,True,12.981127,77.61063,2026-01-03 08:00:00,0.33433845908953197,0.0,5.136514006920407,0.048481379195197814,0.9501518321659214
1,12.983429,77.608929,2026-01-03,14:00:00,2026-01-03 14:00:00,14,3,Saturday,1,True,12.98413,77.610581,2026-01-03 08:00:00,0.19977226173731155,0.03329537695621859,5.336286268657719,0.048481379195197814,0.9501518321659214
1,12.987465,77.607714,2026-01-03,14:00:00,2026-01-03 14:00:00,14,3,Saturday,1,True,12.983429,77.608929,2026-01-03 14:00:00,0.4692045034335811,0.0,5.8054907720913,0.048481379195197814,0.9501518321659214
1,12.980549,77.605701,2026-01-03,20:00:00,2026-01-03 20:00:00,20,3,Saturday,1,True,12.987465,77.607714,2026-01-03 14:00:00,0.801838083637563,0.1336396806062605,6.607328855728863,0.048481379195197814,0.9501518321659214
1,12.983027,77.608784,2026-01-04,03:00:00,2026-01-04 03:00:00,3,4,Sunday,1,True,12.980549,77.605701,2026-01-03 20:00:00,0.4403177149711312,0.0629025307101616,7.047646570699994,0.048481379195197814,0.9501518321659214
1,12.984028,77.608088,2026-01-04,03:00:00,2026-01-04 03:00:00,3,4,Sunday,1,True,12.983027,77.608784,2026-01-04 03:00:00,0.1357198995353199,0.0,7.183366470235314,0.048481379195197814,0.9501518321659214
1,12.985178,77.606677,2026-01-04,09:00:00,2026-01-04 09:00:00,9,4,Sunday,1,True,12.984028,77.608088,2026-01-04 03:00:00,0.2026336222416822,0.033772270373613696,7.386000092476996,0.048481379195197814,0.9501518321659214
1,12.981719,77.609437,2026-01-04,09:00:00,2026-01-04 09:00:00,9,4,Sunday,1,True,12.985178,77.606677,2026-01-04 09:00:00,0.4926118296066621,0.0,7.878611922083659,0.048481379195197814,0.9501518321659214
1,12.984452,77.607609,2026-01-04,15:00:00,2026-01-04 15:00:00,15,4,Sunday,1,True,12.981719,77.609437,2026-01-04 09:00:00,0.3660189580942629,0.06100315968237715,8.24463088017792,0.048481379195197814,0.9501518321659214
1,12.986486,77.60799,2026-01-04,15:00:00,2026-01-04 15:00:00,15,4,Sunday,1,True,12.984452,77.607609,2026-01-04 15:00:00,0.2303629355299741,0.0,8.474993815707895,0.048481379195197814,0.9501518321659214
1,12.986459,77.606843,2026-01-04,21:00:00,2026-01-04 21:00:00,21,4,Sunday,1,True,12.986486,77.60799,2026-01-04 15:00:00,0.12771941098603368,0.02128656849767228,8.602713226693929,0.048481379195197814,0.9501518321659214
1,12.983967,77.607255,2026-01-05,04:00:00,2026-01-05 04:00:00,4,5,Monday,1,False,12.986459,77.606843,2026-01-04 21:00:00,0.28117519311034617,0.04016788473004945,8.883888419804276,0.048481379195197814,0.9501518321659214
1,12.987654,77.609862,2026-01-05,04:00:00,2026-01-05 04:00:00,4,5,Monday,1,False,12.983967,77.607255,2026-01-05 04:00:00,0.5026738141700082,0.0,9.386562233974283,0.048481379195197814,0.9501518321659214
1,12.985194,77.607423,2026-01-05,10:00:00,2026-01-05 10:00:00,10,5,Monday,1,False,12.987654,77.609862,2026-01-05 04:00:00,0.3856289494815529,0.06427149158025881,9.772191183455837,0.048481379195197814,0.9501518321659214
1,12.985051,77.609812,2026-01-05,10:00:00,2026-01-05 10:00:00,10,5,Monday,1,False,12.985194,77.607423,2026-01-05 10:00:00,0.2664194840377074,0.0,10.038610667493543,0.048481379195197814,0.9501518321659214
1,12.988602,77.60669,2026-01-05,16:00:00,2026-01-05 16:00:00,16,5,Monday,1,False,12.985051,77.609812,2026-01-05 10:00:00,0.5263504019983435,0.08772506699972392,10.564961069491886,0.048481379195197814,0.9501518321659214
1,12.982847,77.606848,2026-01-05,16:00:00,2026-01-05 16:00:00,16,5,Monday,1,False,12.988602,77.60669,2026-01-05 16:00:00,0.6408879960917649,0.0,11.205849065583653,0.048481379195197814,0.9501518321659214
1,12.983947,77.610734,2026-01-05,22:00:00,2026-01-05 22:00:00,22,5,Monday,1,False,12.982847,77.606848,2026-01-05 16:00:00,0.4495866825399822,0.0749311137566637,11.655435748123635,0.048481379195197814,0.9501518321659214
1,12.985094,77.605048,2026-01-06,05:00:00,2026-01-06 05:00:00,5,6,Tuesday,1,False,12.983947,77.610734,2026-01-05 22:00:00,0.6457155438574977,0.09224507769392824,12.301151291981132,0.048481379195197814,0.9501518321659214
1,12.983545,77.60277,2026-01-06,05:00:00,2026-01-06 05:00:00,5,6,Tuesday,1,False,12.985094,77.605048,2026-01-06 05:00:00,0.3066595264266119,0.0,12.607810818407744,0.048481379195197814,0.9501518321659214
1,12.984477,77.607828,2026-01-06,11:00:00,2026-01-06 11:00:00,11,6,Tuesday,1,False,12.983545,77.60277,2026-01-06 05:00:00,0.5725354155491104,0.09542256925818506,13.180346233956854,0.048481379195197814,0.9501518321659214
1,12.98515,77.607933,2026-01-06,11:00:00,2026-01-06 11:00:00,11,6,Tuesday,1,False,12.984477,77.607828,2026-01-06 11:00:00,0.07582469277930448,0.0,13.256170926736159,0.048481379195197814,0.9501518321659214
1,12.98382,77.610327,2026-01-06,17:00:00,2026-01-06 17:00:00,17,6,Tuesday,1,False,12.98515,77.607933,2026-01-06 11:00:00,0.30486513957999284,0.050810856596665475,13.561036066316152,0.048481379195197814,0.9501518321659214
1,12.978303,77.608128,2026-01-06,17:00:00,2026-01-06 17:00:00,17,6,Tuesday,1,False,12.98382,77.610327,2026-01-06 17:00:00,0.6611404357167162,0.0,14.222176502032868,0.048481379195197814,0.9501518321659214
1,12.985887,77.609305,2026-01-06,23:00:00,2026-01-06 23:00:00,23,6,Tuesday,1,False,12.978303,77.608128,2026-01-06 17:00:00,0.8543575028171262,0.1423929171361877,15.076534004849995,0.048481379195197814,0.9501518321659214
1,12.986899,77.606285,2026-01-07,00:00:00,2026-01-07 00:00:00,0,7,Wednesday,1,False,12.985887,77.609305,2026-01-06 23:00:00,0.35455977469466676,0.35455977469466676,15.43109377954466,0.048481379195197814,0.9501518321659214
1,12.987584,77.606958,2026-01-07,06:00:00,2026-01-07 06:00:00,6,7,Wednesday,1,False,12.986899,77.606285,2026-01-07 00:00:00,0.10689931563318883,0.01781655260553147,15.53799309517785,0.048481379195197814,0.9501518321659214
1,12.98699,77.608628,2026-01-07,06:00:00,2026-01-07 06:00:00,6,7,Wednesday,1,False,12.987584,77.606958,2026-01-07 06:00:00,0.1973140641079306,0.0,15.73530715928578,0.048481379195197814,0.9501518321659214
1,12.987106,77.610339,2026-01-07,12:00:00,2026-01-07 12:00:00,12,7,Wednesday,1,False,12.98699,77.608628,2026-01-07 06:00:00,0.19090575103735255,0.03181762517289209,15.926212910323132,0.048481379195197814,0.9501518321659214
1,12.988723,77.609093,2026-01-07,12:00:00,2026-01-07 12:00:00,12,7,Wednesday,1,False,12.987106,77.610339,2026-01-07 12:00:00,0.22724567712018484,0.0,16.153458587443318,0.048481379195197814,0.9501518321659214
1,12.983789,77.61114,2026-01-07,18:00:00,2026-01-07 18:00:00,18,7,Wednesday,1,False,12.988723,77.609093,2026-01-07 12:00:00,0.5946464435295493,0.09910774058825822,16.748105030972866,0.048481379195197814,0.9501518321659214
1,12.985061,77.610326,2026-01-07,18:00:00,2026-01-07 18:00:00,18,7,Wednesday,1,False,12.983789,77.61114,2026-01-07 18:00:00,0.168110892314289,0.0,16.916215923287155,0.048481379195197814,0.9501518321659214
1,12.985749,77.6086,2026-01-08,01:00:00,2026-01-08 01:00:00,1,8,Thursday,1,False,12.985061,77.610326,2026-01-07 18:00:00,0.20684022883575162,0.02954860411939309,17.123056152122906,0.048481379195197814,0.9501518321659214
1,12.987501,77.607373,2026-01-08,07:00:00,2026-01-08 07:00:00,7,8,Thursday,1,False,12.985749,77.6086,2026-01-08 01:00:00,0.238105985688498,0.039684330948083,17.361162137811405,0.048481379195197814,0.9501518321659214
1,12.985831,77.606184,2026-01-08,07:00:00,2026-01-08 07:00:00,7,8,Thursday,1,False,12.987501,77.607373,2026-01-08 07:00:00,0.2282092852737568,0.0,17.58937142308516,0.048481379195197814,0.9501518321659214
1,12.988908,77.607002,2026-01-08,13:00:00,2026-01-08 13:00:00,13,8,Thursday,1,False,12.985831,77.606184,2026-01-08 07:00:00,0.3544288423539156,0.0590714737256526,17.943800265439076,0.048481379195197814,0.9501518321659214
1,12.986717,77.60692,2026-01-08,13:00:00,2026-01-08 13:00:00,13,8,Thursday,1,False,12.988908,77.607002,2026-01-08 13:00:00,0.24407287621930968,0.0,18.187873141658386,0.048481379195197814,0.9501518321659214
1,12.985112,77.608048,2026-01-08,19:00:00,2026-01-08 19:00:00,19,8,Thursday,1,False,12.986717,77.60692,2026-01-08 13:00:00,0.21838047609909214,0.03639674601651536,18.40625361775748,0.048481379195197814,0.9501518321659214
1,12.981988,77.607943,2026-01-08,19:00:00,2026-01-08 19:00:00,19,8,Thursday,1,False,12.985112,77.608048,2026-01-08 19:00:00,0.34796005589318885,0.0,18.754213673650668,0.048481379195197814,0.9501518321659214
1,12.985482,77.604914,2026-01-09,02:00:00,2026-01-09 02:00:00,2,9,Friday,1,False,12.981988,77.607943,2026-01-08 19:00:00,0.514761747516837,0.07353739250240529,19.268975421167507,0.048481379195197814,0.9501518321659214
1,12.988864,77.60598,2026-01-09,08:00:00,2026-01-09 08:00:00,8,9,Friday,1,False,12.985482,77.604914,2026-01-09 02:00:00,0.39474329422767823,0.06579054903794637,19.663718715395184,0.048481379195197814,0.9501518321659214
1,12.988997,77.603926,2026-01-09,08:00:00,2026-01-09 08:00:00,8,9,Friday,1,False,12.988864,77.60598,2026-01-09 08:00:00,0.22913012122505486,0.0,19.89284883662024,0.048481379195197814,0.9501518321659214
1,12.984801,77.607899,2026-01-09,14:00:00,2026-01-09 14:00:00,14,9,Friday,1,False,12.988997,77.603926,2026-01-09 08:00:00,0.6432634170689933,0.10721056951149888,20.536112253689232,0.048481379195197814,0.9501518321659214
1,12.986078,77.604595,2026-01-09,14:00:00,2026-01-09 14:00:00,14,9,Friday,1,False,12.984801,77.607899,2026-01-09 14:00:00,0.3943171408313934,0.0,20.930429394520626,0.048481379195197814,0.9501518321659214
1,12.987267,77.610526,2026-01-09,20:00:00,2026-01-09 20:00:00,20,9,Friday,1,False,12.986078,77.604595,2026-01-09 14:00:00,0.6733754253216588,0.1122292375536098,21.603804819842285,0.048481379195197814,0.9501518321659214
1,12.985189,77.605774,2026-01-09,20:00:00,2026-01-09 20:00:00,20,9,Friday,1,False,12.987267,77.610526,2026-01-09 20:00:00,0.5773590953616758,0.0,22.18116391520396,0.048481379195197814,0.9501518321659214
1,12.987028,77.603983,2026-01-10,03:00:00,2026-01-10 03:00:00,3,10,Saturday,1,True,12.985189,77.605774,2026-01-09 20:00:00,0.2857608901568194,0.04082298430811705,22.46692480536078,0.048481379195197814,0.9501518321659214
1,12.985476,77.608176,2026-01-10,09:00:00,2026-01-10 09:00:00,9,10,Saturday,1,True,12.987028,77.603983,2026-01-10 03:00:00,0.497713114299188,0.08295218571653133,22.964637919659967,0.048481379195197814,0.9501518321659214
1,12.984531,77.604767,2026-01-10,09:00:00,2026-01-10 09:00:00,9,10,Saturday,1,True,12.985476,77.608176,2026-01-10 09:00:00,0.39380078972696453,0.0,23.35843870938693,0.048481379195197814,0.9501518321659214
1,12.986357,77.606432,2026-01-10,15:00:00,2026-01-10 15:00:00,15,10,Saturday,1,True,12.984531,77.604767,2026-01-10 09:00:00,0.2750865862920766,0.04584776438201277,23.633525295679007,0.048481379195197814,0.9501518321659214
1,12.984413,77.609394,2026-01-10,15:00:00,2026-01-10 15:00:00,15,10,Saturday,1,True,12.986357,77.606432,2026-01-10 15:00:00,0.394402534027278,0.0,24.027927829706286,0.048481379195197814,0.9501518321659214
1,12.988094,77.607893,2026-01-10,21:00:00,2026-01-10 21:00:00,21,10,Saturday,1,True,12.984413,77.609394,2026-01-10 15:00:00,0.4425269223640264,0.07375448706067107,24.470454752070314,0.048481379195197814,0.9501518321659214
1,12.983164,77.604749,2026-01-10,21:00:00,2026-01-10 21:00:00,21,10,Saturday,1,True,12.988094,77.607893,2026-01-10 21:00:00,0.6509092393848942,0.0,25.12136399145521,0.048481379195197814,0.9501518321659214
1,12.981526,77.605881,2026-01-11,04:00:00,2026-01-11 04:00:00,4,11,Sunday,1,True,12.983164,77.604749,2026-01-10 21:00:00,0.2216489386308656,0.031664134090123655,25.343012930086072,0.048481379195197814,0.9501518321659214
1,12.978985,77.609356,2026-01-11,10:00:00,2026-01-11 10:00:00,10,11,Sunday,1,True,12.981526,77.605881,2026-01-11 04:00:00,0.47922330385028256,0.07987055064171376,25.822236233936355,0.048481379195197814,0.9501518321659214
1,12.984143,77.606967,2026-01-11,10:00:00,2026-01-11 10:00:00,10,11,Sunday,1,True,12.978985,77.609356,2026-01-11 10:00:00,0.6327862490524164,0.0,26.45502248298877,0.048481379195197814,0.9501518321659214
1,12.982159,77.609727,2026-01-11,16:00:00,2026-01-11 16:00:00,16,11,Sunday,1,True,12.984143,77.606967,2026-01-11 10:00:00,0.3783874057387929,0.06306456762313216,26.833409888727566,0.048481379195197814,0.9501518321659214
1,12.979842,77.608486,2026-01-11,16:00:00,2026-01-11 16:00:00,16,11,Sunday,1,True,12.982159,77.609727,2026-01-11 16:00:00,0.29259525495225736,0.0,27.126005143679823,0.048481379195197814,0.9501518321659214
1,12.982667,77.607795,2026-01-11,22:00:00,2026-01-11 22:00:00,22,11,Sunday,1,True,12.979842,77.608486,2026-01-11 16:00:00,0.323749986851468,0.053958331141911335,27.44975513053129,0.048481379195197814,0.9501518321659214
1,12.985368,77.609271,2026-01-11,22:00:00,2026-01-11 22:00:00,22,11,Sunday,1,True,12.982667,77.607795,2026-01-11 22:00:00,0.3426410250958404,0.0,27.79239615562713,0.048481379195197814,0.9501518321659214
1,12.982876,77.609382,2026-01-12,05:00:00,2026-01-12 05:00:00,5,12,Monday,1,False,12.985368,77.609271,2026-01-11 22:00:00,0.2776844990049062,0.03966921414355803,28.070080654632036,0.048481379195197814,0.9501518321659214
1,12.986783,77.610154,2026-01-12,11:00:00,2026-01-12 11:00:00,11,12,Monday,1,False,12.982876,77.609382,2026-01-12 05:00:00,0.4433364666821998,0.07388941111369997,28.513417121314237,0.048481379195197814,0.9501518321659214
1,12.987922,77.608136,2026-01-12,11:00:00,2026-01-12 11:00:00,11,12,Monday,1,False,12.986783,77.610154,2026-01-12 11:00:00,0.25795620844831463,0.0,28.77137332976255,0.048481379195197814,0.9501518321659214
1,12.986984,77.607847,2026-01-12,17:00:00,2026-01-12 17:00:00,17,12,Monday,1,False,12.987922,77.608136,2026-01-12 11:00:00,0.10926187012463691,0.018210311687439484,28.880635199887188,0.048481379195197814,0.9501518321659214
1,12.983736,77.607878,2026-01-12,17:00:00,2026-01-12 17:00:00,17,12,Monday,1,False,12.986984,77.607847,2026-01-12 17:00:00,0.3615838279931089,0.0,29.242219027880296,0.048481379195197814,0.9501518321659214
1,12.983969,77.606015,2026-01-12,23:00:00,2026-01-12 23:00:00,23,12,Monday,1,False,12.983736,77.607878,2026-01-12 17:00:00,0.20900483416482346,0.034834139027470575,29.451223862045122,0.048481379195197814,0.9501518321659214
1,12.98082,77.607167,2026-01-12,23:00:00,2026-01-12 23:00:00,23,12,Monday,1,False,12.983969,77.606015,2026-01-12 23:00:00,0.3732675134629403,0.0,29.82449137550806,0.048481379195197814,0.9501518321659214
1,12.984821,77.609488,2026-01-13,00:00:00,2026-01-13 00:00:00,0,13,Tuesday,1,False,12.98082,77.607167,2026-01-12 23:00:00,0.5149081540602617,0.5149081540602617,30.339399529568322,0.048481379195197814,0.9501518321659214
1,12.984947,77.608351,2026-01-13,00:00:00,2026-01-13 00:00:00,0,13,Tuesday,1,False,12.984821,77.609488,2026-01-13 00:00:00,0.12734565242302517,0.0,30.466745181991346,0.048481379195197814,0.9501518321659214
1,12.987313,77.611345,2026-01-13,06:00:00,2026-01-13 06:00:00,6,13,Tuesday,1,False,12.984947,77.608351,2026-01-13 00:00:00,0.42479910368520923,0.07079985061420153,30.891544285676556,0.048481379195197814,0.9501518321659214
1,12.98551,77.607808,2026-01-13,12:00:00,2026-01-13 12:00:00,12,13,Tuesday,1,False,12.987313,77.611345,2026-01-13 06:00:00,0.4419442975843015,0.07365738293071691,31.33348858326086,0.048481379195197814,0.9501518321659214
1,12.983522,77.609445,2026-01-13,12:00:00,2026-01-13 12:00:00,12,13,Tuesday,1,False,12.98551,77.607808,2026-01-13 12:00:00,0.2866768394549505,0.0,31.620165422715807,0.048481379195197814,0.9501518321659214
1,12.982704,77.606533,2026-01-13,18:00:00,2026-01-13 18:00:00,18,13,Tuesday,1,False,12.983522,77.609445,2026-01-13 12:00:00,0.3367106696474729,0.05611844494124549,31.95687609236328,0.048481379195197814,0.9501518321659214
1,12.980607,77.603238,2026-01-13,18:00:00,2026-01-13 18:00:00,18,13,Tuesday,1,False,12.982704,77.606533,2026-01-13 18:00:00,0.4347816904596846,0.0,32.39165778282297,0.048481379195197814,0.9501518321659214
1,12.984633,77.610828,2026-01-14,01:00:00,2026-01-14 01:00:00,1,14,Wednesday,1,False,12.980607,77.603238,2026-01-13 18:00:00,0.9564245917477173,0.1366320845353882,33.34808237457069,0.048481379195197814,0.9501518321659214
1,12.981263,77.606697,2026-01-14,01:00:00,2026-01-14 01:00:00,1,14,Wednesday,1,False,12.984633,77.610828,2026-01-14 01:00:00,0.5934730214707444,0.0,33.94155539604143,0.048481379195197814,0.9501518321659214
1,12.985913,77.608979,2026-01-14,07:00:00,2026-01-14 07:00:00,7,14,Wednesday,1,False,12.981263,77.606697,2026-01-14 01:00:00,0.5766120689023563,0.09610201148372605,34.51816746494379,0.048481379195197814,0.9501518321659214
1,12.986864,77.610448,2026-01-14,13:00:00,2026-01-14 13:00:00,13,14,Wednesday,1,False,12.985913,77.608979,2026-01-14 07:00:00,0.19480561076203298,0.03246760179367216,34.71297307570582,0.048481379195197814,0.9501518321659214
1,12.982836,77.604932,2026-01-14,13:00:00,2026-01-14 13:00:00,13,14,Wednesday,1,False,12.986864,77.610448,2026-01-14 13:00:00,0.7603330393900415,0.0,35.47330611509586,0.048481379195197814,0.9501518321659214
1,12.98231,77.606754,2026-01-14,19:00:00,2026-01-14 19:00:00,19,14,Wednesday,1,False,12.982836,77.604932,2026-01-14 13:00:00,0.21110804163087055,0.03518467360514509,35.68441415672673,0.048481379195197814,0.9501518321659214
1,12.986519,77.607721,2026-01-14,19:00:00,2026-01-14 19:00:00,19,14,Wednesday,1,False,12.98231,77.606754,2026-01-14 19:00:00,0.48075253271268337,0.0,36.16516668943941,0.048481379195197814,0.9501518321659214
1,12.985421,77.607588,2026-01-15,02:00:00,2026-01-15 02:00:00,2,15,Thursday,1,False,12.986519,77.607721,2026-01-14 19:00:00,0.12312278851969152,0.01758896978852736,36.288289477959104,0.048481379195197814,0.9501518321659214
1,12.981729,77.610133,2026-01-15,02:00:00,2026-01-15 02:00:00,2,15,Thursday,1,False,12.985421,77.607588,2026-01-15 02:00:00,0.49917915005670926,0.0,36.787468628015816,0.048481379195197814,0.9501518321659214
1,12.979927,77.61056,2026-01-15,08:00:00,2026-01-15 08:00:00,8,15,Thursday,1,False,12.981729,77.610133,2026-01-15 02:00:00,0.2061534896660827,0.03435891494434712,36.993622117681895,0.048481379195197814,0.9501518321659214
1,12.985385,77.60711,2026-01-15,14:00:00,2026-01-15 14:00:00,14,15,Thursday,1,False,12.979927,77.61056,2026-01-15 08:00:00,0.7187881972226454,0.1197980328704409,37.71241031490454,0.048481379195197814,0.9501518321659214
1,12.98567,77.606322,2026-01-15,14:00:00,2026-01-15 14:00:00,14,15,Thursday,1,False,12.985385,77.60711,2026-01-15 14:00:00,0.09328117836340237,0.0,37.80569149326794,0.048481379195197814,0.9501518321659214
1,12.985445,77.607337,2026-01-15,20:00:00,2026-01-15 20:00:00,20,15,Thursday,1,False,12.98567,77.606322,2026-01-15 14:00:00,0.11573265361566902,0.019288775602611503,37.921424146883616,0.048481379195197814,0.9501518321659214
1,12.98542,77.610933,2026-01-15,20:00:00,2026-01-15 20:00:00,20,15,Thursday,1,False,12.985445,77.607337,2026-01-15 20:00:00,0.40031639382657214,0.0,38.32174054071019,0.048481379195197814,0.9501518321659214
1,12.9851,77.60698,2026-01-16,03:00:00,2026-01-16 03:00:00,3,16,Friday,1,False,12.98542,77.610933,2026-01-15 20:00:00,0.441487443176916,0.06306963473955943,38.7632279838871,0.048481379195197814,0.9501518321659214
1,12.990091,77.6082,2026-01-16,03:00:00,2026-01-16 03:00:00,3,16,Friday,1,False,12.9851,77.60698,2026-01-16 03:00:00,0.57195606098358,0.0,39.33518404487068,0.048481379195197814,0.9501518321659214
1,12.990158,77.608006,2026-01-16,09:00:00,2026-01-16 09:00:00,9,16,Friday,1,False,12.990091,77.6082,2026-01-16 03:00:00,0.022847735086161846,0.003807955847693641,39.358031779956846,0.048481379195197814,0.9501518321659214
1,12.984176,77.60484,2026-01-16,15:00:00,2026-01-16 15:00:00,15,16,Friday,1,False,12.990158,77.608006,2026-01-16 09:00:00,0.7534306683448789,0.12557177805747982,40.11146244830172,0.048481379195197814,0.9501518321659214
1,12.986852,77.60817,2026-01-16,15:00:00,2026-01-16 15:00:00,15,16,Friday,1,False,12.984176,77.60484,2026-01-16 15:00:00,0.4755576328636244,0.0,40.58702008116535,0.048481379195197814,0.9501518321659214
1,12.987369,77.608002,2026-01-16,21:00:00,2026-01-16 21:00:00,21,16,Friday,1,False,12.986852,77.60817,2026-01-16 15:00:00,0.06051478478059386,0.01008579746343231,40.64753486594594,0.048481379195197814,0.9501518321659214
1,12.985248,77.603972,2026-01-16,21:00:00,2026-01-16 21:00:00,21,16,Friday,1,False,12.987369,77.608002,2026-01-16 21:00:00,0.5069589188313014,0.0,41.154493784777245,0.048481379195197814,0.9501518321659214
1,12.983137,77.609253,2026-01-17,04:00:00,2026-01-17 04:00:00,4,17,Saturday,1,True,12.985248,77.603972,2026-01-16 21:00:00,0.6331092642757333,0.09044418061081905,41.787603049052976,0.048481379195197814,0.9501518321659214
1,12.980909,77.608737,2026-01-17,04:00:00,2026-01-17 04:00:00,4,17,Saturday,1,True,12.983137,77.609253,2026-01-17 04:00:00,0.2545857004350134,0.0,42.04218874948799,0.048481379195197814,0.9501518321659214
1,12.985668,77.608697,2026-01-17,10:00:00,2026-01-17 10:00:00,10,17,Saturday,1,True,12.980909,77.608737,2026-01-17 04:00:00,0.5297905928445388,0.08829843214075646,42.571979342332526,0.048481379195197814,0.9501518321659214
1,12.987652,77.603156,2026-01-17,16:00:00,2026-01-17 16:00:00,16,17,Saturday,1,True,12.985668,77.608697,2026-01-17 10:00:00,0.6551722215492193,0.10919537025820321,43.22715156388175,0.048481379195197814,0.9501518321659214
1,12.985433,77.607837,2026-01-17,16:00:00,2026-01-17 16:00:00,16,17,Saturday,1,True,12.987652,77.603156,2026-01-17 16:00:00,0.576673294362942,0.0,43.80382485824469,0.048481379195197814,0.9501518321659214
1,12.986162,77.607602,2026-01-17,22:00:00,2026-01-17 22:00:00,22,17,Saturday,1,True,12.985433,77.607837,2026-01-17 16:00:00,0.08526458006261818,0.014210763343769696,43.88908943830731,0.048481379195197814,0.9501518321659214
1,12.984576,77.609737,2026-01-17,22:00:00,2026-01-17 22:00:00,22,17,Saturday,1,True,12.986162,77.607602,2026-01-17 22:00:00,0.2960697869006246,0.0,44.18515922520793,0.048481379195197814,0.9501518321659214
1,12.983793,77.606383,2026-01-18,05:00:00,2026-01-18 05:00:00,5,18,Sunday,1,True,12.984576,77.609737,2026-01-17 22:00:00,0.3834065883192563,0.05477236975989375,44.56856581352719,0.048481379195197814,0.9501518321659214
1,12.988614,77.610257,2026-01-18,05:00:00,2026-01-18 05:00:00,5,18,Sunday,1,True,12.983793,77.606383,2026-01-18 05:00:00,0.6884754303917792,0.0,45.25704124391897,0.048481379195197814,0.9501518321659214
1,12.986957,77.60777,2026-01-18,11:00:00,2026-01-18 11:00:00,11,18,Sunday,1,True,12.988614,77.610257,2026-01-18 05:00:00,0.3326739671278862,0.055445661187981034,45.58971521104685,0.048481379195197814,0.9501518321659214
1,12.98476,77.608029,2026-01-18,17:00:00,2026-01-18 17:00:00,17,18,Sunday,1,True,12.986957,77.60777,2026-01-18 11:00:00,0.24626364280983734,0.04104394046830622,45.83597885385669,0.048481379195197814,0.9501518321659214
1,12.985327,77.608715,2026-01-18,17:00:00,2026-01-18 17:00:00,17,18,Sunday,1,True,12.98476,77.608029,2026-01-18 17:00:00,0.09907386190583514,0.0,45.935052715762524,0.048481379195197814,0.9501518321659214
1,12.988131,77.605655,2026-01-18,23:00:00,2026-01-18 23:00:00,23,18,Sunday,1,True,12.985327,77.608715,2026-01-18 17:00:00,0.46202515435526803,0.07700419239254468,46.39707787011779,0.048481379195197814,0.9501518321659214
1,12.984649,77.607694,2026-01-18,23:00:00,2026-01-18 23:00:00,23,18,Sunday,1,True,12.988131,77.605655,2026-01-18 23:00:00,0.44918475238429695,0.0,46.84626262250209,0.048481379195197814,0.9501518321659214
1,12.985193,77.605953,2026-01-19,00:00:00,2026-01-19 00:00:00,0,19,Monday,1,False,12.984649,77.607694,2026-01-18 23:00:00,0.2030489311251063,0.2030489311251063,47.0493115536272,0.048481379195197814,0.9501518321659214
1,12.984597,77.610036,2026-01-19,00:00:00,2026-01-19 00:00:00,0,19,Monday,1,False,12.985193,77.605953,2026-01-19 00:00:00,0.45933638836561924,0.0,47.50864794199281,0.048481379195197814,0.9501518321659214
1,12.985622,77.60807,2026-01-19,06:00:00,2026-01-19 06:00:00,6,19,Monday,1,False,12.984597,77.610036,2026-01-19 00:00:00,0.24681381273943573,0.041135635456572624,47.75546175473225,0.048481379195197814,0.9501518321659214
1,12.986129,77.60856,2026-01-19,06:00:00,2026-01-19 06:00:00,6,19,Monday,1,False,12.985622,77.60807,2026-01-19 06:00:00,0.07849038923343965,0.0,47.83395214396569,0.048481379195197814,0.9501518321659214
1,12.985052,77.608424,2026-01-19,12:00:00,2026-01-19 12:00:00,12,19,Monday,1,False,12.986129,77.60856,2026-01-19 06:00:00,0.12084374376741203,0.020140623961235338,47.954795887733106,0.048481379195197814,0.9501518321659214
1,12.98752,77.611423,2026-01-19,18:00:00,2026-01-19 18:00:00,18,19,Monday,1,False,12.985052,77.608424,2026-01-19 12:00:00,0.4323607034731279,0.07206011724552132,48.38715659120623,0.048481379195197814,0.9501518321659214
1,12.985006,77.604185,2026-01-19,18:00:00,2026-01-19 18:00:00,18,19,Monday,1,False,12.98752,77.611423,2026-01-19 18:00:00,0.8529526982306636,0.0,49.240109289436894,0.048481379195197814,0.9501518321659214
1,12.987753,77.608801,2026-01-20,01:00:00,2026-01-20 01:00:00,1,20,Tuesday,1,False,12.985006,77.604185,2026-01-19 18:00:00,0.597960071420506,0.08542286734578657,49.8380693608574,0.048481379195197814,0.9501518321659214
1,12.988587,77.60368,2026-01-20,01:00:00,2026-01-20 01:00:00,1,20,Tuesday,1,False,12.987753,77.608801,2026-01-20 01:00:00,0.5775802235710682,0.0,50.41564958442847,0.048481379195197814,0.9501518321659214
1,12.987022,77.607608,2026-01-20,07:00:00,2026-01-20 07:00:00,7,20,Tuesday,1,False,12.988587,77.60368,2026-01-20 01:00:00,0.47069288311347357,0.0784488138522456,50.886342467541944,0.048481379195197814,0.9501518321659214
1,12.98629,77.609141,2026-01-20,07:00:00,2026-01-20 07:00:00,7,20,Tuesday,1,False,12.987022,77.607608,2026-01-20 07:00:00,0.18911013946852376,0.0,51.07545260701047,0.048481379195197814,0.9501518321659214
1,12.983356,77.604135,2026-01-20,13:00:00,2026-01-20 13:00:00,13,20,Tuesday,1,False,12.98629,77.609141,2026-01-20 07:00:00,0.6459284078304063,0.10765473463840104,51.72138101484087,0.048481379195197814,0.9501518321659214
1,12.988087,77.607517,2026-01-20,19:00:00,2026-01-20 19:00:00,19,20,Tuesday,1,False,12.983356,77.604135,2026-01-20 13:00:00,0.6473838024917706,0.1078973004152951,52.36876481733265,0.048481379195197814,0.9501518321659214
1,12.986256,77.607379,2026-01-20,19:00:00,2026-01-20 19:00:00,19,20,Tuesday,1,False,12.988087,77.607517,2026-01-20 19:00:00,0.20440501284611887,0.0,52.57316983017876,0.048481379195197814,0.9501518321659214
1,12.982368,77.610616,2026-01-21,02:00:00,2026-01-21 02:00:00,2,21,Wednesday,1,False,12.986256,77.607379,2026-01-20 19:00:00,0.563181434515564,0.08045449064508058,53.136351264694326,0.048481379195197814,0.9501518321659214
1,12.987209,77.605952,2026-01-21,02:00:00,2026-01-21 02:00:00,2,21,Wednesday,1,False,12.982368,77.610616,2026-01-21 02:00:00,0.748316994447854,0.0,53.88466825914218,0.048481379195197814,0.9501518321659214
1,12.979537,77.607287,2026-01-21,08:00:00,2026-01-21 08:00:00,8,21,Wednesday,1,False,12.987209,77.605952,2026-01-21 02:00:00,0.8668805756973754,0.14448009594956257,54.751548834839554,0.048481379195197814,0.9501518321659214
1,12.986122,77.607184,2026-01-21,14:00:00,2026-01-21 14:00:00,14,21,Wednesday,1,False,12.979537,77.607287,2026-01-21 08:00:00,0.7331318675514332,0.12218864459190554,55.48468070239099,0.048481379195197814,0.9501518321659214
1,12.984856,77.605777,2026-01-21,20:00:00,2026-01-21 20:00:00,20,21,Wednesday,1,False,12.986122,77.607184,2026-01-21 14:00:00,0.21069806096512617,0.03511634349418769,55.69537876335612,0.048481379195197814,0.9501518321659214
1,12.980646,77.608661,2026-01-21,20:00:00,2026-01-21 20:00:00,20,21,Wednesday,1,False,12.984856,77.605777,2026-01-21 20:00:00,0.5680762891278218,0.0,56.263455052483934,0.048481379195197814,0.9501518321659214
1,12.983105,77.604733,2026-01-22,03:00:00,2026-01-22 03:00:00,3,22,Thursday,1,False,12.980646,77.608661,2026-01-21 20:00:00,0.5158798089122729,0.07369711555889613,56.77933486139621,0.048481379195197814,0.9501518321659214
1,12.987755,77.605072,2026-01-22,03:00:00,2026-01-22 03:00:00,3,22,Thursday,1,False,12.983105,77.604733,2026-01-22 03:00:00,0.5190117690773707,0.0,57.29834663047358,0.048481379195197814,0.9501518321659214
1,12.982149,77.607677,2026-01-22,09:00:00,2026-01-22 09:00:00,9,22,Thursday,1,False,12.987755,77.605072,2026-01-22 03:00:00,0.6881454583731914,0.11469090972886524,57.986492088846774,0.048481379195197814,0.9501518321659214
1,12.985132,77.611409,2026-01-22,15:00:00,2026-01-22 15:00:00,15,22,Thursday,1,False,12.982149,77.607677,2026-01-22 09:00:00,0.5318500190227181,0.08864166983711969,58.518342107869486,0.048481379195197814,0.9501518321659214
1,12.98656,77.606787,2026-01-22,21:00:00,2026-01-22 21:00:00,21,22,Thursday,1,False,12.985132,77.611409,2026-01-22 15:00:00,0.5385181140038289,0.08975301900063815,59.05686022187332,0.048481379195197814,0.9501518321659214
1,12.98294,77.60381,2026-01-22,21:00:00,2026-01-22 21:00:00,21,22,Thursday,1,False,12.98656,77.606787,2026-01-22 21:00:00,0.5217444894380044,0.0,59.57860471131132,0.048481379195197814,0.9501518321659214
1,12.983438,77.60842,2026-01-23,04:00:00,2026-01-23 04:00:00,4,23,Friday,1,False,12.98294,77.60381,2026-01-22 21:00:00,0.5161708538679448,0.0737386934097064,60.09477556517927,0.048481379195197814,0.9501518321659214
1,12.986203,77.606767,2026-01-23,04:00:00,2026-01-23 04:00:00,4,23,Friday,1,False,12.983438,77.60842,2026-01-23 04:00:00,0.3586099807627993,0.0,60.45338554594207,0.048481379195197814,0.9501518321659214
1,12.985983,77.60971,2026-01-23,10:00:00,2026-01-23 10:00:00,10,23,Friday,1,False,12.986203,77.606767,2026-01-23 04:00:00,0.3285288581877708,0.054754809697961794,60.781914404129836,0.048481379195197814,0.9501518321659214
1,12.986441,77.605993,2026-01-23,16:00:00,2026-01-23 16:00:00,16,23,Friday,1,False,12.985983,77.60971,2026-01-23 10:00:00,0.41690570595553555,0.06948428432592259,61.19882011008537,0.048481379195197814,0.9501518321659214
1,12.982652,77.606022,2026-01-23,22:00:00,2026-01-23 22:00:00,22,23,Friday,1,False,12.986441,77.605993,2026-01-23 16:00:00,0.4218038340180049,0.07030063900300082,61.62062394410338,0.048481379195197814,0.9501518321659214
1,12.98385,77.60615,2026-01-23,22:00:00,2026-01-23 22:00:00,22,23,Friday,1,False,12.982652,77.606022,2026-01-23 22:00:00,0.134120413070334,0.0,61.75474435717371,0.048481379195197814,0.9501518321659214
1,12.983831,77.612431,2026-01-24,05:00:00,2026-01-24 05:00:00,5,24,Saturday,1,True,12.98385,77.60615,2026-01-23 22:00:00,0.6992041190471187,0.09988630272101695,62.45394847622083,0.048481379195197814,0.9501518321659214
1,12.983989,77.609867,2026-01-24,05:00:00,2026-01-24 05:00:00,5,24,Saturday,1,True,12.983831,77.612431,2026-01-24 05:00:00,0.2859658917188623,0.0,62.73991436793969,0.048481379195197814,0.9501518321659214
1,12.984741,77.609312,2026-01-24,11:00:00,2026-01-24 11:00:00,11,24,Saturday,1,True,12.983989,77.609867,2026-01-24 05:00:00,0.1040427592791414,0.0173404598798569,62.843957127218836,0.048481379195197814,0.9501518321659214
1,12.98495,77.604968,2026-01-24,17:00:00,2026-01-24 17:00:00,17,24,Saturday,1,True,12.984741,77.609312,2026-01-24 11:00:00,0.484133444434867,0.08068890740581117,63.3280905716537,0.048481379195197814,0.9501518321659214
1,12.984177,77.606714,2026-01-24,23:00:00,2026-01-24 23:00:00,23,24,Saturday,1,True,12.98495,77.604968,2026-01-24 17:00:00,0.21256130606641754,0.03542688434440292,63.54065187772012,0.048481379195197814,0.9501518321659214
1,12.980897,77.608324,2026-01-24,23:00:00,2026-01-24 23:00:00,23,24,Saturday,1,True,12.984177,77.606714,2026-01-24 23:00:00,0.406744756710141,0.0,63.94739663443026,0.048481379195197814,0.9501518321659214
1,12.98918,77.606264,2026-01-25,00:00:00,2026-01-25 00:00:00,0,25,Sunday,1,True,12.980897,77.608324,2026-01-24 23:00:00,0.9501518321659214,0.9501518321659214,64.89754846659618,0.048481379195197814,0.9501518321659214
1,12.982499,77.609337,2026-01-25,00:00:00,2026-01-25 00:00:00,0,25,Sunday,1,True,12.98918,77.606264,2026-01-25 00:00:00,0.818630431966847,0.0,65.71617889856303,0.048481379195197814,0.9501518321659214
1,12.986311,77.611563,2026-01-25,06:00:00,2026-01-25 06:00:00,6,25,Sunday,1,True,12.982499,77.609337,2026-01-25 00:00:00,0.4914046107909537,0.08190076846515895,66.20758350935398,0.048481379195197814,0.9501518321659214
1,12.983121,77.608931,2026-01-25,06:00:00,2026-01-25 06:00:00,6,25,Sunday,1,True,12.986311,77.611563,2026-01-25 06:00:00,0.4603795227311698,0.0,66.66796303208515,0.048481379195197814,0.9501518321659214
1,12.981623,77.60749,2026-01-25,12:00:00,2026-01-25 12:00:00,12,25,Sunday,1,True,12.983121,77.608931,2026-01-25 06:00:00,0.23138726273727495,0.038564543789545824,66.89935029482243,0.048481379195197814,0.9501518321659214
1,12.984391,77.609592,2026-01-25,18:00:00,2026-01-25 18:00:00,18,25,Sunday,1,True,12.981623,77.60749,2026-01-25 12:00:00,0.38691072045221386,0.06448512007536898,67.28626101527465,0.048481379195197814,0.9501518321659214
1,12.984965,77.607956,2026-01-26,01:00:00,2026-01-26 01:00:00,1,26,Monday,1,False,12.984391,77.609592,2026-01-25 18:00:00,0.19300371259282528,0.027571958941832182,67.47926472786747,0.048481379195197814,0.9501518321659214
1,12.983105,77.610054,2026-01-26,01:00:00,2026-01-26 01:00:00,1,26,Monday,1,False,12.984965,77.607956,2026-01-26 01:00:00,0.31211722061378133,0.0,67.79138194848124,0.048481379195197814,0.9501518321659214
1,12.987672,77.604928,2026-01-26,07:00:00,2026-01-26 07:00:00,7,26,Monday,1,False,12.983105,77.610054,2026-01-26 01:00:00,0.7642534729209157,0.12737557882015263,68.55563542140216,0.048481379195197814,0.9501518321659214
1,12.985515,77.609483,2026-01-26,07:00:00,2026-01-26 07:00:00,7,26,Monday,1,False,12.987672,77.604928,2026-01-26 07:00:00,0.5610425734858123,0.0,69.11667799488798,0.048481379195197814,0.9501518321659214
1,12.986149,77.605888,2026-01-26,13:00:00,2026-01-26 13:00:00,13,26,Monday,1,False,12.985515,77.609483,2026-01-26 07:00:00,0.40637107939919703,0.0677285132331995,69.52304907428717,0.048481379195197814,0.9501518321659214
1,12.984964,77.601997,2026-01-26,19:00:00,2026-01-26 19:00:00,19,26,Monday,1,False,12.986149,77.605888,2026-01-26 13:00:00,0.45278793870009704,0.07546465645001617,69.97583701298727,0.048481379195197814,0.9501518321659214
1,12.985257,77.608211,2026-01-27,02:00:00,2026-01-27 02:00:00,2,27,Tuesday,1,False,12.984964,77.601997,2026-01-26 19:00:00,0.6925110191682484,0.09893014559546406,70.66834803215552,0.048481379195197814,0.9501518321659214
1,12.986051,77.608517,2026-01-27,02:00:00,2026-01-27 02:00:00,2,27,Tuesday,1,False,12.985257,77.608211,2026-01-27 02:00:00,0.09472488232720576,0.0,70.76307291448272,0.048481379195197814,0.9501518321659214
1,12.984444,77.601643,2026-01-27,08:00:00,2026-01-27 08:00:00,8,27,Tuesday,1,False,12.986051,77.608517,2026-01-27 02:00:00,0.7858460738653992,0.1309743456442332,71.54891898834812,0.048481379195197814,0.9501518321659214
1,12.987933,77.611058,2026-01-27,08:00:00,2026-01-27 08:00:00,8,27,Tuesday,1,False,12.984444,77.601643,2026-01-27 08:00:00,1.1177290028169842,0.0,72.6666479911651,0.048481379195197814,0.9501518321659214
1,12.98601,77.606738,2026-01-27,14:00:00,2026-01-27 14:00:00,14,27,Tuesday,1,False,12.987933,77.611058,2026-01-27 08:00:00,0.5263956507020745,0.08773260845034575,73.19304364186718,0.048481379195197814,0.9501518321659214
1,12.980697,77.606297,2026-01-27,20:00:00,2026-01-27 20:00:00,20,27,Tuesday,1,False,12.98601,77.606738,2026-01-27 14:00:00,0.5934770827564567,0.09891284712607612,73.78652072462364,0.048481379195197814,0.9501518321659214
1,12.984537,77.607133,2026-01-28,03:00:00,2026-01-28 03:00:00,3,28,Wednesday,1,False,12.980697,77.606297,2026-01-27 20:00:00,0.43748187817142437,0.06249741116734634,74.22400260279507,0.048481379195197814,0.9501518321659214
1,12.983988,77.60891,2026-01-28,03:00:00,2026-01-28 03:00:00,3,28,Wednesday,1,False,12.984537,77.607133,2026-01-28 03:00:00,0.20704113489753923,0.0,74.4310437376926,0.048481379195197814,0.9501518321659214
1,12.984207,77.60953,2026-01-28,09:00:00,2026-01-28 09:00:00,9,28,Wednesday,1,False,12.983988,77.60891,2026-01-28 03:00:00,0.07319753466059542,0.012199589110099237,74.5042412723532,0.048481379195197814,0.9501518321659214
1,12.986108,77.608317,2026-01-28,09:00:00,2026-01-28 09:00:00,9,28,Wednesday,1,False,12.984207,77.60953,2026-01-28 09:00:00,0.2510301789993108,0.0,74.75527145135251,0.048481379195197814,0.9501518321659214
1,12.987501,77.609917,2026-01-28,15:00:00,2026-01-28 15:00:00,15,28,Wednesday,1,False,12.986108,77.608317,2026-01-28 09:00:00,0.23615716138156095,0.03935952689692682,74.99142861273407,0.048481379195197814,0.9501518321659214
1,12.988166,77.608498,2026-01-28,21:00:00,2026-01-28 21:00:00,21,28,Wednesday,1,False,12.987501,77.609917,2026-01-28 15:00:00,0.1744489891511807,0.029074831525196784,75.16587760188526,0.048481379195197814,0.9501518321659214
1,12.984076,77.604124,2026-01-29,04:00:00,2026-01-29 04:00:00,4,29,Thursday,1,False,12.988166,77.608498,2026-01-28 21:00:00,0.6666197784737524,0.09523139692482177,75.832497380359,0.048481379195197814,0.9501518321659214
1,12.986807,77.606575,2026-01-29,04:00:00,2026-01-29 04:00:00,4,29,Thursday,1,False,12.984076,77.604124,2026-01-29 04:00:00,0.40849680565339486,0.0,76.2409941860124,0.048481379195197814,0.9501518321659214
1,12.984114,77.606227,2026-01-29,10:00:00,2026-01-29 10:00:00,10,29,Thursday,1,False,12.986807,77.606575,2026-01-29 04:00:00,0.3022774228114575,0.050379570468576246,76.54327160882386,0.048481379195197814,0.9501518321659214
1,12.984663,77.606166,2026-01-29,10:00:00,2026-01-29 10:00:00,10,29,Thursday,1,False,12.984114,77.606227,2026-01-29 10:00:00,0.06149077388819425,0.0,76.60476238271205,0.048481379195197814,0.9501518321659214
1,12.98473,77.610826,2026-01-29,16:00:00,2026-01-29 16:00:00,16,29,Thursday,1,False,12.984663,77.606166,2026-01-29 10:00:00,0.5188048147702723,0.08646746912837872,77.12356719748232,0.048481379195197814,0.9501518321659214
1,12.986083,77.605668,2026-01-29,22:00:00,2026-01-29 22:00:00,22,29,Thursday,1,False,12.98473,77.610826,2026-01-29 16:00:00,0.5936140748354098,0.09893567913923497,77.71718127231773,0.048481379195197814,0.9501518321659214
1,12.986533,77.609269,2026-01-30,05:00:00,2026-01-30 05:00:00,5,30,Friday,1,False,12.986083,77.605668,2026-01-29 22:00:00,0.4039812002528148,0.0577116000361164,78.12116247257055,0.048481379195197814,0.9501518321659214
1,12.987261,77.605449,2026-01-30,05:00:00,2026-01-30 05:00:00,5,30,Friday,1,False,12.986533,77.609269,2026-01-30 05:00:00,0.4328957564540521,0.0,78.5540582290246,0.048481379195197814,0.9501518321659214
1,12.986752,77.609275,2026-01-30,11:00:00,2026-01-30 11:00:00,11,30,Friday,1,False,12.987261,77.605449,2026-01-30 05:00:00,0.4296628554203821,0.07161047590339702,78.98372108444498,0.048481379195197814,0.9501518321659214
1,12.983458,77.607447,2026-01-30,11:00:00,2026-01-30 11:00:00,11,30,Friday,1,False,12.986752,77.609275,2026-01-30 11:00:00,0.41936801592834894,0.0,79.40308910037334,0.048481379195197814,0.9501518321659214
1,12.98572,77.612224,2026-01-30,17:00:00,2026-01-30 17:00:00,17,30,Friday,1,False,12.983458,77.607447,2026-01-30 11:00:00,0.5883804146604622,0.09806340244341037,79.99146951503378,0.048481379195197814,0.9501518321659214
1,12.986393,77.60255,2026-01-30,23:00:00,2026-01-30 23:00:00,23,30,Friday,1,False,12.98572,77.612224,2026-01-30 17:00:00,1.0795124916107846,0.17991874860179743,81.07098200664457,0.048481379195197814,0.9501518321659214
2,12.954183,77.610293,2026-01-01,00:00:00,2026-01-01 00:00:00,0,1,Thursday,1,False,,,,0.0,0.0,0.0,0.04714264864363346,0.6553984735049202
2,12.953804,77.614866,2026-01-01,00:00:00,2026-01-01 00:00:00,0,1,Thursday,1,False,12.954183,77.610293,2026-01-01 00:00:00,0.5108116860556414,0.0,0.5108116860556414,0.04714264864363346,0.6553984735049202
2,12.956453,77.608807,2026-01-01,06:00:00,2026-01-01 06:00:00,6,1,Thursday,1,False,12.953804,77.614866,2026-01-01 00:00:00,0.7361331770199258,0.1226888628366543,1.246944863075567,0.04714264864363346,0.6553984735049202
2,12.954767,77.610447,2026-01-01,06:00:00,2026-01-01 06:00:00,6,1,Thursday,1,False,12.956453,77.608807,2026-01-01 06:00:00,0.2618315500784285,0.0,1.5087764131539956,0.04714264864363346,0.6553984735049202
2,12.950399,77.611714,2026-01-01,12:00:00,2026-01-01 12:00:00,12,1,Thursday,1,False,12.954767,77.610447,2026-01-01 06:00:00,0.5062883654593268,0.08438139424322112,2.0150647786133224,0.04714264864363346,0.6553984735049202
2,12.953508,77.610561,2026-01-01,12:00:00,2026-01-01 12:00:00,12,1,Thursday,1,False,12.950399,77.611714,2026-01-01 12:00:00,0.36912761940721894,0.0,2.3841923980205415,0.04714264864363346,0.6553984735049202
2,12.955963,77.611922,2026-01-01,18:00:00,2026-01-01 18:00:00,18,1,Thursday,1,False,12.953508,77.610561,2026-01-01 12:00:00,0.31247716340724696,0.05207952723454116,2.6966695614277882,0.04714264864363346,0.6553984735049202
2,12.951427,77.611317,2026-01-02,01:00:00,2026-01-02 01:00:00,1,2,Friday,1,False,12.955963,77.611922,2026-01-01 18:00:00,0.5094191122015403,0.07277415888593433,3.2060886736293286,0.04714264864363346,0.6553984735049202
2,12.951072,77.609429,2026-01-02,01:00:00,2026-01-02 01:00:00,1,2,Friday,1,False,12.951427,77.611317,2026-01-02 01:00:00,0.21385522342170343,0.0,3.419943897051032,0.04714264864363346,0.6553984735049202
2,12.953362,77.612883,2026-01-02,07:00:00,2026-01-02 07:00:00,7,2,Friday,1,False,12.951072,77.609429,2026-01-02 01:00:00,0.46132995814231004,0.07688832635705167,3.881273855193342,0.04714264864363346,0.6553984735049202
2,12.954058,77.612257,2026-01-02,07:00:00,2026-01-02 07:00:00,7,2,Friday,1,False,12.953362,77.612883,2026-01-02 07:00:00,0.10420717464707344,0.0,3.9854810298404155,0.04714264864363346,0.6553984735049202
2,12.950414,77.611643,2026-01-02,13:00:00,2026-01-02 13:00:00,13,2,Friday,1,False,12.954058,77.612257,2026-01-02 07:00:00,0.41136817514262863,0.06856136252377144,4.396849204983044,0.04714264864363346,0.6553984735049202
2,12.95697,77.60977,2026-01-02,13:00:00,2026-01-02 13:00:00,13,2,Friday,1,False,12.950414,77.611643,2026-01-02 13:00:00,0.7590135650641932,0.0,5.1558627700472375,0.04714264864363346,0.6553984735049202
2,12.955783,77.613988,2026-01-02,19:00:00,2026-01-02 19:00:00,19,2,Friday,1,False,12.95697,77.60977,2026-01-02 13:00:00,0.48778606315382683,0.08129767719230448,5.643648833201064,0.04714264864363346,0.6553984735049202
2,12.952439,77.612583,2026-01-03,02:00:00,2026-01-03 02:00:00,2,3,Saturday,1,True,12.955783,77.613988,2026-01-02 19:00:00,0.40377654584932865,0.05768236369276124,6.0474253790503925,0.04714264864363346,0.6553984735049202
2,12.954218,77.608196,2026-01-03,02:00:00,2026-01-03 02:00:00,2,3,Saturday,1,True,12.952439,77.612583,2026-01-03 02:00:00,0.5269871634017161,0.0,6.574412542452109,0.04714264864363346,0.6553984735049202
2,12.950752,77.611064,2026-01-03,08:00:00,2026-01-03 08:00:00,8,3,Saturday,1,True,12.954218,77.608196,2026-01-03 02:00:00,0.5007987273677973,0.08346645456129954,7.075211269819906,0.04714264864363346,0.6553984735049202
2,12.953725,77.612222,2026-01-03,08:00:00,2026-01-03 08:00:00,8,3,Saturday,1,True,12.950752,77.611064,2026-01-03 08:00:00,0.35517348612255506,0.0,7.430384755942462,0.04714264864363346,0.6553984735049202
2,12.9528,77.615332,2026-01-03,14:00:00,2026-01-03 14:00:00,14,3,Saturday,1,True,12.953725,77.612222,2026-01-03 08:00:00,0.3611939469972685,0.06019899116621141,7.79157870293973,0.04714264864363346,0.6553984735049202
2,12.952363,77.61191,2026-01-03,14:00:00,2026-01-03 14:00:00,14,3,Saturday,1,True,12.9528,77.615332,2026-01-03 14:00:00,0.3840306543571564,0.0,8.175609357296887,0.04714264864363346,0.6553984735049202
2,12.955265,77.612428,2026-01-03,20:00:00,2026-01-03 20:00:00,20,3,Saturday,1,True,12.952363,77.61191,2026-01-03 14:00:00,0.32815670832970456,0.05469278472161743,8.503766065626591,0.04714264864363346,0.6553984735049202
2,12.955437,77.609787,2026-01-04,03:00:00,2026-01-04 03:00:00,3,4,Sunday,1,True,12.955265,77.612428,2026-01-03 20:00:00,0.2946189534222409,0.04208842191746299,8.798385019048832,0.04714264864363346,0.6553984735049202
2,12.953291,77.613749,2026-01-04,03:00:00,2026-01-04 03:00:00,3,4,Sunday,1,True,12.955437,77.609787,2026-01-04 03:00:00,0.5015921580658375,0.0,9.29997717711467,0.04714264864363346,0.6553984735049202
2,12.95357,77.614712,2026-01-04,09:00:00,2026-01-04 09:00:00,9,4,Sunday,1,True,12.953291,77.613749,2026-01-04 03:00:00,0.11160961187042368,0.018601601978403947,9.411586788985092,0.04714264864363346,0.6553984735049202
2,12.955799,77.61293,2026-01-04,09:00:00,2026-01-04 09:00:00,9,4,Sunday,1,True,12.95357,77.614712,2026-01-04 09:00:00,0.31768093109333617,0.0,9.729267720078429,0.04714264864363346,0.6553984735049202
2,12.951922,77.608691,2026-01-04,15:00:00,2026-01-04 15:00:00,15,4,Sunday,1,True,12.955799,77.61293,2026-01-04 09:00:00,0.6394871360997147,0.10658118934995246,10.368754856178144,0.04714264864363346,0.6553984735049202
2,12.952025,77.612114,2026-01-04,15:00:00,2026-01-04 15:00:00,15,4,Sunday,1,True,12.951922,77.608691,2026-01-04 15:00:00,0.38122082957053394,0.0,10.749975685748678,0.04714264864363346,0.6553984735049202
2,12.95522,77.61403,2026-01-04,21:00:00,2026-01-04 21:00:00,21,4,Sunday,1,True,12.952025,77.612114,2026-01-04 15:00:00,0.41471863731070574,0.06911977288511763,11.164694323059383,0.04714264864363346,0.6553984735049202
2,12.955337,77.612206,2026-01-05,04:00:00,2026-01-05 04:00:00,4,5,Monday,1,False,12.95522,77.61403,2026-01-04 21:00:00,0.20346497583283588,0.029066425118976554,11.36815929889222,0.04714264864363346,0.6553984735049202
2,12.949982,77.611109,2026-01-05,04:00:00,2026-01-05 04:00:00,4,5,Monday,1,False,12.955337,77.612206,2026-01-05 04:00:00,0.6084983163160039,0.0,11.976657615208223,0.04714264864363346,0.6553984735049202
2,12.954546,77.612163,2026-01-05,10:00:00,2026-01-05 10:00:00,10,5,Monday,1,False,12.949982,77.611109,2026-01-05 04:00:00,0.521436616573903,0.08690610276231715,12.498094231782126,0.04714264864363346,0.6553984735049202
2,12.95317,77.612758,2026-01-05,10:00:00,2026-01-05 10:00:00,10,5,Monday,1,False,12.954546,77.612163,2026-01-05 10:00:00,0.16688353190767446,0.0,12.664977763689802,0.04714264864363346,0.6553984735049202
2,12.947211,77.610661,2026-01-05,16:00:00,2026-01-05 16:00:00,16,5,Monday,1,False,12.95317,77.612758,2026-01-05 10:00:00,0.7032313574137926,0.1172052262356321,13.368209121103593,0.04714264864363346,0.6553984735049202
2,12.954945,77.61519,2026-01-05,16:00:00,2026-01-05 16:00:00,16,5,Monday,1,False,12.947211,77.610661,2026-01-05 16:00:00,0.997706684618371,0.0,14.365915805721965,0.04714264864363346,0.6553984735049202
2,12.952295,77.606996,2026-01-05,22:00:00,2026-01-05 22:00:00,22,5,Monday,1,False,12.954945,77.61519,2026-01-05 16:00:00,0.9586722767899705,0.15977871279832842,15.324588082511935,0.04714264864363346,0.6553984735049202
2,12.948068,77.612003,2026-01-06,05:00:00,2026-01-06 05:00:00,5,6,Tuesday,1,False,12.952295,77.606996,2026-01-05 22:00:00,0.7294440217644518,0.10420628882349312,16.054032104276388,0.04714264864363346,0.6553984735049202
2,12.953174,77.612757,2026-01-06,05:00:00,2026-01-06 05:00:00,5,6,Tuesday,1,False,12.948068,77.612003,2026-01-06 05:00:00,0.5745638348215725,0.0,16.62859593909796,0.04714264864363346,0.6553984735049202
2,12.951678,77.607613,2026-01-06,11:00:00,2026-01-06 11:00:00,11,6,Tuesday,1,False,12.953174,77.612757,2026-01-06 05:00:00,0.5963547782038027,0.09939246303396711,17.224950717301763,0.04714264864363346,0.6553984735049202
2,12.952387,77.607326,2026-01-06,11:00:00,2026-01-06 11:00:00,11,6,Tuesday,1,False,12.951678,77.607613,2026-01-06 11:00:00,0.08514706636831418,0.0,17.310097783670077,0.04714264864363346,0.6553984735049202
2,12.951173,77.612571,2026-01-06,17:00:00,2026-01-06 17:00:00,17,6,Tuesday,1,False,12.952387,77.607326,2026-01-06 11:00:00,0.5993093000516232,0.0998848833419372,17.9094070837217,0.04714264864363346,0.6553984735049202
2,12.954162,77.61245,2026-01-06,17:00:00,2026-01-06 17:00:00,17,6,Tuesday,1,False,12.951173,77.612571,2026-01-06 17:00:00,0.3330080074227803,0.0,18.24241509114448,0.04714264864363346,0.6553984735049202
2,12.956084,77.614733,2026-01-06,23:00:00,2026-01-06 23:00:00,23,6,Tuesday,1,False,12.954162,77.61245,2026-01-06 17:00:00,0.332214635522536,0.055369105920422663,18.574629726667016,0.04714264864363346,0.6553984735049202
2,12.955605,77.612011,2026-01-07,00:00:00,2026-01-07 00:00:00,0,7,Wednesday,1,False,12.956084,77.614733,2026-01-06 23:00:00,0.3076689258843443,0.3076689258843443,18.88229865255136,0.04714264864363346,0.6553984735049202
2,12.953554,77.614096,2026-01-07,06:00:00,2026-01-07 06:00:00,6,7,Wednesday,1,False,12.955605,77.612011,2026-01-07 00:00:00,0.32557676492223975,0.05426279415370663,19.2078754174736,0.04714264864363346,0.6553984735049202
2,12.954085,77.612591,2026-01-07,06:00:00,2026-01-07 06:00:00,6,7,Wednesday,1,False,12.953554,77.614096,2026-01-07 06:00:00,0.1776586986418509,0.0,19.38553411611545,0.04714264864363346,0.6553984735049202
2,12.95718,77.610887,2026-01-07,12:00:00,2026-01-07 12:00:00,12,7,Wednesday,1,False,12.954085,77.612591,2026-01-07 06:00:00,0.39330225628597654,0.06555037604766276,19.778836372401425,0.04714264864363346,0.6553984735049202
2,12.9511,77.610768,2026-01-07,12:00:00,2026-01-07 12:00:00,12,7,Wednesday,1,False,12.95718,77.610887,2026-01-07 12:00:00,0.6769552259520328,0.0,20.45579159835346,0.04714264864363346,0.6553984735049202
2,12.954559,77.609226,2026-01-07,18:00:00,2026-01-07 18:00:00,18,7,Wednesday,1,False,12.9511,77.610768,2026-01-07 12:00:00,0.4215846543739457,0.07026410906232429,20.877376252727405,0.04714264864363346,0.6553984735049202
2,12.954905,77.612768,2026-01-07,18:00:00,2026-01-07 18:00:00,18,7,Wednesday,1,False,12.954559,77.609226,2026-01-07 18:00:00,0.39617222482652514,0.0,21.27354847755393,0.04714264864363346,0.6553984735049202
2,12.953608,77.609873,2026-01-08,01:00:00,2026-01-08 01:00:00,1,8,Thursday,1,False,12.954905,77.612768,2026-01-07 18:00:00,0.3531359918405786,0.05044799883436837,21.626684469394508,0.04714264864363346,0.6553984735049202
2,12.955579,77.611787,2026-01-08,07:00:00,2026-01-08 07:00:00,7,8,Thursday,1,False,12.953608,77.609873,2026-01-08 01:00:00,0.3058411806373391,0.050973530106223186,21.93252565003185,0.04714264864363346,0.6553984735049202
2,12.955777,77.60883,2026-01-08,07:00:00,2026-01-08 07:00:00,7,8,Thursday,1,False,12.955579,77.611787,2026-01-08 07:00:00,0.3299103567386419,0.0,22.26243600677049,0.04714264864363346,0.6553984735049202
2,12.952681,77.612875,2026-01-08,13:00:00,2026-01-08 13:00:00,13,8,Thursday,1,False,12.955777,77.60883,2026-01-08 07:00:00,0.5670466518370103,0.09450777530616838,22.8294826586075,0.04714264864363346,0.6553984735049202
2,12.957843,77.616965,2026-01-08,13:00:00,2026-01-08 13:00:00,13,8,Thursday,1,False,12.952681,77.612875,2026-01-08 13:00:00,0.7331446292197045,0.0,23.562627287827205,0.04714264864363346,0.6553984735049202
2,12.955125,77.612177,2026-01-08,19:00:00,2026-01-08 19:00:00,19,8,Thursday,1,False,12.957843,77.616965,2026-01-08 13:00:00,0.6128918501255528,0.10214864168759213,24.175519137952758,0.04714264864363346,0.6553984735049202
2,12.952966,77.612882,2026-01-08,19:00:00,2026-01-08 19:00:00,19,8,Thursday,1,False,12.955125,77.612177,2026-01-08 19:00:00,0.25282891941933455,0.0,24.42834805737209,0.04714264864363346,0.6553984735049202
2,12.957967,77.611654,2026-01-09,02:00:00,2026-01-09 02:00:00,2,9,Friday,1,False,12.952966,77.612882,2026-01-08 19:00:00,0.5732492008550854,0.08189274297929791,25.00159725822718,0.04714264864363346,0.6553984735049202
2,12.953071,77.613906,2026-01-09,08:00:00,2026-01-09 08:00:00,8,9,Friday,1,False,12.957967,77.611654,2026-01-09 02:00:00,0.5999137980296373,0.09998563300493955,25.601511056256815,0.04714264864363346,0.6553984735049202
2,12.957189,77.611619,2026-01-09,08:00:00,2026-01-09 08:00:00,8,9,Friday,1,False,12.953071,77.613906,2026-01-09 08:00:00,0.5243667480577636,0.0,26.125877804314577,0.04714264864363346,0.6553984735049202
2,12.954528,77.612367,2026-01-09,14:00:00,2026-01-09 14:00:00,14,9,Friday,1,False,12.957189,77.611619,2026-01-09 08:00:00,0.3077031598741476,0.0512838599790246,26.433580964188724,0.04714264864363346,0.6553984735049202
2,12.952014,77.61293,2026-01-09,14:00:00,2026-01-09 14:00:00,14,9,Friday,1,False,12.954528,77.612367,2026-01-09 14:00:00,0.2867903307510058,0.0,26.72037129493973,0.04714264864363346,0.6553984735049202
2,12.954194,77.611759,2026-01-09,20:00:00,2026-01-09 20:00:00,20,9,Friday,1,False,12.952014,77.61293,2026-01-09 14:00:00,0.2754723784309706,0.045912063071828435,26.995843673370704,0.04714264864363346,0.6553984735049202
2,12.957284,77.613286,2026-01-09,20:00:00,2026-01-09 20:00:00,20,9,Friday,1,False,12.954194,77.611759,2026-01-09 20:00:00,0.3836880668661874,0.0,27.37953174023689,0.04714264864363346,0.6553984735049202
2,12.956713,77.611331,2026-01-10,03:00:00,2026-01-10 03:00:00,3,10,Saturday,1,True,12.957284,77.613286,2026-01-09 20:00:00,0.22672323338457112,0.03238903334065302,27.60625497362146,0.04714264864363346,0.6553984735049202
2,12.953646,77.609823,2026-01-10,09:00:00,2026-01-10 09:00:00,9,10,Saturday,1,True,12.956713,77.611331,2026-01-10 03:00:00,0.3804564049753519,0.06340940082922532,27.986711378596812,0.04714264864363346,0.6553984735049202
2,12.954158,77.614617,2026-01-10,09:00:00,2026-01-10 09:00:00,9,10,Saturday,1,True,12.953646,77.609823,2026-01-10 09:00:00,0.5367030327722754,0.0,28.52341441136909,0.04714264864363346,0.6553984735049202
2,12.956314,77.611628,2026-01-10,15:00:00,2026-01-10 15:00:00,15,10,Saturday,1,True,12.954158,77.614617,2026-01-10 09:00:00,0.4102630147672331,0.06837716912787219,28.93367742613632,0.04714264864363346,0.6553984735049202
2,12.953645,77.613311,2026-01-10,15:00:00,2026-01-10 15:00:00,15,10,Saturday,1,True,12.956314,77.611628,2026-01-10 15:00:00,0.3512503229060094,0.0,29.284927749042332,0.04714264864363346,0.6553984735049202
2,12.956921,77.614189,2026-01-10,21:00:00,2026-01-10 21:00:00,21,10,Saturday,1,True,12.953645,77.613311,2026-01-10 15:00:00,0.37755470803012897,0.06292578467168816,29.66248245707246,0.04714264864363346,0.6553984735049202
2,12.955077,77.611604,2026-01-10,21:00:00,2026-01-10 21:00:00,21,10,Saturday,1,True,12.956921,77.614189,2026-01-10 21:00:00,0.3534749378222684,0.0,30.015957394894727,0.04714264864363346,0.6553984735049202
2,12.947625,77.613817,2026-01-11,04:00:00,2026-01-11 04:00:00,4,11,Sunday,1,True,12.955077,77.611604,2026-01-10 21:00:00,0.8653629949339755,0.12362328499056793,30.881320389828705,0.04714264864363346,0.6553984735049202
2,12.951017,77.611323,2026-01-11,10:00:00,2026-01-11 10:00:00,10,11,Sunday,1,True,12.947625,77.613817,2026-01-11 04:00:00,0.46867835296670557,0.07811305882778426,31.34999874279541,0.04714264864363346,0.6553984735049202
2,12.951218,77.610841,2026-01-11,10:00:00,2026-01-11 10:00:00,10,11,Sunday,1,True,12.951017,77.611323,2026-01-11 10:00:00,0.058134731753960334,0.0,31.40813347454937,0.04714264864363346,0.6553984735049202
2,12.950185,77.612515,2026-01-11,16:00:00,2026-01-11 16:00:00,16,11,Sunday,1,True,12.951218,77.610841,2026-01-11 10:00:00,0.21897424980567878,0.036495708300946464,31.62710772435505,0.04714264864363346,0.6553984735049202
2,12.949737,77.613725,2026-01-11,16:00:00,2026-01-11 16:00:00,16,11,Sunday,1,True,12.950185,77.612515,2026-01-11 16:00:00,0.14363317247796964,0.0,31.77074089683302,0.04714264864363346,0.6553984735049202
2,12.952674,77.614102,2026-01-11,22:00:00,2026-01-11 22:00:00,22,11,Sunday,1,True,12.949737,77.613725,2026-01-11 16:00:00,0.32962936609638877,0.05493822768273146,32.10037026292941,0.04714264864363346,0.6553984735049202
2,12.953534,77.612913,2026-01-11,22:00:00,2026-01-11 22:00:00,22,11,Sunday,1,True,12.952674,77.614102,2026-01-11 22:00:00,0.163353177088162,0.0,32.26372344001757,0.04714264864363346,0.6553984735049202
2,12.955067,77.616156,2026-01-12,05:00:00,2026-01-12 05:00:00,5,12,Monday,1,False,12.953534,77.612913,2026-01-11 22:00:00,0.399313669157809,0.057044809879687006,32.66303710917538,0.04714264864363346,0.6553984735049202
2,12.952372,77.611704,2026-01-12,11:00:00,2026-01-12 11:00:00,11,12,Monday,1,False,12.955067,77.616156,2026-01-12 05:00:00,0.5793276013052203,0.09655460021753672,33.2423647104806,0.04714264864363346,0.6553984735049202
2,12.948819,77.615315,2026-01-12,11:00:00,2026-01-12 11:00:00,11,12,Monday,1,False,12.952372,77.611704,2026-01-12 11:00:00,0.5639336498108899,0.0,33.806298360291485,0.04714264864363346,0.6553984735049202
2,12.952731,77.610823,2026-01-12,17:00:00,2026-01-12 17:00:00,17,12,Monday,1,False,12.948819,77.615315,2026-01-12 11:00:00,0.6630954813187343,0.11051591355312239,34.46939384161022,0.04714264864363346,0.6553984735049202
2,12.951008,77.609421,2026-01-12,17:00:00,2026-01-12 17:00:00,17,12,Monday,1,False,12.952731,77.610823,2026-01-12 17:00:00,0.24727910786191232,0.0,34.716672949472134,0.04714264864363346,0.6553984735049202
2,12.952669,77.612277,2026-01-12,23:00:00,2026-01-12 23:00:00,23,12,Monday,1,False,12.951008,77.609421,2026-01-12 17:00:00,0.36778849347711595,0.06129808224618599,35.08446144294925,0.04714264864363346,0.6553984735049202
2,12.953583,77.611613,2026-01-12,23:00:00,2026-01-12 23:00:00,23,12,Monday,1,False,12.952669,77.612277,2026-01-12 23:00:00,0.12576164839880594,0.0,35.210223091348055,0.04714264864363346,0.6553984735049202
2,12.953971,77.611659,2026-01-13,00:00:00,2026-01-13 00:00:00,0,13,Tuesday,1,False,12.953583,77.611613,2026-01-12 23:00:00,0.043494648622252274,0.043494648622252274,35.253717739970305,0.04714264864363346,0.6553984735049202
2,12.948232,77.611205,2026-01-13,00:00:00,2026-01-13 00:00:00,0,13,Tuesday,1,False,12.953971,77.611659,2026-01-13 00:00:00,0.6408613893490334,0.0,35.89457912931934,0.04714264864363346,0.6553984735049202
2,12.952712,77.611683,2026-01-13,06:00:00,2026-01-13 06:00:00,6,13,Tuesday,1,False,12.948232,77.611205,2026-01-13 00:00:00,0.5015442762997104,0.0835907127166184,36.39612340561905,0.04714264864363346,0.6553984735049202
2,12.952171,77.614283,2026-01-13,12:00:00,2026-01-13 12:00:00,12,13,Tuesday,1,False,12.952712,77.611683,2026-01-13 06:00:00,0.29563123524729834,0.04927187254121639,36.69175464086635,0.04714264864363346,0.6553984735049202
2,12.949327,77.610364,2026-01-13,12:00:00,2026-01-13 12:00:00,12,13,Tuesday,1,False,12.952171,77.614283,2026-01-13 12:00:00,0.5390336598596975,0.0,37.23078830072605,0.04714264864363346,0.6553984735049202
2,12.95069,77.609705,2026-01-13,18:00:00,2026-01-13 18:00:00,18,13,Tuesday,1,False,12.949327,77.610364,2026-01-13 12:00:00,0.16853311243754562,0.028088852072924272,37.39932141316359,0.04714264864363346,0.6553984735049202
2,12.951591,77.607972,2026-01-13,18:00:00,2026-01-13 18:00:00,18,13,Tuesday,1,False,12.95069,77.609705,2026-01-13 18:00:00,0.2174330668249378,0.0,37.61675447998853,0.04714264864363346,0.6553984735049202
2,12.950796,77.615925,2026-01-14,01:00:00,2026-01-14 01:00:00,1,14,Wednesday,1,False,12.951591,77.607972,2026-01-13 18:00:00,0.8897402657844763,0.12710575225492518,38.50649474577301,0.04714264864363346,0.6553984735049202
2,12.953179,77.610813,2026-01-14,01:00:00,2026-01-14 01:00:00,1,14,Wednesday,1,False,12.950796,77.615925,2026-01-14 01:00:00,0.6278609155354296,0.0,39.13435566130844,0.04714264864363346,0.6553984735049202
2,12.953543,77.610756,2026-01-14,07:00:00,2026-01-14 07:00:00,7,14,Wednesday,1,False,12.953179,77.610813,2026-01-14 01:00:00,0.04101428251328704,0.006835713752214506,39.17536994382172,0.04714264864363346,0.6553984735049202
2,12.954793,77.614066,2026-01-14,13:00:00,2026-01-14 13:00:00,13,14,Wednesday,1,False,12.953543,77.610756,2026-01-14 07:00:00,0.3938683458321838,0.06564472430536396,39.56923828965391,0.04714264864363346,0.6553984735049202
2,12.948941,77.610999,2026-01-14,13:00:00,2026-01-14 13:00:00,13,14,Wednesday,1,False,12.954793,77.614066,2026-01-14 13:00:00,0.735490768232967,0.0,40.304729057886874,0.04714264864363346,0.6553984735049202
2,12.954832,77.614769,2026-01-14,19:00:00,2026-01-14 19:00:00,19,14,Wednesday,1,False,12.948941,77.610999,2026-01-14 13:00:00,0.7785780088729544,0.12976300147882572,41.08330706675983,0.04714264864363346,0.6553984735049202
2,12.954555,77.610489,2026-01-14,19:00:00,2026-01-14 19:00:00,19,14,Wednesday,1,False,12.954832,77.614769,2026-01-14 19:00:00,0.4774463928377377,0.0,41.56075345959757,0.04714264864363346,0.6553984735049202
2,12.955386,77.610001,2026-01-15,02:00:00,2026-01-15 02:00:00,2,15,Thursday,1,False,12.954555,77.610489,2026-01-14 19:00:00,0.1072783510671007,0.015325478723871527,41.668031810664665,0.04714264864363346,0.6553984735049202
2,12.954922,77.611041,2026-01-15,02:00:00,2026-01-15 02:00:00,2,15,Thursday,1,False,12.955386,77.610001,2026-01-15 02:00:00,0.126772709642434,0.0,41.7948045203071,0.04714264864363346,0.6553984735049202
2,12.951784,77.614259,2026-01-15,08:00:00,2026-01-15 08:00:00,8,15,Thursday,1,False,12.954922,77.611041,2026-01-15 02:00:00,0.5003529749106992,0.08339216248511654,42.2951574952178,0.04714264864363346,0.6553984735049202
2,12.952881,77.610465,2026-01-15,14:00:00,2026-01-15 14:00:00,14,15,Thursday,1,False,12.951784,77.614259,2026-01-15 08:00:00,0.4396484008535035,0.07327473347558391,42.73480589607131,0.04714264864363346,0.6553984735049202
2,12.949761,77.614345,2026-01-15,14:00:00,2026-01-15 14:00:00,14,15,Thursday,1,False,12.952881,77.610465,2026-01-15 14:00:00,0.5542439350363634,0.0,43.28904983110767,0.04714264864363346,0.6553984735049202
2,12.956047,77.610374,2026-01-15,20:00:00,2026-01-15 20:00:00,20,15,Thursday,1,False,12.949761,77.614345,2026-01-15 14:00:00,0.8276897425678906,0.13794829042798176,44.11673957367556,0.04714264864363346,0.6553984735049202
2,12.956498,77.614081,2026-01-15,20:00:00,2026-01-15 20:00:00,20,15,Thursday,1,False,12.956047,77.610374,2026-01-15 20:00:00,0.41570605456755305,0.0,44.53244562824311,0.04714264864363346,0.6553984735049202
2,12.951834,77.610669,2026-01-16,03:00:00,2026-01-16 03:00:00,3,16,Friday,1,False,12.956498,77.614081,2026-01-15 20:00:00,0.6432970808860462,0.09189958298372089,45.17574270912916,0.04714264864363346,0.6553984735049202
2,12.949384,77.614709,2026-01-16,03:00:00,2026-01-16 03:00:00,3,16,Friday,1,False,12.951834,77.610669,2026-01-16 03:00:00,0.5259690353548911,0.0,45.70171174448405,0.04714264864363346,0.6553984735049202
2,12.953363,77.610772,2026-01-16,09:00:00,2026-01-16 09:00:00,9,16,Friday,1,False,12.949384,77.614709,2026-01-16 03:00:00,0.6231177147665263,0.10385295246108772,46.32482945925057,0.04714264864363346,0.6553984735049202
2,12.953336,77.611707,2026-01-16,15:00:00,2026-01-16 15:00:00,15,16,Friday,1,False,12.953363,77.610772,2026-01-16 09:00:00,0.10412758789778531,0.01735459798296422,46.42895704714836,0.04714264864363346,0.6553984735049202
2,12.952423,77.609864,2026-01-16,15:00:00,2026-01-16 15:00:00,15,16,Friday,1,False,12.953336,77.611707,2026-01-16 15:00:00,0.2289573406527398,0.0,46.6579143878011,0.04714264864363346,0.6553984735049202
2,12.952413,77.609846,2026-01-16,21:00:00,2026-01-16 21:00:00,21,16,Friday,1,False,12.952423,77.609864,2026-01-16 15:00:00,0.0022922190942951362,0.000382036515715856,46.66020660689539,0.04714264864363346,0.6553984735049202
2,12.95628,77.611798,2026-01-16,21:00:00,2026-01-16 21:00:00,21,16,Friday,1,False,12.952413,77.609846,2026-01-16 21:00:00,0.48220957399041414,0.0,47.14241618088581,0.04714264864363346,0.6553984735049202
2,12.951053,77.613724,2026-01-17,04:00:00,2026-01-17 04:00:00,4,17,Saturday,1,True,12.95628,77.611798,2026-01-16 21:00:00,0.620113403157537,0.08858762902250529,47.76252958404335,0.04714264864363346,0.6553984735049202
2,12.953671,77.611852,2026-01-17,04:00:00,2026-01-17 04:00:00,4,17,Saturday,1,True,12.951053,77.613724,2026-01-17 04:00:00,0.35827591010188237,0.0,48.12080549414523,0.04714264864363346,0.6553984735049202
2,12.954908,77.61133,2026-01-17,10:00:00,2026-01-17 10:00:00,10,17,Saturday,1,True,12.953671,77.611852,2026-01-17 04:00:00,0.14946147555081213,0.024910245925135355,48.27026696969604,0.04714264864363346,0.6553984735049202
2,12.955783,77.61164,2026-01-17,16:00:00,2026-01-17 16:00:00,16,17,Saturday,1,True,12.954908,77.61133,2026-01-17 10:00:00,0.10333740324609128,0.017222900541015215,48.37360437294213,0.04714264864363346,0.6553984735049202
2,12.954853,77.610244,2026-01-17,16:00:00,2026-01-17 16:00:00,16,17,Saturday,1,True,12.955783,77.61164,2026-01-17 16:00:00,0.18672966916148181,0.0,48.56033404210361,0.04714264864363346,0.6553984735049202
2,12.957773,77.611632,2026-01-17,22:00:00,2026-01-17 22:00:00,22,17,Saturday,1,True,12.954853,77.610244,2026-01-17 16:00:00,0.35990883643971927,0.059984806073286545,48.920242878543334,0.04714264864363346,0.6553984735049202
2,12.956771,77.615462,2026-01-17,22:00:00,2026-01-17 22:00:00,22,17,Saturday,1,True,12.957773,77.611632,2026-01-17 22:00:00,0.4407049559386773,0.0,49.36094783448201,0.04714264864363346,0.6553984735049202
2,12.957404,77.612574,2026-01-18,05:00:00,2026-01-18 05:00:00,5,18,Sunday,1,True,12.956771,77.615462,2026-01-17 22:00:00,0.32912399500415124,0.047017713572021606,49.690071829486165,0.04714264864363346,0.6553984735049202
2,12.950858,77.611313,2026-01-18,05:00:00,2026-01-18 05:00:00,5,18,Sunday,1,True,12.957404,77.612574,2026-01-18 05:00:00,0.7420982045482658,0.0,50.43217003403443,0.04714264864363346,0.6553984735049202
2,12.959242,77.611638,2026-01-18,11:00:00,2026-01-18 11:00:00,11,18,Sunday,1,True,12.950858,77.611313,2026-01-18 05:00:00,0.9340078438087449,0.15566797396812415,51.36617787784317,0.04714264864363346,0.6553984735049202
2,12.951991,77.610725,2026-01-18,17:00:00,2026-01-18 17:00:00,17,18,Sunday,1,True,12.959242,77.611638,2026-01-18 11:00:00,0.8135547855584911,0.13559246425974852,52.179732663401666,0.04714264864363346,0.6553984735049202
2,12.954147,77.61442,2026-01-18,17:00:00,2026-01-18 17:00:00,17,18,Sunday,1,True,12.951991,77.610725,2026-01-18 17:00:00,0.47622796182632804,0.0,52.65596062522799,0.04714264864363346,0.6553984735049202
2,12.954325,77.611848,2026-01-18,23:00:00,2026-01-18 23:00:00,23,18,Sunday,1,True,12.954147,77.61442,2026-01-18 17:00:00,0.28699988635894425,0.047833314393157376,52.94296051158694,0.04714264864363346,0.6553984735049202
2,12.953629,77.613157,2026-01-18,23:00:00,2026-01-18 23:00:00,23,18,Sunday,1,True,12.954325,77.611848,2026-01-18 23:00:00,0.16503530714595027,0.0,53.10799581873289,0.04714264864363346,0.6553984735049202
2,12.955035,77.610903,2026-01-19,00:00:00,2026-01-19 00:00:00,0,19,Monday,1,False,12.953629,77.613157,2026-01-18 23:00:00,0.2957291175237857,0.2957291175237857,53.40372493625667,0.04714264864363346,0.6553984735049202
2,12.95764,77.612152,2026-01-19,00:00:00,2026-01-19 00:00:00,0,19,Monday,1,False,12.955035,77.610903,2026-01-19 00:00:00,0.3215977964260421,0.0,53.72532273268271,0.04714264864363346,0.6553984735049202
2,12.957818,77.611163,2026-01-19,06:00:00,2026-01-19 06:00:00,6,19,Monday,1,False,12.95764,77.612152,2026-01-19 00:00:00,0.11186441505673213,0.018644069176122022,53.83718714773945,0.04714264864363346,0.6553984735049202
2,12.954439,77.612375,2026-01-19,06:00:00,2026-01-19 06:00:00,6,19,Monday,1,False,12.957818,77.611163,2026-01-19 06:00:00,0.3996153104793063,0.0,54.236802458218754,0.04714264864363346,0.6553984735049202
2,12.957826,77.613822,2026-01-19,12:00:00,2026-01-19 12:00:00,12,19,Monday,1,False,12.954439,77.612375,2026-01-19 06:00:00,0.4100080173780373,0.06833466956300623,54.64681047559679,0.04714264864363346,0.6553984735049202
2,12.958228,77.610735,2026-01-19,18:00:00,2026-01-19 18:00:00,18,19,Monday,1,False,12.957826,77.613822,2026-01-19 12:00:00,0.3465463833869007,0.057757730564483446,54.99335685898369,0.04714264864363346,0.6553984735049202
2,12.953091,77.612057,2026-01-19,18:00:00,2026-01-19 18:00:00,18,19,Monday,1,False,12.958228,77.610735,2026-01-19 18:00:00,0.5904836426239409,0.0,55.58384050160763,0.04714264864363346,0.6553984735049202
2,12.953759,77.609976,2026-01-20,01:00:00,2026-01-20 01:00:00,1,20,Tuesday,1,False,12.953091,77.612057,2026-01-19 18:00:00,0.24329940389085283,0.034757057698693264,55.827139905498484,0.04714264864363346,0.6553984735049202
2,12.9536,77.614209,2026-01-20,01:00:00,2026-01-20 01:00:00,1,20,Tuesday,1,False,12.953759,77.609976,2026-01-20 01:00:00,0.4715498643879467,0.0,56.29868976988643,0.04714264864363346,0.6553984735049202
2,12.955526,77.610347,2026-01-20,07:00:00,2026-01-20 07:00:00,7,20,Tuesday,1,False,12.9536,77.614209,2026-01-20 01:00:00,0.4804140963497081,0.08006901605828469,56.77910386623614,0.04714264864363346,0.6553984735049202
2,12.956851,77.611148,2026-01-20,07:00:00,2026-01-20 07:00:00,7,20,Tuesday,1,False,12.955526,77.610347,2026-01-20 07:00:00,0.1723565083101922,0.0,56.95146037454633,0.04714264864363346,0.6553984735049202
2,12.956967,77.613335,2026-01-20,13:00:00,2026-01-20 13:00:00,13,20,Tuesday,1,False,12.956851,77.611148,2026-01-20 07:00:00,0.24379905990644501,0.04063317665107417,57.19525943445278,0.04714264864363346,0.6553984735049202
2,12.952472,77.612217,2026-01-20,19:00:00,2026-01-20 19:00:00,19,20,Tuesday,1,False,12.956967,77.613335,2026-01-20 13:00:00,0.5156285321749796,0.08593808869582993,57.71088796662776,0.04714264864363346,0.6553984735049202
2,12.953519,77.612375,2026-01-20,19:00:00,2026-01-20 19:00:00,19,20,Tuesday,1,False,12.952472,77.612217,2026-01-20 19:00:00,0.11787169071081492,0.0,57.82875965733857,0.04714264864363346,0.6553984735049202
2,12.94757,77.612509,2026-01-21,02:00:00,2026-01-21 02:00:00,2,21,Wednesday,1,False,12.953519,77.612375,2026-01-20 19:00:00,0.6624106585211511,0.09463009407445015,58.49117031585972,0.04714264864363346,0.6553984735049202
2,12.954765,77.610435,2026-01-21,02:00:00,2026-01-21 02:00:00,2,21,Wednesday,1,False,12.94757,77.612509,2026-01-21 02:00:00,0.8335593804218258,0.0,59.32472969628155,0.04714264864363346,0.6553984735049202
2,12.952343,77.614548,2026-01-21,08:00:00,2026-01-21 08:00:00,8,21,Wednesday,1,False,12.954765,77.610435,2026-01-21 02:00:00,0.531345799507826,0.08855763325130434,59.856075495789376,0.04714264864363346,0.6553984735049202
2,12.952025,77.612821,2026-01-21,14:00:00,2026-01-21 14:00:00,14,21,Wednesday,1,False,12.952343,77.614548,2026-01-21 08:00:00,0.19548162851862452,0.032580271419770754,60.051557124308,0.04714264864363346,0.6553984735049202
2,12.955822,77.613193,2026-01-21,20:00:00,2026-01-21 20:00:00,20,21,Wednesday,1,False,12.952025,77.612821,2026-01-21 14:00:00,0.4247057583460703,0.07078429305767837,60.47626288265407,0.04714264864363346,0.6553984735049202
2,12.958416,77.607536,2026-01-21,20:00:00,2026-01-21 20:00:00,20,21,Wednesday,1,False,12.955822,77.613193,2026-01-21 20:00:00,0.6927868974951729,0.0,61.169049780149244,0.04714264864363346,0.6553984735049202
2,12.954076,77.61414,2026-01-22,03:00:00,2026-01-22 03:00:00,3,22,Thursday,1,False,12.958416,77.607536,2026-01-21 20:00:00,0.8796986209651508,0.12567123156645013,62.048748401114395,0.04714264864363346,0.6553984735049202
2,12.953521,77.612477,2026-01-22,03:00:00,2026-01-22 03:00:00,3,22,Thursday,1,False,12.954076,77.61414,2026-01-22 03:00:00,0.19516253361777428,0.0,62.24391093473217,0.04714264864363346,0.6553984735049202
2,12.954027,77.614641,2026-01-22,09:00:00,2026-01-22 09:00:00,9,22,Thursday,1,False,12.953521,77.612477,2026-01-22 03:00:00,0.24739431814073773,0.04123238635678962,62.491305252872905,0.04714264864363346,0.6553984735049202
2,12.95141,77.613761,2026-01-22,15:00:00,2026-01-22 15:00:00,15,22,Thursday,1,False,12.954027,77.614641,2026-01-22 09:00:00,0.3073538749001319,0.05122564581668865,62.798659127773035,0.04714264864363346,0.6553984735049202
2,12.953185,77.608647,2026-01-22,21:00:00,2026-01-22 21:00:00,21,22,Thursday,1,False,12.95141,77.613761,2026-01-22 15:00:00,0.6026065418385453,0.10043442363975756,63.40126566961158,0.04714264864363346,0.6553984735049202
2,12.954426,77.612117,2026-01-22,21:00:00,2026-01-22 21:00:00,21,22,Thursday,1,False,12.953185,77.608647,2026-01-22 21:00:00,0.4102407226045445,0.0,63.811506392216124,0.04714264864363346,0.6553984735049202
2,12.956018,77.614299,2026-01-23,04:00:00,2026-01-23 04:00:00,4,23,Friday,1,False,12.954426,77.612117,2026-01-22 21:00:00,0.3006791735189009,0.04295416764555727,64.11218556573503,0.04714264864363346,0.6553984735049202
2,12.955207,77.611142,2026-01-23,04:00:00,2026-01-23 04:00:00,4,23,Friday,1,False,12.956018,77.614299,2026-01-23 04:00:00,0.3628480480179367,0.0,64.47503361375297,0.04714264864363346,0.6553984735049202
2,12.952085,77.614625,2026-01-23,10:00:00,2026-01-23 10:00:00,10,23,Friday,1,False,12.955207,77.611142,2026-01-23 04:00:00,0.5206893846315956,0.08678156410526594,64.99572299838457,0.04714264864363346,0.6553984735049202
2,12.954858,77.606943,2026-01-23,16:00:00,2026-01-23 16:00:00,16,23,Friday,1,False,12.952085,77.614625,2026-01-23 10:00:00,0.9091692771064427,0.1515282128510738,65.90489227549101,0.04714264864363346,0.6553984735049202
2,12.949902,77.611995,2026-01-23,22:00:00,2026-01-23 22:00:00,22,23,Friday,1,False,12.954858,77.606943,2026-01-23 16:00:00,0.787817231933738,0.13130287198895632,66.69270950742474,0.04714264864363346,0.6553984735049202
2,12.951507,77.614235,2026-01-23,22:00:00,2026-01-23 22:00:00,22,23,Friday,1,False,12.949902,77.611995,2026-01-23 22:00:00,0.3067593231382075,0.0,66.99946883056295,0.04714264864363346,0.6553984735049202
2,12.953055,77.613686,2026-01-24,05:00:00,2026-01-24 05:00:00,5,24,Saturday,1,True,12.951507,77.614235,2026-01-23 22:00:00,0.18283966887178282,0.026119952695968975,67.18230849943473,0.04714264864363346,0.6553984735049202
2,12.955894,77.614704,2026-01-24,05:00:00,2026-01-24 05:00:00,5,24,Saturday,1,True,12.953055,77.613686,2026-01-24 05:00:00,0.335740916996014,0.0,67.51804941643074,0.04714264864363346,0.6553984735049202
2,12.9561,77.614127,2026-01-24,11:00:00,2026-01-24 11:00:00,11,24,Saturday,1,True,12.955894,77.614704,2026-01-24 05:00:00,0.0682024671992735,0.011367077866545583,67.58625188363001,0.04714264864363346,0.6553984735049202
2,12.950678,77.609615,2026-01-24,17:00:00,2026-01-24 17:00:00,17,24,Saturday,1,True,12.9561,77.614127,2026-01-24 11:00:00,0.785230069891492,0.13087167831524868,68.37148195352151,0.04714264864363346,0.6553984735049202
2,12.952285,77.612979,2026-01-24,23:00:00,2026-01-24 23:00:00,23,24,Saturday,1,True,12.950678,77.609615,2026-01-24 17:00:00,0.4150153077284988,0.0691692179547498,68.78649726125,0.04714264864363346,0.6553984735049202
2,12.955702,77.610602,2026-01-24,23:00:00,2026-01-24 23:00:00,23,24,Saturday,1,True,12.952285,77.612979,2026-01-24 23:00:00,0.4633643083803095,0.0,69.24986156963031,0.04714264864363346,0.6553984735049202
2,12.951295,77.614506,2026-01-25,00:00:00,2026-01-25 00:00:00,0,25,Sunday,1,True,12.955702,77.610602,2026-01-24 23:00:00,0.6553984735049202,0.6553984735049202,69.90526004313524,0.04714264864363346,0.6553984735049202
2,12.953325,77.611381,2026-01-25,00:00:00,2026-01-25 00:00:00,0,25,Sunday,1,True,12.951295,77.614506,2026-01-25 00:00:00,0.4148298389002616,0.0,70.3200898820355,0.04714264864363346,0.6553984735049202
2,12.952438,77.614385,2026-01-25,06:00:00,2026-01-25 06:00:00,6,25,Sunday,1,True,12.953325,77.611381,2026-01-25 00:00:00,0.3486784260261468,0.0581130710043578,70.66876830806164,0.04714264864363346,0.6553984735049202
2,12.952779,77.611929,2026-01-25,06:00:00,2026-01-25 06:00:00,6,25,Sunday,1,True,12.952438,77.614385,2026-01-25 06:00:00,0.2760246013850835,0.0,70.94479290944673,0.04714264864363346,0.6553984735049202
2,12.95072,77.612365,2026-01-25,12:00:00,2026-01-25 12:00:00,12,25,Sunday,1,True,12.952779,77.611929,2026-01-25 06:00:00,0.2342903091372972,0.0390483848562162,71.17908321858403,0.04714264864363346,0.6553984735049202
2,12.954807,77.613451,2026-01-25,18:00:00,2026-01-25 18:00:00,18,25,Sunday,1,True,12.95072,77.612365,2026-01-25 12:00:00,0.4707528532194525,0.07845880886990875,71.64983607180348,0.04714264864363346,0.6553984735049202
2,12.956515,77.609506,2026-01-26,01:00:00,2026-01-26 01:00:00,1,26,Monday,1,False,12.954807,77.613451,2026-01-25 18:00:00,0.4785502825004588,0.0683643260714941,72.12838635430394,0.04714264864363346,0.6553984735049202
2,12.954704,77.61316,2026-01-26,01:00:00,2026-01-26 01:00:00,1,26,Monday,1,False,12.956515,77.609506,2026-01-26 01:00:00,0.4539814265147771,0.0,72.58236778081871,0.04714264864363346,0.6553984735049202
2,12.953225,77.60835,2026-01-26,07:00:00,2026-01-26 07:00:00,7,26,Monday,1,False,12.954704,77.61316,2026-01-26 01:00:00,0.5601900803685079,0.09336501339475133,73.14255786118723,0.04714264864363346,0.6553984735049202
2,12.951466,77.614699,2026-01-26,07:00:00,2026-01-26 07:00:00,7,26,Monday,1,False,12.953225,77.60835,2026-01-26 07:00:00,0.733394223086612,0.0,73.87595208427383,0.04714264864363346,0.6553984735049202
2,12.954289,77.610656,2026-01-26,13:00:00,2026-01-26 13:00:00,13,26,Monday,1,False,12.951466,77.614699,2026-01-26 07:00:00,0.5489236269800026,0.09148727116333377,74.42487571125383,0.04714264864363346,0.6553984735049202
2,12.952975,77.61541,2026-01-26,19:00:00,2026-01-26 19:00:00,19,26,Monday,1,False,12.954289,77.610656,2026-01-26 13:00:00,0.5490583175617001,0.09150971959361669,74.97393402881553,0.04714264864363346,0.6553984735049202
2,12.95459,77.612242,2026-01-27,02:00:00,2026-01-27 02:00:00,2,27,Tuesday,1,False,12.952975,77.61541,2026-01-26 19:00:00,0.3958431666426576,0.056549023806093945,75.3697771954582,0.04714264864363346,0.6553984735049202
2,12.954067,77.613864,2026-01-27,02:00:00,2026-01-27 02:00:00,2,27,Tuesday,1,False,12.95459,77.612242,2026-01-27 02:00:00,0.1897153116774627,0.0,75.55949250713566,0.04714264864363346,0.6553984735049202
2,12.954037,77.611922,2026-01-27,08:00:00,2026-01-27 08:00:00,8,27,Tuesday,1,False,12.954067,77.613864,2026-01-27 02:00:00,0.21620923351785418,0.0360348722529757,75.77570174065352,0.04714264864363346,0.6553984735049202
2,12.952184,77.611649,2026-01-27,08:00:00,2026-01-27 08:00:00,8,27,Tuesday,1,False,12.954037,77.611922,2026-01-27 08:00:00,0.20850262745309153,0.0,75.9842043681066,0.04714264864363346,0.6553984735049202
2,12.952038,77.610575,2026-01-27,14:00:00,2026-01-27 14:00:00,14,27,Tuesday,1,False,12.952184,77.611649,2026-01-27 08:00:00,0.12065732366688471,0.020109553944480784,76.1048616917735,0.04714264864363346,0.6553984735049202
2,12.953339,77.613678,2026-01-27,20:00:00,2026-01-27 20:00:00,20,27,Tuesday,1,False,12.952038,77.610575,2026-01-27 14:00:00,0.37455846868009574,0.06242641144668262,76.47942016045359,0.04714264864363346,0.6553984735049202
2,12.957285,77.613452,2026-01-28,03:00:00,2026-01-28 03:00:00,3,28,Wednesday,1,False,12.953339,77.613678,2026-01-27 20:00:00,0.43998857875601266,0.06285551125085895,76.9194087392096,0.04714264864363346,0.6553984735049202
2,12.955424,77.614776,2026-01-28,03:00:00,2026-01-28 03:00:00,3,28,Wednesday,1,False,12.957285,77.613452,2026-01-28 03:00:00,0.25424613118993206,0.0,77.17365487039953,0.04714264864363346,0.6553984735049202
2,12.95205,77.612948,2026-01-28,09:00:00,2026-01-28 09:00:00,9,28,Wednesday,1,False,12.955424,77.614776,2026-01-28 03:00:00,0.4271767751478601,0.07119612919131002,77.60083164554739,0.04714264864363346,0.6553984735049202
2,12.958274,77.613852,2026-01-28,09:00:00,2026-01-28 09:00:00,9,28,Wednesday,1,False,12.95205,77.612948,2026-01-28 09:00:00,0.700125738958053,0.0,78.30095738450544,0.04714264864363346,0.6553984735049202
2,12.956698,77.612666,2026-01-28,15:00:00,2026-01-28 15:00:00,15,28,Wednesday,1,False,12.958274,77.613852,2026-01-28 09:00:00,0.2195678569660807,0.036594642827680116,78.52052524147152,0.04714264864363346,0.6553984735049202
2,12.955992,77.612472,2026-01-28,21:00:00,2026-01-28 21:00:00,21,28,Wednesday,1,False,12.956698,77.612666,2026-01-28 15:00:00,0.08150509530498912,0.01358418255083152,78.60203033677651,0.04714264864363346,0.6553984735049202
2,12.956607,77.611647,2026-01-29,04:00:00,2026-01-29 04:00:00,4,29,Thursday,1,False,12.955992,77.612472,2026-01-28 21:00:00,0.11454876682038381,0.016364109545769116,78.7165791035969,0.04714264864363346,0.6553984735049202
2,12.952978,77.611872,2026-01-29,04:00:00,2026-01-29 04:00:00,4,29,Thursday,1,False,12.956607,77.611647,2026-01-29 04:00:00,0.40475599913761595,0.0,79.1213351027345,0.04714264864363346,0.6553984735049202
2,12.957074,77.609888,2026-01-29,10:00:00,2026-01-29 10:00:00,10,29,Thursday,1,False,12.952978,77.611872,2026-01-29 04:00:00,0.5066402023357677,0.08444003372262794,79.62797530507028,0.04714264864363346,0.6553984735049202
2,12.955369,77.612956,2026-01-29,10:00:00,2026-01-29 10:00:00,10,29,Thursday,1,False,12.957074,77.609888,2026-01-29 10:00:00,0.3907260481795248,0.0,80.01870135324981,0.04714264864363346,0.6553984735049202
2,12.958042,77.609006,2026-01-29,16:00:00,2026-01-29 16:00:00,16,29,Thursday,1,False,12.955369,77.612956,2026-01-29 10:00:00,0.5309325563593776,0.0884887593932296,80.54963390960918,0.04714264864363346,0.6553984735049202
2,12.956776,77.612254,2026-01-29,22:00:00,2026-01-29 22:00:00,22,29,Thursday,1,False,12.958042,77.609006,2026-01-29 16:00:00,0.38806254186895983,0.06467709031149331,80.93769645147815,0.04714264864363346,0.6553984735049202
2,12.955628,77.616266,2026-01-30,05:00:00,2026-01-30 05:00:00,5,30,Friday,1,False,12.956776,77.612254,2026-01-29 22:00:00,0.46453994723457437,0.0663628496049392,81.40223639871272,0.04714264864363346,0.6553984735049202
2,12.9599,77.610929,2026-01-30,05:00:00,2026-01-30 05:00:00,5,30,Friday,1,False,12.955628,77.616266,2026-01-30 05:00:00,0.7610051534867723,0.0,82.1632415521995,0.04714264864363346,0.6553984735049202
2,12.956512,77.614135,2026-01-30,11:00:00,2026-01-30 11:00:00,11,30,Friday,1,False,12.9599,77.610929,2026-01-30 05:00:00,0.5192452160148937,0.08654086933581562,82.68248676821439,0.04714264864363346,0.6553984735049202
2,12.954638,77.609856,2026-01-30,11:00:00,2026-01-30 11:00:00,11,30,Friday,1,False,12.956512,77.614135,2026-01-30 11:00:00,0.5200171386384375,0.0,83.20250390685283,0.04714264864363346,0.6553984735049202
2,12.955845,77.616,2026-01-30,17:00:00,2026-01-30 17:00:00,17,30,Friday,1,False,12.954638,77.609856,2026-01-30 11:00:00,0.6970230930150485,0.11617051550250808,83.89952699986787,0.04714264864363346,0.6553984735049202
2,12.954954,77.612014,2026-01-30,23:00:00,2026-01-30 23:00:00,23,30,Friday,1,False,12.955845,77.616,2026-01-30 17:00:00,0.4546720507261389,0.07577867512102315,84.354199050594,0.04714264864363346,0.6553984735049202
3,12.992769,77.566652,2026-01-01,00:00:00,2026-01-01 00:00:00,0,1,Thursday,1,False,,,,0.0,0.0,0.0,0.040196702720808455,0.3950204748276879
3,12.9909,77.565204,2026-01-01,00:00:00,2026-01-01 00:00:00,0,1,Thursday,1,False,12.992769,77.566652,2026-01-01 00:00:00,0.2631927109118319,0.0,0.2631927109118319,0.040196702720808455,0.3950204748276879
3,12.992136,77.561097,2026-01-01,06:00:00,2026-01-01 06:00:00,6,1,Thursday,1,False,12.9909,77.565204,2026-01-01 00:00:00,0.4774466004776854,0.07957443341294757,0.7406393113895173,0.040196702720808455,0.3950204748276879
3,12.994593,77.564406,2026-01-01,06:00:00,2026-01-01 06:00:00,6,1,Thursday,1,False,12.992136,77.561097,2026-01-01 06:00:00,0.4587995425166663,0.0,1.1994388539061835,0.040196702720808455,0.3950204748276879
3,12.995606,77.5641,2026-01-01,12:00:00,2026-01-01 12:00:00,12,1,Thursday,1,False,12.994593,77.564406,2026-01-01 06:00:00,0.11779975815047254,0.019633293025078758,1.3172386120566562,0.040196702720808455,0.3950204748276879
3,12.993743,77.561381,2026-01-01,12:00:00,2026-01-01 12:00:00,12,1,Thursday,1,False,12.995606,77.5641,2026-01-01 12:00:00,0.3669126451283661,0.0,1.6841512571850221,0.040196702720808455,0.3950204748276879
3,12.992898,77.565254,2026-01-01,18:00:00,2026-01-01 18:00:00,18,1,Thursday,1,False,12.993743,77.561381,2026-01-01 12:00:00,0.4412845273328795,0.07354742122214658,2.1254357845179017,0.040196702720808455,0.3950204748276879
3,12.993232,77.566334,2026-01-02,01:00:00,2026-01-02 01:00:00,1,2,Friday,1,False,12.992898,77.565254,2026-01-01 18:00:00,0.1258436042593555,0.0179776577513365,2.2512793887772573,0.040196702720808455,0.3950204748276879
3,12.994211,77.56443,2026-01-02,01:00:00,2026-01-02 01:00:00,1,2,Friday,1,False,12.993232,77.566334,2026-01-02 01:00:00,0.23833029655617474,0.0,2.489609685333432,0.040196702720808455,0.3950204748276879
3,12.998627,77.564022,2026-01-02,07:00:00,2026-01-02 07:00:00,7,2,Friday,1,False,12.994211,77.56443,2026-01-02 01:00:00,0.49368280149810384,0.08228046691635064,2.9832924868315356,0.040196702720808455,0.3950204748276879
3,12.991378,77.559603,2026-01-02,07:00:00,2026-01-02 07:00:00,7,2,Friday,1,False,12.998627,77.564022,2026-01-02 07:00:00,0.9450770486389815,0.0,3.9283695354705173,0.040196702720808455,0.3950204748276879
3,12.994572,77.563971,2026-01-02,13:00:00,2026-01-02 13:00:00,13,2,Friday,1,False,12.991378,77.559603,2026-01-02 07:00:00,0.6023745223222297,0.10039575372037161,4.530744057792747,0.040196702720808455,0.3950204748276879
3,12.996413,77.562736,2026-01-02,13:00:00,2026-01-02 13:00:00,13,2,Friday,1,False,12.994572,77.563971,2026-01-02 13:00:00,0.2467818027681608,0.0,4.777525860560908,0.040196702720808455,0.3950204748276879
3,12.993958,77.562315,2026-01-02,19:00:00,2026-01-02 19:00:00,19,2,Friday,1,False,12.996413,77.562736,2026-01-02 13:00:00,0.2772799086835935,0.04621331811393225,5.054805769244501,0.040196702720808455,0.3950204748276879
3,12.99031,77.563277,2026-01-03,02:00:00,2026-01-03 02:00:00,2,3,Saturday,1,True,12.993958,77.562315,2026-01-02 19:00:00,0.41997818424865047,0.059996883464092925,5.4747839534931515,0.040196702720808455,0.3950204748276879
3,12.991273,77.562872,2026-01-03,02:00:00,2026-01-03 02:00:00,2,3,Saturday,1,True,12.99031,77.563277,2026-01-03 02:00:00,0.11629578609100115,0.0,5.591079739584153,0.040196702720808455,0.3950204748276879
3,12.992569,77.563087,2026-01-03,08:00:00,2026-01-03 08:00:00,8,3,Saturday,1,True,12.991273,77.562872,2026-01-03 02:00:00,0.14624249530058717,0.024373749216764527,5.73732223488474,0.040196702720808455,0.3950204748276879
3,12.993085,77.563541,2026-01-03,08:00:00,2026-01-03 08:00:00,8,3,Saturday,1,True,12.992569,77.563087,2026-01-03 08:00:00,0.07650948365948466,0.0,5.8138317185442245,0.040196702720808455,0.3950204748276879
3,12.992827,77.562215,2026-01-03,14:00:00,2026-01-03 14:00:00,14,3,Saturday,1,True,12.993085,77.563541,2026-01-03 08:00:00,0.1503784463858249,0.025063074397637483,5.96421016493005,0.040196702720808455,0.3950204748276879
3,12.993124,77.565502,2026-01-03,14:00:00,2026-01-03 14:00:00,14,3,Saturday,1,True,12.992827,77.562215,2026-01-03 14:00:00,0.36739947969359843,0.0,6.331609644623648,0.040196702720808455,0.3950204748276879
3,12.994403,77.567923,2026-01-03,20:00:00,2026-01-03 20:00:00,20,3,Saturday,1,True,12.993124,77.565502,2026-01-03 14:00:00,0.3048030638434899,0.05080051064058164,6.636412708467137,0.040196702720808455,0.3950204748276879
3,12.996619,77.565241,2026-01-04,03:00:00,2026-01-04 03:00:00,3,4,Sunday,1,True,12.994403,77.567923,2026-01-03 20:00:00,0.3872877035716999,0.05532681479595713,7.0237004120388375,0.040196702720808455,0.3950204748276879
3,12.996829,77.560942,2026-01-04,03:00:00,2026-01-04 03:00:00,3,4,Sunday,1,True,12.996619,77.565241,2026-01-04 03:00:00,0.47913531118429875,0.0,7.502835723223137,0.040196702720808455,0.3950204748276879
3,12.996465,77.563648,2026-01-04,09:00:00,2026-01-04 09:00:00,9,4,Sunday,1,True,12.996829,77.560942,2026-01-04 03:00:00,0.30394502615858177,0.05065750435976363,7.806780749381718,0.040196702720808455,0.3950204748276879
3,12.992141,77.562604,2026-01-04,09:00:00,2026-01-04 09:00:00,9,4,Sunday,1,True,12.996465,77.563648,2026-01-04 09:00:00,0.4951789890135753,0.0,8.301959738395293,0.040196702720808455,0.3950204748276879
3,12.994613,77.563141,2026-01-04,15:00:00,2026-01-04 15:00:00,15,4,Sunday,1,True,12.992141,77.562604,2026-01-04 09:00:00,0.28160116337729685,0.04693352722954947,8.583560901772591,0.040196702720808455,0.3950204748276879
3,12.992512,77.567523,2026-01-04,15:00:00,2026-01-04 15:00:00,15,4,Sunday,1,True,12.994613,77.563141,2026-01-04 15:00:00,0.5409754004900551,0.0,9.124536302262646,0.040196702720808455,0.3950204748276879
3,12.993595,77.557988,2026-01-04,21:00:00,2026-01-04 21:00:00,21,4,Sunday,1,True,12.992512,77.567523,2026-01-04 15:00:00,1.0682609298189893,0.17804348830316488,10.192797232081634,0.040196702720808455,0.3950204748276879
3,12.997495,77.563299,2026-01-05,04:00:00,2026-01-05 04:00:00,4,5,Monday,1,False,12.993595,77.557988,2026-01-04 21:00:00,0.7335026851852826,0.1047860978836118,10.926299917266917,0.040196702720808455,0.3950204748276879
3,12.993585,77.565112,2026-01-05,04:00:00,2026-01-05 04:00:00,4,5,Monday,1,False,12.997495,77.563299,2026-01-05 04:00:00,0.4797758853234227,0.0,11.40607580259034,0.040196702720808455,0.3950204748276879
3,12.992271,77.564239,2026-01-05,10:00:00,2026-01-05 10:00:00,10,5,Monday,1,False,12.993585,77.565112,2026-01-05 04:00:00,0.17561501813448105,0.029269169689080176,11.581690820724821,0.040196702720808455,0.3950204748276879
3,12.993642,77.564768,2026-01-05,10:00:00,2026-01-05 10:00:00,10,5,Monday,1,False,12.992271,77.564239,2026-01-05 10:00:00,0.1635867001140447,0.0,11.745277520838865,0.040196702720808455,0.3950204748276879
3,12.99229,77.562286,2026-01-05,16:00:00,2026-01-05 16:00:00,16,5,Monday,1,False,12.993642,77.564768,2026-01-05 10:00:00,0.3146287636241541,0.05243812727069235,12.05990628446302,0.040196702720808455,0.3950204748276879
3,12.989747,77.557823,2026-01-05,16:00:00,2026-01-05 16:00:00,16,5,Monday,1,False,12.99229,77.562286,2026-01-05 16:00:00,0.5718123632025153,0.0,12.631718647665535,0.040196702720808455,0.3950204748276879
3,12.992141,77.562514,2026-01-05,22:00:00,2026-01-05 22:00:00,22,5,Monday,1,False,12.989747,77.557823,2026-01-05 16:00:00,0.5862741225500608,0.09771235375834347,13.217992770215597,0.040196702720808455,0.3950204748276879
3,12.995006,77.559484,2026-01-06,05:00:00,2026-01-06 05:00:00,5,6,Tuesday,1,False,12.992141,77.562514,2026-01-05 22:00:00,0.46420740322731713,0.06631534331818816,13.682200173442913,0.040196702720808455,0.3950204748276879
3,12.998634,77.566817,2026-01-06,05:00:00,2026-01-06 05:00:00,5,6,Tuesday,1,False,12.995006,77.559484,2026-01-06 05:00:00,0.9107532237655175,0.0,14.592953397208431,0.040196702720808455,0.3950204748276879
3,12.997987,77.565718,2026-01-06,11:00:00,2026-01-06 11:00:00,11,6,Tuesday,1,False,12.998634,77.566817,2026-01-06 05:00:00,0.14196726496157272,0.023661210826928788,14.734920662170003,0.040196702720808455,0.3950204748276879
3,12.990516,77.562402,2026-01-06,11:00:00,2026-01-06 11:00:00,11,6,Tuesday,1,False,12.997987,77.565718,2026-01-06 11:00:00,0.9099121183991457,0.0,15.64483278056915,0.040196702720808455,0.3950204748276879
3,12.992565,77.561902,2026-01-06,17:00:00,2026-01-06 17:00:00,17,6,Tuesday,1,False,12.990516,77.562402,2026-01-06 11:00:00,0.23478760325962267,0.039131267209937114,15.879620383828772,0.040196702720808455,0.3950204748276879
3,12.995147,77.560929,2026-01-06,17:00:00,2026-01-06 17:00:00,17,6,Tuesday,1,False,12.992565,77.561902,2026-01-06 17:00:00,0.3071595574480121,0.0,16.186779941276782,0.040196702720808455,0.3950204748276879
3,12.997089,77.566471,2026-01-06,23:00:00,2026-01-06 23:00:00,23,6,Tuesday,1,False,12.995147,77.560929,2026-01-06 17:00:00,0.6537160062741696,0.1089526677123616,16.840495947550952,0.040196702720808455,0.3950204748276879
3,12.994038,77.564659,2026-01-07,00:00:00,2026-01-07 00:00:00,0,7,Wednesday,1,False,12.997089,77.566471,2026-01-06 23:00:00,0.3950204748276879,0.3950204748276879,17.23551642237864,0.040196702720808455,0.3950204748276879
3,12.992204,77.565491,2026-01-07,06:00:00,2026-01-07 06:00:00,6,7,Wednesday,1,False,12.994038,77.564659,2026-01-07 00:00:00,0.22418698290234892,0.03736449715039149,17.45970340528099,0.040196702720808455,0.3950204748276879
3,12.997743,77.562266,2026-01-07,06:00:00,2026-01-07 06:00:00,6,7,Wednesday,1,False,12.992204,77.565491,2026-01-07 06:00:00,0.7135008137257549,0.0,18.173204219006745,0.040196702720808455,0.3950204748276879
3,12.997667,77.562068,2026-01-07,12:00:00,2026-01-07 12:00:00,12,7,Wednesday,1,False,12.997743,77.562266,2026-01-07 06:00:00,0.023609289805912367,0.003934881634318728,18.196813508812657,0.040196702720808455,0.3950204748276879
3,12.996796,77.559239,2026-01-07,12:00:00,2026-01-07 12:00:00,12,7,Wednesday,1,False,12.997667,77.562068,2026-01-07 12:00:00,0.3295125026996532,0.0,18.52632601151231,0.040196702720808455,0.3950204748276879
3,12.99749,77.564554,2026-01-07,18:00:00,2026-01-07 18:00:00,18,7,Wednesday,1,False,12.996796,77.559239,2026-01-07 12:00:00,0.5966882944939452,0.0994480490823242,19.123014306006255,0.040196702720808455,0.3950204748276879
3,12.995162,77.562315,2026-01-07,18:00:00,2026-01-07 18:00:00,18,7,Wednesday,1,False,12.99749,77.564554,2026-01-07 18:00:00,0.3595602397059175,0.0,19.482574545712172,0.040196702720808455,0.3950204748276879
3,12.995102,77.561907,2026-01-08,01:00:00,2026-01-08 01:00:00,1,8,Thursday,1,False,12.995162,77.562315,2026-01-07 18:00:00,0.045907050711688456,0.00655815010166978,19.528481596423862,0.040196702720808455,0.3950204748276879
3,12.994068,77.564936,2026-01-08,07:00:00,2026-01-08 07:00:00,7,8,Thursday,1,False,12.995102,77.561907,2026-01-08 01:00:00,0.3562935160355713,0.05938225267259522,19.884775112459433,0.040196702720808455,0.3950204748276879
3,12.995683,77.56191,2026-01-08,07:00:00,2026-01-08 07:00:00,7,8,Thursday,1,False,12.994068,77.564936,2026-01-08 07:00:00,0.38182761622790845,0.0,20.266602728687342,0.040196702720808455,0.3950204748276879
3,12.992434,77.562855,2026-01-08,13:00:00,2026-01-08 13:00:00,13,8,Thursday,1,False,12.995683,77.56191,2026-01-08 07:00:00,0.3766669092624951,0.06277781821041585,20.643269637949835,0.040196702720808455,0.3950204748276879
3,12.994977,77.563863,2026-01-08,13:00:00,2026-01-08 13:00:00,13,8,Thursday,1,False,12.992434,77.562855,2026-01-08 13:00:00,0.30451489858929476,0.0,20.94778453653913,0.040196702720808455,0.3950204748276879
3,12.996356,77.562105,2026-01-08,19:00:00,2026-01-08 19:00:00,19,8,Thursday,1,False,12.994977,77.563863,2026-01-08 13:00:00,0.248724979143202,0.04145416319053367,21.196509515682333,0.040196702720808455,0.3950204748276879
3,12.994698,77.564779,2026-01-08,19:00:00,2026-01-08 19:00:00,19,8,Thursday,1,False,12.996356,77.562105,2026-01-08 19:00:00,0.35024675834579916,0.0,21.546756274028134,0.040196702720808455,0.3950204748276879
3,12.995781,77.563941,2026-01-09,02:00:00,2026-01-09 02:00:00,2,9,Friday,1,False,12.994698,77.564779,2026-01-08 19:00:00,0.15243659388401626,0.02177665626914518,21.69919286791215,0.040196702720808455,0.3950204748276879
3,12.995016,77.564523,2026-01-09,08:00:00,2026-01-09 08:00:00,8,9,Friday,1,False,12.995781,77.563941,2026-01-09 02:00:00,0.10700330638931342,0.017833884398218904,21.806196174301462,0.040196702720808455,0.3950204748276879
3,12.994981,77.56382,2026-01-09,08:00:00,2026-01-09 08:00:00,8,9,Friday,1,False,12.995016,77.564523,2026-01-09 08:00:00,0.07835488930232559,0.0,21.884551063603787,0.040196702720808455,0.3950204748276879
3,12.994782,77.563819,2026-01-09,14:00:00,2026-01-09 14:00:00,14,9,Friday,1,False,12.994981,77.56382,2026-01-09 08:00:00,0.022152959696566974,0.003692159949427829,21.906704023300357,0.040196702720808455,0.3950204748276879
3,12.995806,77.567634,2026-01-09,14:00:00,2026-01-09 14:00:00,14,9,Friday,1,False,12.994782,77.563819,2026-01-09 14:00:00,0.4397182414127573,0.0,22.346422264713112,0.040196702720808455,0.3950204748276879
3,12.994455,77.566645,2026-01-09,20:00:00,2026-01-09 20:00:00,20,9,Friday,1,False,12.995806,77.567634,2026-01-09 14:00:00,0.18638445594293124,0.03106407599048854,22.532806720656044,0.040196702720808455,0.3950204748276879
3,12.995799,77.563893,2026-01-09,20:00:00,2026-01-09 20:00:00,20,9,Friday,1,False,12.994455,77.566645,2026-01-09 20:00:00,0.34093447019811324,0.0,22.873741190854158,0.040196702720808455,0.3950204748276879
3,12.993773,77.563878,2026-01-10,03:00:00,2026-01-10 03:00:00,3,10,Saturday,1,True,12.995799,77.563893,2026-01-09 20:00:00,0.2255405013072741,0.03222007161532487,23.09928169216143,0.040196702720808455,0.3950204748276879
3,12.994227,77.561515,2026-01-10,09:00:00,2026-01-10 09:00:00,9,10,Saturday,1,True,12.993773,77.563878,2026-01-10 03:00:00,0.2678601862908862,0.04464336438181437,23.367141878452315,0.040196702720808455,0.3950204748276879
3,12.99438,77.566432,2026-01-10,09:00:00,2026-01-10 09:00:00,9,10,Saturday,1,True,12.994227,77.561515,2026-01-10 09:00:00,0.5476253636740814,0.0,23.9147672421264,0.040196702720808455,0.3950204748276879
3,12.99775,77.562888,2026-01-10,15:00:00,2026-01-10 15:00:00,15,10,Saturday,1,True,12.99438,77.566432,2026-01-10 09:00:00,0.5444087044398912,0.0907347840733152,24.45917594656629,0.040196702720808455,0.3950204748276879
3,12.995844,77.562819,2026-01-10,15:00:00,2026-01-10 15:00:00,15,10,Saturday,1,True,12.99775,77.562888,2026-01-10 15:00:00,0.21231490766737215,0.0,24.67149085423366,0.040196702720808455,0.3950204748276879
3,12.994537,77.563156,2026-01-10,21:00:00,2026-01-10 21:00:00,21,10,Saturday,1,True,12.995844,77.562819,2026-01-10 15:00:00,0.15025387876164184,0.025042313126940306,24.821744732995302,0.040196702720808455,0.3950204748276879
3,12.99495,77.562774,2026-01-10,21:00:00,2026-01-10 21:00:00,21,10,Saturday,1,True,12.994537,77.563156,2026-01-10 21:00:00,0.0626260834207359,0.0,24.88437081641604,0.040196702720808455,0.3950204748276879
3,12.995466,77.560176,2026-01-11,04:00:00,2026-01-11 04:00:00,4,11,Sunday,1,True,12.99495,77.562774,2026-01-10 21:00:00,0.2948585019613139,0.04212264313733056,25.179229318377352,0.040196702720808455,0.3950204748276879
3,12.995408,77.564967,2026-01-11,10:00:00,2026-01-11 10:00:00,10,11,Sunday,1,True,12.995466,77.560176,2026-01-11 04:00:00,0.5333732002293439,0.08889553337155731,25.712602518606698,0.040196702720808455,0.3950204748276879
3,12.993283,77.563262,2026-01-11,10:00:00,2026-01-11 10:00:00,10,11,Sunday,1,True,12.995408,77.564967,2026-01-11 10:00:00,0.3032862274904398,0.0,26.015888746097136,0.040196702720808455,0.3950204748276879
3,12.991666,77.562019,2026-01-11,16:00:00,2026-01-11 16:00:00,16,11,Sunday,1,True,12.993283,77.563262,2026-01-11 10:00:00,0.22704199092305904,0.03784033182050984,26.242930737020195,0.040196702720808455,0.3950204748276879
3,12.9923,77.56448,2026-01-11,16:00:00,2026-01-11 16:00:00,16,11,Sunday,1,True,12.991666,77.562019,2026-01-11 16:00:00,0.28290345821661733,0.0,26.525834195236815,0.040196702720808455,0.3950204748276879
3,12.994536,77.565556,2026-01-11,22:00:00,2026-01-11 22:00:00,22,11,Sunday,1,True,12.9923,77.56448,2026-01-11 16:00:00,0.27623227517425336,0.04603871252904223,26.802066470411066,0.040196702720808455,0.3950204748276879
3,12.991831,77.565759,2026-01-11,22:00:00,2026-01-11 22:00:00,22,11,Sunday,1,True,12.994536,77.565556,2026-01-11 22:00:00,0.30196735509084205,0.0,27.104033825501908,0.040196702720808455,0.3950204748276879
3,12.993887,77.56538,2026-01-12,05:00:00,2026-01-12 05:00:00,5,12,Monday,1,False,12.991831,77.565759,2026-01-11 22:00:00,0.23273008181726518,0.0332471545453236,27.336763907319174,0.040196702720808455,0.3950204748276879
3,12.993542,77.565717,2026-01-12,11:00:00,2026-01-12 11:00:00,11,12,Monday,1,False,12.993887,77.56538,2026-01-12 05:00:00,0.05368740978488844,0.00894790163081474,27.390451317104063,0.040196702720808455,0.3950204748276879
3,12.991729,77.566706,2026-01-12,11:00:00,2026-01-12 11:00:00,11,12,Monday,1,False,12.993542,77.565717,2026-01-12 11:00:00,0.22989911402304636,0.0,27.620350431127108,0.040196702720808455,0.3950204748276879
3,12.994968,77.565228,2026-01-12,17:00:00,2026-01-12 17:00:00,17,12,Monday,1,False,12.991729,77.566706,2026-01-12 11:00:00,0.39633054659702804,0.06605509109950468,28.016680977724135,0.040196702720808455,0.3950204748276879
3,12.991663,77.56011,2026-01-12,17:00:00,2026-01-12 17:00:00,17,12,Monday,1,False,12.994968,77.565228,2026-01-12 17:00:00,0.6782024162908623,0.0,28.694883394015,0.040196702720808455,0.3950204748276879
3,12.995971,77.563846,2026-01-12,23:00:00,2026-01-12 23:00:00,23,12,Monday,1,False,12.991663,77.56011,2026-01-12 17:00:00,0.6347833030873347,0.10579721718122244,29.329666697102333,0.040196702720808455,0.3950204748276879
3,12.991372,77.56415,2026-01-12,23:00:00,2026-01-12 23:00:00,23,12,Monday,1,False,12.995971,77.563846,2026-01-12 23:00:00,0.5130779376451281,0.0,29.84274463474746,0.040196702720808455,0.3950204748276879
3,12.992566,77.564325,2026-01-13,00:00:00,2026-01-13 00:00:00,0,13,Tuesday,1,False,12.991372,77.56415,2026-01-12 23:00:00,0.13433612203558032,0.13433612203558032,29.977080756783042,0.040196702720808455,0.3950204748276879
3,12.994464,77.560247,2026-01-13,00:00:00,2026-01-13 00:00:00,0,13,Tuesday,1,False,12.992566,77.564325,2026-01-13 00:00:00,0.5007233491675642,0.0,30.477804105950607,0.040196702720808455,0.3950204748276879
3,12.995864,77.561778,2026-01-13,06:00:00,2026-01-13 06:00:00,6,13,Tuesday,1,False,12.994464,77.560247,2026-01-13 00:00:00,0.23094436039010108,0.038490726731683515,30.708748466340708,0.040196702720808455,0.3950204748276879
3,12.995623,77.566525,2026-01-13,12:00:00,2026-01-13 12:00:00,12,13,Tuesday,1,False,12.995864,77.561778,2026-01-13 06:00:00,0.529116618896997,0.0881861031494995,31.237865085237704,0.040196702720808455,0.3950204748276879
3,12.995098,77.563801,2026-01-13,12:00:00,2026-01-13 12:00:00,12,13,Tuesday,1,False,12.995623,77.566525,2026-01-13 12:00:00,0.3088162267014147,0.0,31.546681311939118,0.040196702720808455,0.3950204748276879
3,12.9956,77.560641,2026-01-13,18:00:00,2026-01-13 18:00:00,18,13,Tuesday,1,False,12.995098,77.563801,2026-01-13 12:00:00,0.3561823221361962,0.059363720356032705,31.902863634075317,0.040196702720808455,0.3950204748276879
3,12.992184,77.562828,2026-01-13,18:00:00,2026-01-13 18:00:00,18,13,Tuesday,1,False,12.9956,77.560641,2026-01-13 18:00:00,0.4515261194747266,0.0,32.354389753550045,0.040196702720808455,0.3950204748276879
3,12.995128,77.563369,2026-01-14,01:00:00,2026-01-14 01:00:00,1,14,Wednesday,1,False,12.992184,77.562828,2026-01-13 18:00:00,0.33321363738879933,0.047601948198399906,32.68760339093884,0.040196702720808455,0.3950204748276879
3,12.994738,77.566268,2026-01-14,01:00:00,2026-01-14 01:00:00,1,14,Wednesday,1,False,12.995128,77.563369,2026-01-14 01:00:00,0.32562386339027444,0.0,33.01322725432912,0.040196702720808455,0.3950204748276879
3,12.993327,77.564282,2026-01-14,07:00:00,2026-01-14 07:00:00,7,14,Wednesday,1,False,12.994738,77.566268,2026-01-14 01:00:00,0.2711988477557445,0.045199807959290746,33.28442610208486,0.040196702720808455,0.3950204748276879
3,12.993465,77.562925,2026-01-14,13:00:00,2026-01-14 13:00:00,13,14,Wednesday,1,False,12.993327,77.564282,2026-01-14 07:00:00,0.15184035758045125,0.025306726263408543,33.43626645966531,0.040196702720808455,0.3950204748276879
3,12.99167,77.56477,2026-01-14,13:00:00,2026-01-14 13:00:00,13,14,Wednesday,1,False,12.993465,77.562925,2026-01-14 13:00:00,0.2865500918671384,0.0,33.72281655153245,0.040196702720808455,0.3950204748276879
3,12.993147,77.565981,2026-01-14,19:00:00,2026-01-14 19:00:00,19,14,Wednesday,1,False,12.99167,77.56477,2026-01-14 13:00:00,0.21261974292690344,0.03543662382115057,33.93543629445935,0.040196702720808455,0.3950204748276879
3,12.997407,77.562322,2026-01-14,19:00:00,2026-01-14 19:00:00,19,14,Wednesday,1,False,12.993147,77.565981,2026-01-14 19:00:00,0.62513768728289,0.0,34.560573981742245,0.040196702720808455,0.3950204748276879
3,12.993939,77.56553,2026-01-15,02:00:00,2026-01-15 02:00:00,2,15,Thursday,1,False,12.997407,77.562322,2026-01-14 19:00:00,0.5259005638144989,0.07512865197349984,35.08647454555674,0.040196702720808455,0.3950204748276879
3,12.993961,77.565549,2026-01-15,02:00:00,2026-01-15 02:00:00,2,15,Thursday,1,False,12.993939,77.56553,2026-01-15 02:00:00,0.0032359481350736252,0.0,35.08971049369182,0.040196702720808455,0.3950204748276879
3,12.996523,77.56834,2026-01-15,08:00:00,2026-01-15 08:00:00,8,15,Thursday,1,False,12.993961,77.565549,2026-01-15 02:00:00,0.421747466787949,0.07029124446465816,35.51145796047977,0.040196702720808455,0.3950204748276879
3,12.994517,77.563931,2026-01-15,14:00:00,2026-01-15 14:00:00,14,15,Thursday,1,False,12.996523,77.56834,2026-01-15 08:00:00,0.539222371050555,0.0898703951750925,36.05068033153032,0.040196702720808455,0.3950204748276879
3,12.994057,77.565281,2026-01-15,14:00:00,2026-01-15 14:00:00,14,15,Thursday,1,False,12.994517,77.563931,2026-01-15 14:00:00,0.15876667426105837,0.0,36.209447005791375,0.040196702720808455,0.3950204748276879
3,12.995212,77.565965,2026-01-15,20:00:00,2026-01-15 20:00:00,20,15,Thursday,1,False,12.994057,77.565281,2026-01-15 14:00:00,0.14942946811117636,0.024904911351862725,36.358876473902555,0.040196702720808455,0.3950204748276879
3,12.993188,77.561037,2026-01-15,20:00:00,2026-01-15 20:00:00,20,15,Thursday,1,False,12.995212,77.565965,2026-01-15 20:00:00,0.5930521153182631,0.0,36.95192858922082,0.040196702720808455,0.3950204748276879
3,12.998636,77.560854,2026-01-16,03:00:00,2026-01-16 03:00:00,3,16,Friday,1,False,12.993188,77.561037,2026-01-15 20:00:00,0.6068134070346306,0.0866876295763758,37.55874199625545,0.040196702720808455,0.3950204748276879
3,12.994567,77.564723,2026-01-16,03:00:00,2026-01-16 03:00:00,3,16,Friday,1,False,12.998636,77.560854,2026-01-16 03:00:00,0.6250389705568087,0.0,38.18378096681226,0.040196702720808455,0.3950204748276879
3,12.995159,77.565774,2026-01-16,09:00:00,2026-01-16 09:00:00,9,16,Friday,1,False,12.994567,77.564723,2026-01-16 03:00:00,0.13428094682920202,0.022380157804867004,38.31806191364146,0.040196702720808455,0.3950204748276879
3,12.992062,77.558964,2026-01-16,15:00:00,2026-01-16 15:00:00,15,16,Friday,1,False,12.995159,77.565774,2026-01-16 09:00:00,0.83280090135724,0.13880015022620668,39.150862814998696,0.040196702720808455,0.3950204748276879
3,12.994708,77.56641,2026-01-16,15:00:00,2026-01-16 15:00:00,15,16,Friday,1,False,12.992062,77.558964,2026-01-16 15:00:00,0.879669150875966,0.0,40.030531965874665,0.040196702720808455,0.3950204748276879
3,12.996631,77.565272,2026-01-16,21:00:00,2026-01-16 21:00:00,21,16,Friday,1,False,12.994708,77.56641,2026-01-16 15:00:00,0.24874411031369642,0.0414573517189494,40.27927607618836,0.040196702720808455,0.3950204748276879
3,12.99738,77.564736,2026-01-16,21:00:00,2026-01-16 21:00:00,21,16,Friday,1,False,12.996631,77.565272,2026-01-16 21:00:00,0.10252910426523397,0.0,40.3818051804536,0.040196702720808455,0.3950204748276879
3,12.995086,77.561246,2026-01-17,04:00:00,2026-01-17 04:00:00,4,17,Saturday,1,True,12.99738,77.564736,2026-01-16 21:00:00,0.4649197671953933,0.0664171095993419,40.84672494764899,0.040196702720808455,0.3950204748276879
3,12.99671,77.562867,2026-01-17,04:00:00,2026-01-17 04:00:00,4,17,Saturday,1,True,12.995086,77.561246,2026-01-17 04:00:00,0.25543069588913847,0.0,41.102155643538126,0.040196702720808455,0.3950204748276879
3,12.994654,77.5627,2026-01-17,10:00:00,2026-01-17 10:00:00,10,17,Saturday,1,True,12.99671,77.562867,2026-01-17 04:00:00,0.229627689348434,0.038271281558072336,41.33178333288656,0.040196702720808455,0.3950204748276879
3,12.995837,77.566086,2026-01-17,16:00:00,2026-01-17 16:00:00,16,17,Saturday,1,True,12.994654,77.5627,2026-01-17 10:00:00,0.39927250095888445,0.06654541682648074,41.731055833845446,0.040196702720808455,0.3950204748276879
3,12.994869,77.566948,2026-01-17,16:00:00,2026-01-17 16:00:00,16,17,Saturday,1,True,12.995837,77.566086,2026-01-17 16:00:00,0.1442901309779917,0.0,41.87534596482344,0.040196702720808455,0.3950204748276879
3,12.993778,77.563773,2026-01-17,22:00:00,2026-01-17 22:00:00,22,17,Saturday,1,True,12.994869,77.566948,2026-01-17 16:00:00,0.3737253966870462,0.0622875661145077,42.24907136151048,0.040196702720808455,0.3950204748276879
3,12.996611,77.56514,2026-01-17,22:00:00,2026-01-17 22:00:00,22,17,Saturday,1,True,12.993778,77.563773,2026-01-17 22:00:00,0.35016427511083914,0.0,42.59923563662132,0.040196702720808455,0.3950204748276879
3,12.995449,77.562588,2026-01-18,05:00:00,2026-01-18 05:00:00,5,18,Sunday,1,True,12.996611,77.56514,2026-01-17 22:00:00,0.3121518401345859,0.04459312001922656,42.911387476755905,0.040196702720808455,0.3950204748276879
3,12.996431,77.560296,2026-01-18,05:00:00,2026-01-18 05:00:00,5,18,Sunday,1,True,12.995449,77.562588,2026-01-18 05:00:00,0.2775774412324257,0.0,43.188964917988336,0.040196702720808455,0.3950204748276879
3,12.997473,77.56688,2026-01-18,11:00:00,2026-01-18 11:00:00,11,18,Sunday,1,True,12.996431,77.560296,2026-01-18 05:00:00,0.7420529744964108,0.1236754957494018,43.931017892484746,0.040196702720808455,0.3950204748276879
3,12.995575,77.563305,2026-01-18,17:00:00,2026-01-18 17:00:00,17,18,Sunday,1,True,12.997473,77.56688,2026-01-18 11:00:00,0.45057832649949764,0.07509638774991627,44.38159621898424,0.040196702720808455,0.3950204748276879
3,12.996879,77.561289,2026-01-18,17:00:00,2026-01-18 17:00:00,17,18,Sunday,1,True,12.995575,77.563305,2026-01-18 17:00:00,0.26727632950403446,0.0,44.64887254848828,0.040196702720808455,0.3950204748276879
3,12.995936,77.568899,2026-01-18,23:00:00,2026-01-18 23:00:00,23,18,Sunday,1,True,12.996879,77.561289,2026-01-18 17:00:00,0.8536244432536029,0.14227074054226715,45.50249699174188,0.040196702720808455,0.3950204748276879
3,12.993876,77.564815,2026-01-18,23:00:00,2026-01-18 23:00:00,23,18,Sunday,1,True,12.995936,77.568899,2026-01-18 23:00:00,0.509192038958611,0.0,46.01168903070049,0.040196702720808455,0.3950204748276879
3,12.997084,77.564212,2026-01-19,00:00:00,2026-01-19 00:00:00,0,19,Monday,1,False,12.993876,77.564815,2026-01-18 23:00:00,0.3633685504688139,0.3633685504688139,46.37505758116931,0.040196702720808455,0.3950204748276879
3,12.993623,77.564147,2026-01-19,00:00:00,2026-01-19 00:00:00,0,19,Monday,1,False,12.997084,77.564212,2026-01-19 00:00:00,0.3853464607012673,0.0,46.76040404187057,0.040196702720808455,0.3950204748276879
3,12.999681,77.564488,2026-01-19,06:00:00,2026-01-19 06:00:00,6,19,Monday,1,False,12.993623,77.564147,2026-01-19 00:00:00,0.6754440875364611,0.11257401458941019,47.435848129407034,0.040196702720808455,0.3950204748276879
3,12.995801,77.560055,2026-01-19,06:00:00,2026-01-19 06:00:00,6,19,Monday,1,False,12.999681,77.564488,2026-01-19 06:00:00,0.6558050919333684,0.0,48.0916532213404,0.040196702720808455,0.3950204748276879
3,12.999371,77.56237,2026-01-19,12:00:00,2026-01-19 12:00:00,12,19,Monday,1,False,12.995801,77.560055,2026-01-19 06:00:00,0.4736548268804495,0.07894247114674159,48.56530804822085,0.040196702720808455,0.3950204748276879
3,12.995991,77.564446,2026-01-19,18:00:00,2026-01-19 18:00:00,18,19,Monday,1,False,12.999371,77.56237,2026-01-19 12:00:00,0.4415655665230037,0.07359426108716728,49.00687361474385,0.040196702720808455,0.3950204748276879
3,12.994989,77.567292,2026-01-19,18:00:00,2026-01-19 18:00:00,18,19,Monday,1,False,12.995991,77.564446,2026-01-19 18:00:00,0.33587883918027334,0.0,49.34275245392413,0.040196702720808455,0.3950204748276879
3,12.996273,77.564066,2026-01-20,01:00:00,2026-01-20 01:00:00,1,20,Tuesday,1,False,12.994989,77.567292,2026-01-19 18:00:00,0.3865182371894955,0.05521689102707079,49.729270691113626,0.040196702720808455,0.3950204748276879
3,12.998296,77.568568,2026-01-20,01:00:00,2026-01-20 01:00:00,1,20,Tuesday,1,False,12.996273,77.564066,2026-01-20 01:00:00,0.5494353409420617,0.0,50.27870603205569,0.040196702720808455,0.3950204748276879
3,12.993778,77.566726,2026-01-20,07:00:00,2026-01-20 07:00:00,7,20,Tuesday,1,False,12.998296,77.568568,2026-01-20 01:00:00,0.5431376609744046,0.0905229434957341,50.82184369303009,0.040196702720808455,0.3950204748276879
3,12.995068,77.562433,2026-01-20,07:00:00,2026-01-20 07:00:00,7,20,Tuesday,1,False,12.993778,77.566726,2026-01-20 07:00:00,0.4990060895287208,0.0,51.32084978255881,0.040196702720808455,0.3950204748276879
3,12.993898,77.567352,2026-01-20,13:00:00,2026-01-20 13:00:00,13,20,Tuesday,1,False,12.995068,77.562433,2026-01-20 07:00:00,0.5628595146515446,0.09380991910859077,51.88370929721036,0.040196702720808455,0.3950204748276879
3,12.99389,77.564772,2026-01-20,19:00:00,2026-01-20 19:00:00,19,20,Tuesday,1,False,12.993898,77.567352,2026-01-20 13:00:00,0.2872069807092689,0.04786783011821149,52.17091627791962,0.040196702720808455,0.3950204748276879
3,12.996437,77.563333,2026-01-20,19:00:00,2026-01-20 19:00:00,19,20,Tuesday,1,False,12.99389,77.564772,2026-01-20 19:00:00,0.325654859029304,0.0,52.49657113694893,0.040196702720808455,0.3950204748276879
3,12.992816,77.564867,2026-01-21,02:00:00,2026-01-21 02:00:00,2,21,Wednesday,1,False,12.996437,77.563333,2026-01-20 19:00:00,0.4377693075255637,0.06253847250365195,52.93434044447449,0.040196702720808455,0.3950204748276879
3,12.991429,77.56607,2026-01-21,02:00:00,2026-01-21 02:00:00,2,21,Wednesday,1,False,12.992816,77.564867,2026-01-21 02:00:00,0.20438600588821146,0.0,53.138726450362704,0.040196702720808455,0.3950204748276879
3,12.990118,77.565195,2026-01-21,08:00:00,2026-01-21 08:00:00,8,21,Wednesday,1,False,12.991429,77.56607,2026-01-21 02:00:00,0.17546044968228663,0.029243408280381106,53.31418690004499,0.040196702720808455,0.3950204748276879
3,12.988957,77.563782,2026-01-21,14:00:00,2026-01-21 14:00:00,14,21,Wednesday,1,False,12.990118,77.565195,2026-01-21 08:00:00,0.2035814243377825,0.03393023738963042,53.51776832438277,0.040196702720808455,0.3950204748276879
3,12.995599,77.56523,2026-01-21,20:00:00,2026-01-21 20:00:00,20,21,Wednesday,1,False,12.988957,77.563782,2026-01-21 14:00:00,0.7567538840128015,0.1261256473354669,54.274522208395574,0.040196702720808455,0.3950204748276879
3,12.993367,77.56549,2026-01-21,20:00:00,2026-01-21 20:00:00,20,21,Wednesday,1,False,12.995599,77.56523,2026-01-21 20:00:00,0.25014631967315054,0.0,54.52466852806872,0.040196702720808455,0.3950204748276879
3,12.995704,77.568529,2026-01-22,03:00:00,2026-01-22 03:00:00,3,22,Thursday,1,False,12.993367,77.56549,2026-01-21 20:00:00,0.42676507840466654,0.06096643977209522,54.951433606473394,0.040196702720808455,0.3950204748276879
3,12.995257,77.561473,2026-01-22,03:00:00,2026-01-22 03:00:00,3,22,Thursday,1,False,12.995704,77.568529,2026-01-22 03:00:00,0.7870484995090692,0.0,55.73848210598246,0.040196702720808455,0.3950204748276879
3,12.997138,77.564815,2026-01-22,09:00:00,2026-01-22 09:00:00,9,22,Thursday,1,False,12.995257,77.561473,2026-01-22 03:00:00,0.4269107486274773,0.07115179143791288,56.16539285460994,0.040196702720808455,0.3950204748276879
3,12.992263,77.567221,2026-01-22,15:00:00,2026-01-22 15:00:00,15,22,Thursday,1,False,12.997138,77.564815,2026-01-22 09:00:00,0.6051802122241992,0.10086336870403319,56.77057306683414,0.040196702720808455,0.3950204748276879
3,12.993239,77.564738,2026-01-22,21:00:00,2026-01-22 21:00:00,21,22,Thursday,1,False,12.992263,77.567221,2026-01-22 15:00:00,0.29699427042266013,0.04949904507044336,57.0675673372568,0.040196702720808455,0.3950204748276879
3,12.994244,77.563011,2026-01-22,21:00:00,2026-01-22 21:00:00,21,22,Thursday,1,False,12.993239,77.564738,2026-01-22 21:00:00,0.22243268129431226,0.0,57.29000001855111,0.040196702720808455,0.3950204748276879
3,12.996857,77.564433,2026-01-23,04:00:00,2026-01-23 04:00:00,4,23,Friday,1,False,12.994244,77.563011,2026-01-22 21:00:00,0.3311625561484275,0.0473089365926325,57.62116257469954,0.040196702720808455,0.3950204748276879
3,12.994289,77.566726,2026-01-23,04:00:00,2026-01-23 04:00:00,4,23,Friday,1,False,12.996857,77.564433,2026-01-23 04:00:00,0.3832460478708959,0.0,58.00440862257043,0.040196702720808455,0.3950204748276879
3,12.995263,77.565305,2026-01-23,10:00:00,2026-01-23 10:00:00,10,23,Friday,1,False,12.994289,77.566726,2026-01-23 04:00:00,0.191778127260737,0.03196302121012284,58.19618674983117,0.040196702720808455,0.3950204748276879
3,12.994081,77.56428,2026-01-23,16:00:00,2026-01-23 16:00:00,16,23,Friday,1,False,12.995263,77.565305,2026-01-23 10:00:00,0.17416329741773942,0.029027216236289902,58.37035004724891,0.040196702720808455,0.3950204748276879
3,12.995046,77.561371,2026-01-23,22:00:00,2026-01-23 22:00:00,22,23,Friday,1,False,12.994081,77.56428,2026-01-23 16:00:00,0.3411827428042816,0.05686379046738027,58.71153279005319,0.040196702720808455,0.3950204748276879
3,12.99041,77.566951,2026-01-23,22:00:00,2026-01-23 22:00:00,22,23,Friday,1,False,12.995046,77.561371,2026-01-23 22:00:00,0.8075795772479618,0.0,59.519112367301155,0.040196702720808455,0.3950204748276879
3,12.992872,77.561596,2026-01-24,05:00:00,2026-01-24 05:00:00,5,24,Saturday,1,True,12.99041,77.566951,2026-01-23 22:00:00,0.6561033931208597,0.09372905616012282,60.17521576042201,0.040196702720808455,0.3950204748276879
3,12.992843,77.565083,2026-01-24,05:00:00,2026-01-24 05:00:00,5,24,Saturday,1,True,12.992872,77.561596,2026-01-24 05:00:00,0.38818626393269007,0.0,60.5634020243547,0.040196702720808455,0.3950204748276879
3,12.993876,77.565024,2026-01-24,11:00:00,2026-01-24 11:00:00,11,24,Saturday,1,True,12.992843,77.565083,2026-01-24 05:00:00,0.11518097016942067,0.01919682836157011,60.67858299452412,0.040196702720808455,0.3950204748276879
3,12.994463,77.562891,2026-01-24,17:00:00,2026-01-24 17:00:00,17,24,Saturday,1,True,12.993876,77.565024,2026-01-24 11:00:00,0.24627290163224058,0.04104548360537343,60.924855896156366,0.040196702720808455,0.3950204748276879
3,12.996736,77.565275,2026-01-24,23:00:00,2026-01-24 23:00:00,23,24,Saturday,1,True,12.994463,77.562891,2026-01-24 17:00:00,0.36668045919884634,0.06111340986647439,61.29153635535521,0.040196702720808455,0.3950204748276879
3,12.99224,77.565913,2026-01-24,23:00:00,2026-01-24 23:00:00,23,24,Saturday,1,True,12.996736,77.565275,2026-01-24 23:00:00,0.5055087654619078,0.0,61.79704512081712,0.040196702720808455,0.3950204748276879
3,12.995116,77.56477,2026-01-25,00:00:00,2026-01-25 00:00:00,0,25,Sunday,1,True,12.99224,77.565913,2026-01-24 23:00:00,0.3445138187100251,0.3445138187100251,62.141558939527144,0.040196702720808455,0.3950204748276879
3,12.991296,77.562888,2026-01-25,00:00:00,2026-01-25 00:00:00,0,25,Sunday,1,True,12.995116,77.56477,2026-01-25 00:00:00,0.4740497076630543,0.0,62.6156086471902,0.040196702720808455,0.3950204748276879
3,12.996401,77.56667,2026-01-25,06:00:00,2026-01-25 06:00:00,6,25,Sunday,1,True,12.991296,77.562888,2026-01-25 00:00:00,0.7072504783454887,0.11787507972424811,63.322859125535686,0.040196702720808455,0.3950204748276879
3,12.994083,77.565106,2026-01-25,06:00:00,2026-01-25 06:00:00,6,25,Sunday,1,True,12.996401,77.56667,2026-01-25 06:00:00,0.31128264920654064,0.0,63.634141774742226,0.040196702720808455,0.3950204748276879
3,12.991453,77.564401,2026-01-25,12:00:00,2026-01-25 12:00:00,12,25,Sunday,1,True,12.994083,77.565106,2026-01-25 06:00:00,0.30310792523926405,0.050517987539877345,63.93724969998149,0.040196702720808455,0.3950204748276879
3,12.995574,77.561726,2026-01-25,18:00:00,2026-01-25 18:00:00,18,25,Sunday,1,True,12.991453,77.564401,2026-01-25 12:00:00,0.5469230563449878,0.09115384272416464,64.48417275632647,0.040196702720808455,0.3950204748276879
3,12.995185,77.562552,2026-01-26,01:00:00,2026-01-26 01:00:00,1,26,Monday,1,False,12.995574,77.561726,2026-01-25 18:00:00,0.10163686697398376,0.014519552424854823,64.58580962330046,0.040196702720808455,0.3950204748276879
3,12.992961,77.565906,2026-01-26,01:00:00,2026-01-26 01:00:00,1,26,Monday,1,False,12.995185,77.562552,2026-01-26 01:00:00,0.44799201231963587,0.0,65.0338016356201,0.040196702720808455,0.3950204748276879
3,12.997703,77.565057,2026-01-26,07:00:00,2026-01-26 07:00:00,7,26,Monday,1,False,12.992961,77.565906,2026-01-26 01:00:00,0.5362732249598647,0.08937887082664413,65.57007486057996,0.040196702720808455,0.3950204748276879
3,12.993244,77.563384,2026-01-26,07:00:00,2026-01-26 07:00:00,7,26,Monday,1,False,12.997703,77.565057,2026-01-26 07:00:00,0.5301638812489998,0.0,66.10023874182896,0.040196702720808455,0.3950204748276879
3,12.993382,77.565161,2026-01-26,13:00:00,2026-01-26 13:00:00,13,26,Monday,1,False,12.993244,77.563384,2026-01-26 07:00:00,0.19841124814046332,0.033068541356743884,66.29864998996942,0.040196702720808455,0.3950204748276879
3,12.992618,77.562939,2026-01-26,19:00:00,2026-01-26 19:00:00,19,26,Monday,1,False,12.993382,77.565161,2026-01-26 13:00:00,0.26156599616107673,0.04359433269351279,66.5602159861305,0.040196702720808455,0.3950204748276879
3,12.996322,77.564313,2026-01-27,02:00:00,2026-01-27 02:00:00,2,27,Tuesday,1,False,12.992618,77.562939,2026-01-26 19:00:00,0.4397843373412921,0.06282633390589887,67.0000003234718,0.040196702720808455,0.3950204748276879
3,12.993838,77.565531,2026-01-27,02:00:00,2026-01-27 02:00:00,2,27,Tuesday,1,False,12.996322,77.564313,2026-01-27 02:00:00,0.3079719657014965,0.0,67.30797228917329,0.040196702720808455,0.3950204748276879
3,12.99507,77.563075,2026-01-27,08:00:00,2026-01-27 08:00:00,8,27,Tuesday,1,False,12.993838,77.565531,2026-01-27 02:00:00,0.30587203370940014,0.05097867228490002,67.6138443228827,0.040196702720808455,0.3950204748276879
3,12.995962,77.562321,2026-01-27,08:00:00,2026-01-27 08:00:00,8,27,Tuesday,1,False,12.99507,77.563075,2026-01-27 08:00:00,0.13001966320234193,0.0,67.74386398608503,0.040196702720808455,0.3950204748276879
3,12.994423,77.563458,2026-01-27,14:00:00,2026-01-27 14:00:00,14,27,Tuesday,1,False,12.995962,77.562321,2026-01-27 08:00:00,0.21300522774743139,0.035500871291238564,67.95686921383246,0.040196702720808455,0.3950204748276879
3,12.994612,77.562542,2026-01-27,20:00:00,2026-01-27 20:00:00,20,27,Tuesday,1,False,12.994423,77.563458,2026-01-27 14:00:00,0.10411705505022559,0.017352842508370932,68.06098626888269,0.040196702720808455,0.3950204748276879
3,12.99759,77.563384,2026-01-28,03:00:00,2026-01-28 03:00:00,3,28,Wednesday,1,False,12.994612,77.562542,2026-01-27 20:00:00,0.34450703830946544,0.04921529118706649,68.40549330719216,0.040196702720808455,0.3950204748276879
3,12.998782,77.563446,2026-01-28,03:00:00,2026-01-28 03:00:00,3,28,Wednesday,1,False,12.99759,77.563384,2026-01-28 03:00:00,0.13287281292427044,0.0,68.53836612011642,0.040196702720808455,0.3950204748276879
3,12.996985,77.559306,2026-01-28,09:00:00,2026-01-28 09:00:00,9,28,Wednesday,1,False,12.998782,77.563446,2026-01-28 03:00:00,0.502407386137607,0.08373456435626785,69.04077350625403,0.040196702720808455,0.3950204748276879
3,12.993649,77.563471,2026-01-28,09:00:00,2026-01-28 09:00:00,9,28,Wednesday,1,False,12.996985,77.559306,2026-01-28 09:00:00,0.5940371591337931,0.0,69.63481066538783,0.040196702720808455,0.3950204748276879
3,12.994939,77.562244,2026-01-28,15:00:00,2026-01-28 15:00:00,15,28,Wednesday,1,False,12.993649,77.563471,2026-01-28 09:00:00,0.19818802668981073,0.03303133778163512,69.83299869207764,0.040196702720808455,0.3950204748276879
3,12.995524,77.568627,2026-01-28,21:00:00,2026-01-28 21:00:00,21,28,Wednesday,1,False,12.994939,77.562244,2026-01-28 15:00:00,0.7135335344464727,0.11892225574107879,70.5465322265241,0.040196702720808455,0.3950204748276879
3,12.9941,77.561475,2026-01-29,04:00:00,2026-01-29 04:00:00,4,29,Thursday,1,False,12.995524,77.568627,2026-01-28 21:00:00,0.811788305923034,0.11596975798900486,71.35832053244714,0.040196702720808455,0.3950204748276879
3,12.993819,77.562767,2026-01-29,04:00:00,2026-01-29 04:00:00,4,29,Thursday,1,False,12.9941,77.561475,2026-01-29 04:00:00,0.14718781589176666,0.0,71.5055083483389,0.040196702720808455,0.3950204748276879
3,12.992141,77.558661,2026-01-29,10:00:00,2026-01-29 10:00:00,10,29,Thursday,1,False,12.993819,77.562767,2026-01-29 04:00:00,0.49377566803955064,0.08229594467325844,71.99928401637847,0.040196702720808455,0.3950204748276879
3,12.994598,77.563873,2026-01-29,10:00:00,2026-01-29 10:00:00,10,29,Thursday,1,False,12.992141,77.558661,2026-01-29 10:00:00,0.6414369390605232,0.0,72.64072095543898,0.040196702720808455,0.3950204748276879
3,12.996729,77.563549,2026-01-29,16:00:00,2026-01-29 16:00:00,16,29,Thursday,1,False,12.994598,77.563873,2026-01-29 10:00:00,0.23994914318241672,0.03999152386373612,72.88067009862141,0.040196702720808455,0.3950204748276879
3,12.99506,77.566209,2026-01-29,22:00:00,2026-01-29 22:00:00,22,29,Thursday,1,False,12.996729,77.563549,2026-01-29 16:00:00,0.3495724693703747,0.05826207822839579,73.23024256799178,0.040196702720808455,0.3950204748276879
3,12.99802,77.563351,2026-01-30,05:00:00,2026-01-30 05:00:00,5,30,Friday,1,False,12.99506,77.566209,2026-01-29 22:00:00,0.45803498369297135,0.0654335690989959,73.68827755168475,0.040196702720808455,0.3950204748276879
3,12.993884,77.565276,2026-01-30,05:00:00,2026-01-30 05:00:00,5,30,Friday,1,False,12.99802,77.563351,2026-01-30 05:00:00,0.507845219607422,0.0,74.19612277129217,0.040196702720808455,0.3950204748276879
3,12.995031,77.563567,2026-01-30,11:00:00,2026-01-30 11:00:00,11,30,Friday,1,False,12.993884,77.565276,2026-01-30 05:00:00,0.22912160292594902,0.0381869338209915,74.42524437421812,0.040196702720808455,0.3950204748276879
3,12.994389,77.565793,2026-01-30,11:00:00,2026-01-30 11:00:00,11,30,Friday,1,False,12.995031,77.563567,2026-01-30 11:00:00,0.2578984342228821,0.0,74.683142808441,0.040196702720808455,0.3950204748276879
3,12.993877,77.563343,2026-01-30,17:00:00,2026-01-30 17:00:00,17,30,Friday,1,False,12.994389,77.565793,2026-01-30 11:00:00,0.2786258432613049,0.04643764054355082,74.9617686517023,0.040196702720808455,0.3950204748276879
3,12.995296,77.565541,2026-01-30,23:00:00,2026-01-30 23:00:00,23,30,Friday,1,False,12.993877,77.563343,2026-01-30 17:00:00,0.2912409699443994,0.048540161657399904,75.25300962164671,0.040196702720808455,0.3950204748276879
4,12.937628,77.687555,2026-01-01,00:00:00,2026-01-01 00:00:00,0,1,Thursday,1,False,,,,0.0,0.0,0.0,0.050061436577904794,0.4529417647890737
4,12.937637,77.687753,2026-01-01,00:00:00,2026-01-01 00:00:00,0,1,Thursday,1,False,12.937628,77.687555,2026-01-01 00:00:00,0.02206411825049227,0.0,0.02206411825049227,0.050061436577904794,0.4529417647890737
4,12.933451,77.685074,2026-01-01,06:00:00,2026-01-01 06:00:00,6,1,Thursday,1,False,12.937637,77.687753,2026-01-01 00:00:00,0.5532462552357822,0.0922077092059637,0.5753103734862745,0.050061436577904794,0.4529417647890737
4,12.936762,77.689459,2026-01-01,06:00:00,2026-01-01 06:00:00,6,1,Thursday,1,False,12.933451,77.685074,2026-01-01 06:00:00,0.6116620815635281,0.0,1.1869724550498026,0.050061436577904794,0.4529417647890737
4,12.934403,77.685899,2026-01-01,12:00:00,2026-01-01 12:00:00,12,1,Thursday,1,False,12.936762,77.689459,2026-01-01 06:00:00,0.4754091434870607,0.07923485724784345,1.6623815985368633,0.050061436577904794,0.4529417647890737
4,12.938673,77.691397,2026-01-01,12:00:00,2026-01-01 12:00:00,12,1,Thursday,1,False,12.934403,77.685899,2026-01-01 12:00:00,0.7749415611510241,0.0,2.437323159687887,0.050061436577904794,0.4529417647890737
4,12.935761,77.690285,2026-01-01,18:00:00,2026-01-01 18:00:00,18,1,Thursday,1,False,12.938673,77.691397,2026-01-01 12:00:00,0.34699513612615496,0.05783252268769249,2.7843182958140424,0.050061436577904794,0.4529417647890737
4,12.940819,77.687814,2026-01-02,01:00:00,2026-01-02 01:00:00,1,2,Friday,1,False,12.935761,77.690285,2026-01-01 18:00:00,0.6266555201247223,0.08952221716067461,3.4109738159387644,0.050061436577904794,0.4529417647890737
4,12.940845,77.688637,2026-01-02,01:00:00,2026-01-02 01:00:00,1,2,Friday,1,False,12.940819,77.687814,2026-01-02 01:00:00,0.09166206689710316,0.0,3.5026358828358677,0.050061436577904794,0.4529417647890737
4,12.93765,77.688536,2026-01-02,07:00:00,2026-01-02 07:00:00,7,2,Friday,1,False,12.940845,77.688637,2026-01-02 01:00:00,0.3558450669425831,0.05930751115709718,3.8584809497784507,0.050061436577904794,0.4529417647890737
4,12.937023,77.689162,2026-01-02,07:00:00,2026-01-02 07:00:00,7,2,Friday,1,False,12.93765,77.688536,2026-01-02 07:00:00,0.09863008539314726,0.0,3.957111035171598,0.050061436577904794,0.4529417647890737
4,12.934801,77.689319,2026-01-02,13:00:00,2026-01-02 13:00:00,13,2,Friday,1,False,12.937023,77.689162,2026-01-02 07:00:00,0.24796971652855093,0.041328286088091824,4.205080751700149,0.050061436577904794,0.4529417647890737
4,12.934432,77.688238,2026-01-02,13:00:00,2026-01-02 13:00:00,13,2,Friday,1,False,12.934801,77.689319,2026-01-02 13:00:00,0.12715463348380446,0.0,4.332235385183953,0.050061436577904794,0.4529417647890737
4,12.938837,77.689791,2026-01-02,19:00:00,2026-01-02 19:00:00,19,2,Friday,1,False,12.934432,77.688238,2026-01-02 13:00:00,0.5199470372093998,0.08665783953489997,4.852182422393353,0.050061436577904794,0.4529417647890737
4,12.935279,77.684629,2026-01-03,02:00:00,2026-01-03 02:00:00,2,3,Saturday,1,True,12.938837,77.689791,2026-01-02 19:00:00,0.6979116645066122,0.09970166635808746,5.550094086899965,0.050061436577904794,0.4529417647890737
4,12.937046,77.688493,2026-01-03,02:00:00,2026-01-03 02:00:00,2,3,Saturday,1,True,12.935279,77.684629,2026-01-03 02:00:00,0.47298275067485723,0.0,6.0230768375748225,0.050061436577904794,0.4529417647890737
4,12.94104,77.689497,2026-01-03,08:00:00,2026-01-03 08:00:00,8,3,Saturday,1,True,12.937046,77.688493,2026-01-03 02:00:00,0.4584445217204578,0.07640742028674297,6.4815213592952805,0.050061436577904794,0.4529417647890737
4,12.936956,77.690413,2026-01-03,08:00:00,2026-01-03 08:00:00,8,3,Saturday,1,True,12.94104,77.689497,2026-01-03 08:00:00,0.46592589376757954,0.0,6.94744725306286,0.050061436577904794,0.4529417647890737
4,12.93862,77.694253,2026-01-03,14:00:00,2026-01-03 14:00:00,14,3,Saturday,1,True,12.936956,77.690413,2026-01-03 08:00:00,0.4658778042533417,0.07764630070889028,7.413325057316202,0.050061436577904794,0.4529417647890737
4,12.938298,77.683953,2026-01-03,14:00:00,2026-01-03 14:00:00,14,3,Saturday,1,True,12.93862,77.694253,2026-01-03 14:00:00,1.1471561594259199,0.0,8.560481216742122,0.050061436577904794,0.4529417647890737
4,12.93847,77.691231,2026-01-03,20:00:00,2026-01-03 20:00:00,20,3,Saturday,1,True,12.938298,77.683953,2026-01-03 14:00:00,0.8104131781348994,0.13506886302248325,9.370894394877022,0.050061436577904794,0.4529417647890737
4,12.937649,77.68833,2026-01-04,03:00:00,2026-01-04 03:00:00,3,4,Sunday,1,True,12.93847,77.691231,2026-01-03 20:00:00,0.3356227293526382,0.04794610419323403,9.70651712422966,0.050061436577904794,0.4529417647890737
4,12.93901,77.688657,2026-01-04,03:00:00,2026-01-04 03:00:00,3,4,Sunday,1,True,12.937649,77.68833,2026-01-04 03:00:00,0.15581817929009373,0.0,9.862335303519753,0.050061436577904794,0.4529417647890737
4,12.942033,77.687748,2026-01-04,09:00:00,2026-01-04 09:00:00,9,4,Sunday,1,True,12.93901,77.688657,2026-01-04 03:00:00,0.35140481571707993,0.058567469286179986,10.213740119236833,0.050061436577904794,0.4529417647890737
4,12.938517,77.688819,2026-01-04,09:00:00,2026-01-04 09:00:00,9,4,Sunday,1,True,12.942033,77.687748,2026-01-04 09:00:00,0.4091566107835618,0.0,10.622896730020395,0.050061436577904794,0.4529417647890737
4,12.936294,77.690307,2026-01-04,15:00:00,2026-01-04 15:00:00,15,4,Sunday,1,True,12.938517,77.688819,2026-01-04 09:00:00,0.2977861602099601,0.04963102670166002,10.920682890230355,0.050061436577904794,0.4529417647890737
4,12.935878,77.689036,2026-01-04,15:00:00,2026-01-04 15:00:00,15,4,Sunday,1,True,12.936294,77.690307,2026-01-04 15:00:00,0.14887346810648483,0.0,11.06955635833684,0.050061436577904794,0.4529417647890737
4,12.932834,77.688509,2026-01-04,21:00:00,2026-01-04 21:00:00,21,4,Sunday,1,True,12.935878,77.689036,2026-01-04 15:00:00,0.3438989033103121,0.05731648388505201,11.413455261647151,0.050061436577904794,0.4529417647890737
4,12.93954,77.690947,2026-01-05,04:00:00,2026-01-05 04:00:00,4,5,Monday,1,False,12.932834,77.688509,2026-01-04 21:00:00,0.7943154335358552,0.11347363336226503,12.207770695183006,0.050061436577904794,0.4529417647890737
4,12.939483,77.692322,2026-01-05,04:00:00,2026-01-05 04:00:00,4,5,Monday,1,False,12.93954,77.690947,2026-01-05 04:00:00,0.15319646306622867,0.0,12.360967158249236,0.050061436577904794,0.4529417647890737
4,12.940909,77.690632,2026-01-05,10:00:00,2026-01-05 10:00:00,10,5,Monday,1,False,12.939483,77.692322,2026-01-05 04:00:00,0.2461550772746332,0.04102584621243887,12.60712223552387,0.050061436577904794,0.4529417647890737
4,12.936344,77.686877,2026-01-05,10:00:00,2026-01-05 10:00:00,10,5,Monday,1,False,12.940909,77.690632,2026-01-05 10:00:00,0.6580062016037327,0.0,13.2651284371276,0.050061436577904794,0.4529417647890737
4,12.937831,77.687806,2026-01-05,16:00:00,2026-01-05 16:00:00,16,5,Monday,1,False,12.936344,77.686877,2026-01-05 10:00:00,0.19518208956627026,0.03253034826104504,13.460310526693872,0.050061436577904794,0.4529417647890737
4,12.938326,77.690648,2026-01-05,16:00:00,2026-01-05 16:00:00,16,5,Monday,1,False,12.937831,77.687806,2026-01-05 16:00:00,0.3211343530974573,0.0,13.781444879791328,0.050061436577904794,0.4529417647890737
4,12.93612,77.689816,2026-01-05,22:00:00,2026-01-05 22:00:00,22,5,Monday,1,False,12.938326,77.690648,2026-01-05 16:00:00,0.262457056055267,0.04374284267587783,14.043901935846597,0.050061436577904794,0.4529417647890737
4,12.939839,77.687558,2026-01-06,05:00:00,2026-01-06 05:00:00,5,6,Tuesday,1,False,12.93612,77.689816,2026-01-05 22:00:00,0.48433187935968847,0.06919026847995549,14.528233815206285,0.050061436577904794,0.4529417647890737
4,12.938769,77.69132,2026-01-06,05:00:00,2026-01-06 05:00:00,5,6,Tuesday,1,False,12.939839,77.687558,2026-01-06 05:00:00,0.43539561736317445,0.0,14.963629432569459,0.050061436577904794,0.4529417647890737
4,12.941051,77.686749,2026-01-06,11:00:00,2026-01-06 11:00:00,11,6,Tuesday,1,False,12.938769,77.69132,2026-01-06 05:00:00,0.5687304373274283,0.09478840622123806,15.532359869896887,0.050061436577904794,0.4529417647890737
4,12.941706,77.689263,2026-01-06,11:00:00,2026-01-06 11:00:00,11,6,Tuesday,1,False,12.941051,77.686749,2026-01-06 11:00:00,0.2892011544245604,0.0,15.821561024321447,0.050061436577904794,0.4529417647890737
4,12.939618,77.688472,2026-01-06,17:00:00,2026-01-06 17:00:00,17,6,Tuesday,1,False,12.941706,77.689263,2026-01-06 11:00:00,0.24855602290912077,0.04142600381818679,16.070117047230568,0.050061436577904794,0.4529417647890737
4,12.938478,77.688331,2026-01-06,17:00:00,2026-01-06 17:00:00,17,6,Tuesday,1,False,12.939618,77.688472,2026-01-06 17:00:00,0.12787179691424158,0.0,16.19798884414481,0.050061436577904794,0.4529417647890737
4,12.941058,77.689744,2026-01-06,23:00:00,2026-01-06 23:00:00,23,6,Tuesday,1,False,12.938478,77.688331,2026-01-06 17:00:00,0.32745812561420395,0.05457635426903399,16.525446969759013,0.050061436577904794,0.4529417647890737
4,12.937517,77.69065,2026-01-07,00:00:00,2026-01-07 00:00:00,0,7,Wednesday,1,False,12.941058,77.689744,2026-01-06 23:00:00,0.4068820923305096,0.4068820923305096,16.932329062089522,0.050061436577904794,0.4529417647890737
4,12.936114,77.688753,2026-01-07,06:00:00,2026-01-07 06:00:00,6,7,Wednesday,1,False,12.937517,77.69065,2026-01-07 00:00:00,0.2626542971271132,0.0437757161878522,17.194983359216636,0.050061436577904794,0.4529417647890737
4,12.940162,77.689996,2026-01-07,06:00:00,2026-01-07 06:00:00,6,7,Wednesday,1,False,12.936114,77.688753,2026-01-07 06:00:00,0.471389308109969,0.0,17.666372667326605,0.050061436577904794,0.4529417647890737
4,12.937078,77.687578,2026-01-07,12:00:00,2026-01-07 12:00:00,12,7,Wednesday,1,False,12.940162,77.689996,2026-01-07 06:00:00,0.4362519876257983,0.07270866460429971,18.102624654952404,0.050061436577904794,0.4529417647890737
4,12.940444,77.690449,2026-01-07,12:00:00,2026-01-07 12:00:00,12,7,Wednesday,1,False,12.937078,77.687578,2026-01-07 12:00:00,0.4924900091999009,0.0,18.595114664152305,0.050061436577904794,0.4529417647890737
4,12.937022,77.687504,2026-01-07,18:00:00,2026-01-07 18:00:00,18,7,Wednesday,1,False,12.940444,77.690449,2026-01-07 12:00:00,0.5025837137058691,0.08376395228431151,19.097698377858173,0.050061436577904794,0.4529417647890737
4,12.936762,77.689782,2026-01-07,18:00:00,2026-01-07 18:00:00,18,7,Wednesday,1,False,12.937022,77.687504,2026-01-07 18:00:00,0.2552333346326657,0.0,19.35293171249084,0.050061436577904794,0.4529417647890737
4,12.94368,77.689196,2026-01-08,01:00:00,2026-01-08 01:00:00,1,8,Thursday,1,False,12.936762,77.689782,2026-01-07 18:00:00,0.7728696753152989,0.11040995361647128,20.12580138780614,0.050061436577904794,0.4529417647890737
4,12.93708,77.688668,2026-01-08,07:00:00,2026-01-08 07:00:00,7,8,Thursday,1,False,12.94368,77.689196,2026-01-08 01:00:00,0.7370593286641114,0.12284322144401856,20.86286071647025,0.050061436577904794,0.4529417647890737
4,12.936014,77.687241,2026-01-08,07:00:00,2026-01-08 07:00:00,7,8,Thursday,1,False,12.93708,77.688668,2026-01-08 07:00:00,0.19828354523403197,0.0,21.061144261704282,0.050061436577904794,0.4529417647890737
4,12.941969,77.689864,2026-01-08,13:00:00,2026-01-08 13:00:00,13,8,Thursday,1,False,12.936014,77.687241,2026-01-08 07:00:00,0.7243686919592401,0.12072811532654003,21.78551295366352,0.050061436577904794,0.4529417647890737
4,12.939091,77.68969,2026-01-08,13:00:00,2026-01-08 13:00:00,13,8,Thursday,1,False,12.941969,77.689864,2026-01-08 13:00:00,0.3209639582788823,0.0,22.106476911942405,0.050061436577904794,0.4529417647890737
4,12.936908,77.687004,2026-01-08,19:00:00,2026-01-08 19:00:00,19,8,Thursday,1,False,12.939091,77.68969,2026-01-08 13:00:00,0.3853036715161692,0.0642172785860282,22.491780583458574,0.050061436577904794,0.4529417647890737
4,12.938294,77.690907,2026-01-08,19:00:00,2026-01-08 19:00:00,19,8,Thursday,1,False,12.936908,77.687004,2026-01-08 19:00:00,0.46106380203470193,0.0,22.952844385493275,0.050061436577904794,0.4529417647890737
4,12.938921,77.68936,2026-01-09,02:00:00,2026-01-09 02:00:00,2,9,Friday,1,False,12.938294,77.690907,2026-01-08 19:00:00,0.18581899060809284,0.026545570086870408,23.13866337610137,0.050061436577904794,0.4529417647890737
4,12.9386,77.690028,2026-01-09,08:00:00,2026-01-09 08:00:00,8,9,Friday,1,False,12.938921,77.68936,2026-01-09 02:00:00,0.08250193994944674,0.01375032332490779,23.221165316050815,0.050061436577904794,0.4529417647890737
4,12.940165,77.689891,2026-01-09,08:00:00,2026-01-09 08:00:00,8,9,Friday,1,False,12.9386,77.690028,2026-01-09 08:00:00,0.1748820547980088,0.0,23.396047370848823,0.050061436577904794,0.4529417647890737
4,12.941776,77.686878,2026-01-09,14:00:00,2026-01-09 14:00:00,14,9,Friday,1,False,12.940165,77.689891,2026-01-09 08:00:00,0.3803413603405972,0.06339022672343286,23.77638873118942,0.050061436577904794,0.4529417647890737
4,12.940037,77.68619,2026-01-09,14:00:00,2026-01-09 14:00:00,14,9,Friday,1,False,12.941776,77.686878,2026-01-09 14:00:00,0.208185216379515,0.0,23.984573947568936,0.050061436577904794,0.4529417647890737
4,12.940067,77.689773,2026-01-09,20:00:00,2026-01-09 20:00:00,20,9,Friday,1,False,12.940037,77.68619,2026-01-09 14:00:00,0.39887354077714476,0.06647892346285746,24.383447488346082,0.050061436577904794,0.4529417647890737
4,12.936446,77.693156,2026-01-09,20:00:00,2026-01-09 20:00:00,20,9,Friday,1,False,12.940067,77.689773,2026-01-09 20:00:00,0.5516389563667671,0.0,24.935086444712848,0.050061436577904794,0.4529417647890737
4,12.939317,77.690586,2026-01-10,03:00:00,2026-01-10 03:00:00,3,10,Saturday,1,True,12.936446,77.693156,2026-01-09 20:00:00,0.42894386854489,0.061277695506412856,25.36403031325774,0.050061436577904794,0.4529417647890737
4,12.938448,77.685094,2026-01-10,09:00:00,2026-01-10 09:00:00,9,10,Saturday,1,True,12.939317,77.690586,2026-01-10 03:00:00,0.6189754880538164,0.10316258134230273,25.983005801311556,0.050061436577904794,0.4529417647890737
4,12.939932,77.684255,2026-01-10,09:00:00,2026-01-10 09:00:00,9,10,Saturday,1,True,12.938448,77.685094,2026-01-10 09:00:00,0.18977291488495676,0.0,26.17277871619651,0.050061436577904794,0.4529417647890737
4,12.942883,77.691769,2026-01-10,15:00:00,2026-01-10 15:00:00,15,10,Saturday,1,True,12.939932,77.684255,2026-01-10 09:00:00,0.8986537342226211,0.14977562237043685,27.07143245041913,0.050061436577904794,0.4529417647890737
4,12.940362,77.68805,2026-01-10,15:00:00,2026-01-10 15:00:00,15,10,Saturday,1,True,12.942883,77.691769,2026-01-10 15:00:00,0.5001527447956986,0.0,27.57158519521483,0.050061436577904794,0.4529417647890737
4,12.937232,77.68658,2026-01-10,21:00:00,2026-01-10 21:00:00,21,10,Saturday,1,True,12.940362,77.68805,2026-01-10 15:00:00,0.3849451394558378,0.06415752324263964,27.956530334670667,0.050061436577904794,0.4529417647890737
4,12.93805,77.687562,2026-01-10,21:00:00,2026-01-10 21:00:00,21,10,Saturday,1,True,12.937232,77.68658,2026-01-10 21:00:00,0.14227410241799882,0.0,28.098804437088667,0.050061436577904794,0.4529417647890737
4,12.934518,77.687739,2026-01-11,04:00:00,2026-01-11 04:00:00,4,11,Sunday,1,True,12.93805,77.687562,2026-01-10 21:00:00,0.3936756371438647,0.056239376734837816,28.49248007423253,0.050061436577904794,0.4529417647890737
4,12.93817,77.694146,2026-01-11,10:00:00,2026-01-11 10:00:00,10,11,Sunday,1,True,12.934518,77.687739,2026-01-11 04:00:00,0.8209557770374238,0.13682596283957063,29.313435851269958,0.050061436577904794,0.4529417647890737
4,12.934964,77.685339,2026-01-11,10:00:00,2026-01-11 10:00:00,10,11,Sunday,1,True,12.93817,77.694146,2026-01-11 10:00:00,1.0433343994984603,0.0,30.356770250768417,0.050061436577904794,0.4529417647890737
4,12.935617,77.687972,2026-01-11,16:00:00,2026-01-11 16:00:00,16,11,Sunday,1,True,12.934964,77.685339,2026-01-11 10:00:00,0.3019850829954142,0.050330847165902366,30.658755333763832,0.050061436577904794,0.4529417647890737
4,12.935332,77.690177,2026-01-11,16:00:00,2026-01-11 16:00:00,16,11,Sunday,1,True,12.935617,77.687972,2026-01-11 16:00:00,0.247502440228362,0.0,30.90625777399219,0.050061436577904794,0.4529417647890737
4,12.938663,77.687974,2026-01-11,22:00:00,2026-01-11 22:00:00,22,11,Sunday,1,True,12.935332,77.690177,2026-01-11 16:00:00,0.4445665630085792,0.07409442716809654,31.350824337000773,0.050061436577904794,0.4529417647890737
4,12.938211,77.689871,2026-01-11,22:00:00,2026-01-11 22:00:00,22,11,Sunday,1,True,12.938663,77.687974,2026-01-11 22:00:00,0.21708578818242216,0.0,31.567910125183193,0.050061436577904794,0.4529417647890737
4,12.932311,77.689193,2026-01-12,05:00:00,2026-01-12 05:00:00,5,12,Monday,1,False,12.938211,77.689871,2026-01-11 22:00:00,0.6611103890659714,0.09444434129513878,32.229020514249164,0.050061436577904794,0.4529417647890737
4,12.938377,77.686084,2026-01-12,11:00:00,2026-01-12 11:00:00,11,12,Monday,1,False,12.932311,77.689193,2026-01-12 05:00:00,0.7587928947526269,0.12646548245877115,32.987813409001795,0.050061436577904794,0.4529417647890737
4,12.940597,77.686352,2026-01-12,11:00:00,2026-01-12 11:00:00,11,12,Monday,1,False,12.938377,77.686084,2026-01-12 11:00:00,0.24892466298059182,0.0,33.23673807198239,0.050061436577904794,0.4529417647890737
4,12.937028,77.690752,2026-01-12,17:00:00,2026-01-12 17:00:00,17,12,Monday,1,False,12.940597,77.686352,2026-01-12 11:00:00,0.6306821901985585,0.10511369836642642,33.86742026218094,0.050061436577904794,0.4529417647890737
4,12.942672,77.685025,2026-01-12,17:00:00,2026-01-12 17:00:00,17,12,Monday,1,False,12.937028,77.690752,2026-01-12 17:00:00,0.8950935518179147,0.0,34.76251381399886,0.050061436577904794,0.4529417647890737
4,12.936788,77.688224,2026-01-12,23:00:00,2026-01-12 23:00:00,23,12,Monday,1,False,12.942672,77.685025,2026-01-12 17:00:00,0.7455536558188501,0.12425894263647502,35.50806746981771,0.050061436577904794,0.4529417647890737
4,12.938158,77.687561,2026-01-12,23:00:00,2026-01-12 23:00:00,23,12,Monday,1,False,12.936788,77.688224,2026-01-12 23:00:00,0.1694284914446872,0.0,35.677495961262395,0.050061436577904794,0.4529417647890737
4,12.937091,77.686934,2026-01-13,00:00:00,2026-01-13 00:00:00,0,13,Tuesday,1,False,12.938158,77.687561,2026-01-12 23:00:00,0.13776802371563357,0.13776802371563357,35.81526398497803,0.050061436577904794,0.4529417647890737
4,12.933056,77.688622,2026-01-13,00:00:00,2026-01-13 00:00:00,0,13,Tuesday,1,False,12.937091,77.686934,2026-01-13 00:00:00,0.4868970478870127,0.0,36.302161032865044,0.050061436577904794,0.4529417647890737
4,12.937888,77.687766,2026-01-13,06:00:00,2026-01-13 06:00:00,6,13,Tuesday,1,False,12.933056,77.688622,2026-01-13 00:00:00,0.5462734529963119,0.09104557549938531,36.848434485861354,0.050061436577904794,0.4529417647890737
4,12.934424,77.692605,2026-01-13,12:00:00,2026-01-13 12:00:00,12,13,Tuesday,1,False,12.937888,77.687766,2026-01-13 06:00:00,0.6624729520450777,0.11041215867417963,37.51090743790643,0.050061436577904794,0.4529417647890737
4,12.937732,77.691323,2026-01-13,12:00:00,2026-01-13 12:00:00,12,13,Tuesday,1,False,12.934424,77.692605,2026-01-13 12:00:00,0.39493330120135584,0.0,37.90584073910779,0.050061436577904794,0.4529417647890737
4,12.937074,77.689695,2026-01-13,18:00:00,2026-01-13 18:00:00,18,13,Tuesday,1,False,12.937732,77.691323,2026-01-13 12:00:00,0.19547196086552374,0.03257866014425396,38.10131269997331,0.050061436577904794,0.4529417647890737
4,12.933328,77.688806,2026-01-13,18:00:00,2026-01-13 18:00:00,18,13,Tuesday,1,False,12.937074,77.689695,2026-01-13 18:00:00,0.4285868720296187,0.0,38.529899572002925,0.050061436577904794,0.4529417647890737
4,12.939969,77.69111,2026-01-14,01:00:00,2026-01-14 01:00:00,1,14,Wednesday,1,False,12.933328,77.688806,2026-01-13 18:00:00,0.7825035645876881,0.11178622351252687,39.31240313659062,0.050061436577904794,0.4529417647890737
4,12.939088,77.690053,2026-01-14,01:00:00,2026-01-14 01:00:00,1,14,Wednesday,1,False,12.939969,77.69111,2026-01-14 01:00:00,0.1531776953126099,0.0,39.465580831903225,0.050061436577904794,0.4529417647890737
4,12.935996,77.689974,2026-01-14,07:00:00,2026-01-14 07:00:00,7,14,Wednesday,1,False,12.939088,77.690053,2026-01-14 01:00:00,0.3443137677451082,0.05738562795751803,39.80989459964834,0.050061436577904794,0.4529417647890737
4,12.937426,77.689578,2026-01-14,13:00:00,2026-01-14 13:00:00,13,14,Wednesday,1,False,12.935996,77.689974,2026-01-14 07:00:00,0.16517862511984216,0.027529770853307028,39.975073224768174,0.050061436577904794,0.4529417647890737
4,12.935986,77.685882,2026-01-14,13:00:00,2026-01-14 13:00:00,13,14,Wednesday,1,False,12.937426,77.689578,2026-01-14 13:00:00,0.4415633213878356,0.0,40.41663654615601,0.050061436577904794,0.4529417647890737
4,12.935384,77.691288,2026-01-14,19:00:00,2026-01-14 19:00:00,19,14,Wednesday,1,False,12.935986,77.685882,2026-01-14 13:00:00,0.6055157234144292,0.10091928723573819,41.02215226957044,0.050061436577904794,0.4529417647890737
4,12.933706,77.688514,2026-01-14,19:00:00,2026-01-14 19:00:00,19,14,Wednesday,1,False,12.935384,77.691288,2026-01-14 19:00:00,0.3609028049937867,0.0,41.383055074564226,0.050061436577904794,0.4529417647890737
4,12.938243,77.683971,2026-01-15,02:00:00,2026-01-15 02:00:00,2,15,Thursday,1,False,12.933706,77.688514,2026-01-14 19:00:00,0.7147335081286875,0.10210478687552679,42.097788582692914,0.050061436577904794,0.4529417647890737
4,12.93988,77.688634,2026-01-15,02:00:00,2026-01-15 02:00:00,2,15,Thursday,1,False,12.938243,77.683971,2026-01-15 02:00:00,0.5501431471704608,0.0,42.64793172986338,0.050061436577904794,0.4529417647890737
4,12.943454,77.687038,2026-01-15,08:00:00,2026-01-15 08:00:00,8,15,Thursday,1,False,12.93988,77.688634,2026-01-15 02:00:00,0.43572490969659927,0.07262081828276655,43.083656639559976,0.050061436577904794,0.4529417647890737
4,12.93685,77.690384,2026-01-15,14:00:00,2026-01-15 14:00:00,14,15,Thursday,1,False,12.943454,77.687038,2026-01-15 08:00:00,0.8241329584953572,0.13735549308255954,43.90778959805533,0.050061436577904794,0.4529417647890737
4,12.937744,77.684231,2026-01-15,14:00:00,2026-01-15 14:00:00,14,15,Thursday,1,False,12.93685,77.690384,2026-01-15 14:00:00,0.69214408458839,0.0,44.59993368264372,0.050061436577904794,0.4529417647890737
4,12.940405,77.690605,2026-01-15,20:00:00,2026-01-15 20:00:00,20,15,Thursday,1,False,12.937744,77.684231,2026-01-15 14:00:00,0.7689045494454813,0.12815075824091354,45.3688382320892,0.050061436577904794,0.4529417647890737
4,12.933827,77.689899,2026-01-15,20:00:00,2026-01-15 20:00:00,20,15,Thursday,1,False,12.940405,77.690605,2026-01-15 20:00:00,0.736468419198866,0.0,46.10530665128807,0.050061436577904794,0.4529417647890737
4,12.938346,77.68945,2026-01-16,03:00:00,2026-01-16 03:00:00,3,16,Friday,1,False,12.933827,77.689899,2026-01-15 20:00:00,0.5055320779274488,0.07221886827534983,46.610838729215516,0.050061436577904794,0.4529417647890737
4,12.936693,77.687168,2026-01-16,03:00:00,2026-01-16 03:00:00,3,16,Friday,1,False,12.938346,77.68945,2026-01-16 03:00:00,0.3136762349654226,0.0,46.92451496418094,0.050061436577904794,0.4529417647890737
4,12.939248,77.688009,2026-01-16,09:00:00,2026-01-16 09:00:00,9,16,Friday,1,False,12.936693,77.687168,2026-01-16 03:00:00,0.2994343705378534,0.04990572842297556,47.223949334718796,0.050061436577904794,0.4529417647890737
4,12.93872,77.68619,2026-01-16,15:00:00,2026-01-16 15:00:00,15,16,Friday,1,False,12.939248,77.688009,2026-01-16 09:00:00,0.21084916055390884,0.035141526758984805,47.4347984952727,0.050061436577904794,0.4529417647890737
4,12.938103,77.687494,2026-01-16,15:00:00,2026-01-16 15:00:00,15,16,Friday,1,False,12.93872,77.68619,2026-01-16 15:00:00,0.16059062709107014,0.0,47.59538912236378,0.050061436577904794,0.4529417647890737
4,12.936257,77.690965,2026-01-16,21:00:00,2026-01-16 21:00:00,21,16,Friday,1,False,12.938103,77.687494,2026-01-16 15:00:00,0.4376385074644816,0.07293975124408027,48.033027629828254,0.050061436577904794,0.4529417647890737
4,12.938182,77.687345,2026-01-16,21:00:00,2026-01-16 21:00:00,21,16,Friday,1,False,12.936257,77.690965,2026-01-16 21:00:00,0.45641233939131143,0.0,48.48943996921957,0.050061436577904794,0.4529417647890737
4,12.939812,77.690543,2026-01-17,04:00:00,2026-01-17 04:00:00,4,17,Saturday,1,True,12.938182,77.687345,2026-01-16 21:00:00,0.39957684050175357,0.057082405785964796,48.88901680972132,0.050061436577904794,0.4529417647890737
4,12.939731,77.688828,2026-01-17,04:00:00,2026-01-17 04:00:00,4,17,Saturday,1,True,12.939812,77.690543,2026-01-17 04:00:00,0.19112661739514705,0.0,49.08014342711647,0.050061436577904794,0.4529417647890737
4,12.933557,77.690417,2026-01-17,10:00:00,2026-01-17 10:00:00,10,17,Saturday,1,True,12.939731,77.688828,2026-01-17 04:00:00,0.7096874557261326,0.11828124262102209,49.7898308828426,0.050061436577904794,0.4529417647890737
4,12.937594,77.68822,2026-01-17,16:00:00,2026-01-17 16:00:00,16,17,Saturday,1,True,12.933557,77.690417,2026-01-17 10:00:00,0.5116383701978601,0.08527306169964334,50.30146925304046,0.050061436577904794,0.4529417647890737
4,12.939395,77.68496,2026-01-17,16:00:00,2026-01-17 16:00:00,16,17,Saturday,1,True,12.937594,77.68822,2026-01-17 16:00:00,0.4146008900747179,0.0,50.716070143115175,0.050061436577904794,0.4529417647890737
4,12.9364,77.691998,2026-01-17,22:00:00,2026-01-17 22:00:00,22,17,Saturday,1,True,12.939395,77.68496,2026-01-17 16:00:00,0.8514595226673353,0.1419099204445559,51.567529665782516,0.050061436577904794,0.4529417647890737
4,12.941031,77.68978,2026-01-17,22:00:00,2026-01-17 22:00:00,22,17,Saturday,1,True,12.9364,77.691998,2026-01-17 22:00:00,0.5716006674186783,0.0,52.139130333201194,0.050061436577904794,0.4529417647890737
4,12.941304,77.68797,2026-01-18,05:00:00,2026-01-18 05:00:00,5,18,Sunday,1,True,12.941031,77.68978,2026-01-17 22:00:00,0.20376818126784377,0.029109740181120537,52.342898514469034,0.050061436577904794,0.4529417647890737
4,12.938775,77.688431,2026-01-18,05:00:00,2026-01-18 05:00:00,5,18,Sunday,1,True,12.941304,77.68797,2026-01-18 05:00:00,0.28616736874538656,0.0,52.62906588321442,0.050061436577904794,0.4529417647890737
4,12.939175,77.687331,2026-01-18,11:00:00,2026-01-18 11:00:00,11,18,Sunday,1,True,12.938775,77.688431,2026-01-18 05:00:00,0.1302967194055231,0.021716119900920514,52.759362602619944,0.050061436577904794,0.4529417647890737
4,12.937949,77.690485,2026-01-18,17:00:00,2026-01-18 17:00:00,17,18,Sunday,1,True,12.939175,77.687331,2026-01-18 11:00:00,0.37669595837547143,0.06278265972924524,53.136058560995416,0.050061436577904794,0.4529417647890737
4,12.940202,77.691186,2026-01-18,17:00:00,2026-01-18 17:00:00,17,18,Sunday,1,True,12.937949,77.690485,2026-01-18 17:00:00,0.262663544328625,0.0,53.39872210532404,0.050061436577904794,0.4529417647890737
4,12.936403,77.68901,2026-01-18,23:00:00,2026-01-18 23:00:00,23,18,Sunday,1,True,12.940202,77.691186,2026-01-18 17:00:00,0.48736522774886126,0.08122753795814354,53.8860873330729,0.050061436577904794,0.4529417647890737
4,12.940157,77.687252,2026-01-18,23:00:00,2026-01-18 23:00:00,23,18,Sunday,1,True,12.936403,77.68901,2026-01-18 23:00:00,0.4614489941805979,0.0,54.3475363272535,0.050061436577904794,0.4529417647890737
4,12.940891,77.687523,2026-01-19,00:00:00,2026-01-19 00:00:00,0,19,Monday,1,False,12.940157,77.687252,2026-01-18 23:00:00,0.08710012859269058,0.08710012859269058,54.43463645584619,0.050061436577904794,0.4529417647890737
4,12.939946,77.686118,2026-01-19,00:00:00,2026-01-19 00:00:00,0,19,Monday,1,False,12.940891,77.687523,2026-01-19 00:00:00,0.18849109227786667,0.0,54.62312754812406,0.050061436577904794,0.4529417647890737
4,12.934461,77.692204,2026-01-19,06:00:00,2026-01-19 06:00:00,6,19,Monday,1,False,12.939946,77.686118,2026-01-19 00:00:00,0.9120404936074027,0.15200674893456712,55.53516804173146,0.050061436577904794,0.4529417647890737
4,12.938617,77.687967,2026-01-19,06:00:00,2026-01-19 06:00:00,6,19,Monday,1,False,12.934461,77.692204,2026-01-19 06:00:00,0.6606868259091228,0.0,56.195854867640584,0.050061436577904794,0.4529417647890737
4,12.93899,77.68776,2026-01-19,12:00:00,2026-01-19 12:00:00,12,19,Monday,1,False,12.938617,77.687967,2026-01-19 06:00:00,0.047487864656994686,0.007914644109499115,56.24334273229758,0.050061436577904794,0.4529417647890737
4,12.937455,77.68834,2026-01-19,18:00:00,2026-01-19 18:00:00,18,19,Monday,1,False,12.93899,77.68776,2026-01-19 12:00:00,0.18266743669797886,0.030444572782996476,56.42601016899556,0.050061436577904794,0.4529417647890737
4,12.937469,77.690159,2026-01-19,18:00:00,2026-01-19 18:00:00,18,19,Monday,1,False,12.937455,77.68834,2026-01-19 18:00:00,0.2024970773600632,0.0,56.62850724635562,0.050061436577904794,0.4529417647890737
4,12.935688,77.687361,2026-01-20,01:00:00,2026-01-20 01:00:00,1,20,Tuesday,1,False,12.937469,77.690159,2026-01-19 18:00:00,0.36921950976188356,0.05274564425169765,56.9977267561175,0.050061436577904794,0.4529417647890737
4,12.94425,77.69045,2026-01-20,01:00:00,2026-01-20 01:00:00,1,20,Tuesday,1,False,12.935688,77.687361,2026-01-20 01:00:00,1.0132551927755644,0.0,58.01098194889307,0.050061436577904794,0.4529417647890737
4,12.943397,77.689934,2026-01-20,07:00:00,2026-01-20 07:00:00,7,20,Tuesday,1,False,12.94425,77.69045,2026-01-20 01:00:00,0.11097800055172398,0.01849633342528733,58.12195994944479,0.050061436577904794,0.4529417647890737
4,12.940814,77.687431,2026-01-20,07:00:00,2026-01-20 07:00:00,7,20,Tuesday,1,False,12.943397,77.689934,2026-01-20 07:00:00,0.40039465809328173,0.0,58.52235460753808,0.050061436577904794,0.4529417647890737
4,12.942264,77.687514,2026-01-20,13:00:00,2026-01-20 13:00:00,13,20,Tuesday,1,False,12.940814,77.687431,2026-01-20 07:00:00,0.1616782263168978,0.0269463710528163,58.68403283385497,0.050061436577904794,0.4529417647890737
4,12.942785,77.692879,2026-01-20,19:00:00,2026-01-20 19:00:00,19,20,Tuesday,1,False,12.942264,77.687514,2026-01-20 13:00:00,0.6000412972937972,0.10000688288229953,59.28407413114877,0.050061436577904794,0.4529417647890737
4,12.939402,77.692787,2026-01-20,19:00:00,2026-01-20 19:00:00,19,20,Tuesday,1,False,12.942785,77.692879,2026-01-20 19:00:00,0.3767347912061121,0.0,59.66080892235488,0.050061436577904794,0.4529417647890737
4,12.935845,77.687678,2026-01-21,02:00:00,2026-01-21 02:00:00,2,21,Wednesday,1,False,12.939402,77.692787,2026-01-20 19:00:00,0.6929983387763521,0.09899976268233601,60.35380726113123,0.050061436577904794,0.4529417647890737
4,12.937167,77.690984,2026-01-21,02:00:00,2026-01-21 02:00:00,2,21,Wednesday,1,False,12.935845,77.687678,2026-01-21 02:00:00,0.3963573573051894,0.0,60.75016461843642,0.050061436577904794,0.4529417647890737
4,12.933593,77.690676,2026-01-21,08:00:00,2026-01-21 08:00:00,8,21,Wednesday,1,False,12.937167,77.690984,2026-01-21 02:00:00,0.3993323199187397,0.06655538665312329,61.14949693835516,0.050061436577904794,0.4529417647890737
4,12.933534,77.689302,2026-01-21,14:00:00,2026-01-21 14:00:00,14,21,Wednesday,1,False,12.933593,77.690676,2026-01-21 08:00:00,0.15309462849226216,0.025515771415377028,61.302591566847425,0.050061436577904794,0.4529417647890737
4,12.940602,77.690437,2026-01-21,20:00:00,2026-01-21 20:00:00,20,21,Wednesday,1,False,12.933534,77.689302,2026-01-21 14:00:00,0.79688987073164,0.13281497845527332,62.099481437579065,0.050061436577904794,0.4529417647890737
4,12.938331,77.688257,2026-01-21,20:00:00,2026-01-21 20:00:00,20,21,Wednesday,1,False,12.940602,77.690437,2026-01-21 20:00:00,0.35043424609177415,0.0,62.44991568367084,0.050061436577904794,0.4529417647890737
4,12.937346,77.688642,2026-01-22,03:00:00,2026-01-22 03:00:00,3,22,Thursday,1,False,12.938331,77.688257,2026-01-21 20:00:00,0.11772846583287154,0.016818352261838792,62.56764414950371,0.050061436577904794,0.4529417647890737
4,12.937419,77.688643,2026-01-22,03:00:00,2026-01-22 03:00:00,3,22,Thursday,1,False,12.937346,77.688642,2026-01-22 03:00:00,0.008127122430031573,0.0,62.57577127193374,0.050061436577904794,0.4529417647890737
4,12.936996,77.686749,2026-01-22,09:00:00,2026-01-22 09:00:00,9,22,Thursday,1,False,12.937419,77.688643,2026-01-22 03:00:00,0.21603437916582022,0.03600572986097004,62.79180565109956,0.050061436577904794,0.4529417647890737
4,12.935696,77.693124,2026-01-22,15:00:00,2026-01-22 15:00:00,15,22,Thursday,1,False,12.936996,77.686749,2026-01-22 09:00:00,0.7242700690209776,0.12071167817016293,63.51607572012054,0.050061436577904794,0.4529417647890737
4,12.938779,77.686804,2026-01-22,21:00:00,2026-01-22 21:00:00,21,22,Thursday,1,False,12.935696,77.693124,2026-01-22 15:00:00,0.7827885069304035,0.13046475115506725,64.29886422705094,0.050061436577904794,0.4529417647890737
4,12.933668,77.685916,2026-01-22,21:00:00,2026-01-22 21:00:00,21,22,Thursday,1,False,12.938779,77.686804,2026-01-22 21:00:00,0.5774801045809831,0.0,64.87634433163193,0.050061436577904794,0.4529417647890737
4,12.937499,77.687236,2026-01-23,04:00:00,2026-01-23 04:00:00,4,23,Friday,1,False,12.933668,77.685916,2026-01-22 21:00:00,0.45107217024750973,0.06443888146392997,65.32741650187944,0.050061436577904794,0.4529417647890737
4,12.937707,77.685609,2026-01-23,04:00:00,2026-01-23 04:00:00,4,23,Friday,1,False,12.937499,77.687236,2026-01-23 04:00:00,0.18259171166272417,0.0,65.51000821354216,0.050061436577904794,0.4529417647890737
4,12.93884,77.694682,2026-01-23,10:00:00,2026-01-23 10:00:00,10,23,Friday,1,False,12.937707,77.685609,2026-01-23 04:00:00,1.0178509243135607,0.16964182071892678,66.52785913785571,0.050061436577904794,0.4529417647890737
4,12.936995,77.69106,2026-01-23,16:00:00,2026-01-23 16:00:00,16,23,Friday,1,False,12.93884,77.694682,2026-01-23 10:00:00,0.45249778031603194,0.07541629671933865,66.98035691817175,0.050061436577904794,0.4529417647890737
4,12.936,77.685623,2026-01-23,22:00:00,2026-01-23 22:00:00,22,23,Friday,1,False,12.936995,77.69106,2026-01-23 16:00:00,0.6152985195071574,0.10254975325119291,67.59565543767891,0.050061436577904794,0.4529417647890737
4,12.93647,77.687128,2026-01-23,22:00:00,2026-01-23 22:00:00,22,23,Friday,1,False,12.936,77.685623,2026-01-23 22:00:00,0.1755162003790987,0.0,67.77117163805801,0.050061436577904794,0.4529417647890737
4,12.936774,77.69002,2026-01-24,05:00:00,2026-01-24 05:00:00,5,24,Saturday,1,True,12.93647,77.687128,2026-01-23 22:00:00,0.32371121004066306,0.04624445857723758,68.09488284809868,0.050061436577904794,0.4529417647890737
4,12.936815,77.68985,2026-01-24,05:00:00,2026-01-24 05:00:00,5,24,Saturday,1,True,12.936774,77.69002,2026-01-24 05:00:00,0.019467000455174348,0.0,68.11434984855384,0.050061436577904794,0.4529417647890737
4,12.938001,77.689567,2026-01-24,11:00:00,2026-01-24 11:00:00,11,24,Saturday,1,True,12.936815,77.68985,2026-01-24 05:00:00,0.13573213408781573,0.022622022347969287,68.25008198264166,0.050061436577904794,0.4529417647890737
4,12.937455,77.6857,2026-01-24,17:00:00,2026-01-24 17:00:00,17,24,Saturday,1,True,12.938001,77.689567,2026-01-24 11:00:00,0.4347442229828877,0.07245737049714794,68.68482620562455,0.050061436577904794,0.4529417647890737
4,12.938695,77.690236,2026-01-24,23:00:00,2026-01-24 23:00:00,23,24,Saturday,1,True,12.937455,77.6857,2026-01-24 17:00:00,0.5234750768742984,0.0872458461457164,69.20830128249885,0.050061436577904794,0.4529417647890737
4,12.936377,77.691282,2026-01-24,23:00:00,2026-01-24 23:00:00,23,24,Saturday,1,True,12.938695,77.690236,2026-01-24 23:00:00,0.2830953178965962,0.0,69.49139660039545,0.050061436577904794,0.4529417647890737
4,12.939195,77.688347,2026-01-25,00:00:00,2026-01-25 00:00:00,0,25,Sunday,1,True,12.936377,77.691282,2026-01-24 23:00:00,0.4529417647890737,0.4529417647890737,69.94433836518452,0.050061436577904794,0.4529417647890737
4,12.938381,77.691243,2026-01-25,00:00:00,2026-01-25 00:00:00,0,25,Sunday,1,True,12.939195,77.688347,2026-01-25 00:00:00,0.3348755024494408,0.0,70.27921386763396,0.050061436577904794,0.4529417647890737
4,12.936081,77.687065,2026-01-25,06:00:00,2026-01-25 06:00:00,6,25,Sunday,1,True,12.938381,77.691243,2026-01-25 00:00:00,0.5309121915279282,0.08848536525465471,70.81012605916189,0.050061436577904794,0.4529417647890737
4,12.936533,77.693785,2026-01-25,06:00:00,2026-01-25 06:00:00,6,25,Sunday,1,True,12.936081,77.687065,2026-01-25 06:00:00,0.7497606868976877,0.0,71.55988674605958,0.050061436577904794,0.4529417647890737
4,12.935824,77.687571,2026-01-25,12:00:00,2026-01-25 12:00:00,12,25,Sunday,1,True,12.936533,77.693785,2026-01-25 06:00:00,0.6962305316275097,0.11603842193791829,72.25611727768708,0.050061436577904794,0.4529417647890737
4,12.942716,77.687506,2026-01-25,18:00:00,2026-01-25 18:00:00,18,25,Sunday,1,True,12.935824,77.687571,2026-01-25 12:00:00,0.7672515604688597,0.1278752600781433,73.02336883815595,0.050061436577904794,0.4529417647890737
4,12.937544,77.691108,2026-01-26,01:00:00,2026-01-26 01:00:00,1,26,Monday,1,False,12.942716,77.687506,2026-01-25 18:00:00,0.7016162170246311,0.10023088814637586,73.72498505518057,0.050061436577904794,0.4529417647890737
4,12.938346,77.689154,2026-01-26,01:00:00,2026-01-26 01:00:00,1,26,Monday,1,False,12.937544,77.691108,2026-01-26 01:00:00,0.23512828994365928,0.0,73.96011334512423,0.050061436577904794,0.4529417647890737
4,12.938158,77.694042,2026-01-26,07:00:00,2026-01-26 07:00:00,7,26,Monday,1,False,12.938346,77.689154,2026-01-26 01:00:00,0.5445344758842396,0.09075574598070661,74.50464782100848,0.050061436577904794,0.4529417647890737
4,12.937577,77.688904,2026-01-26,07:00:00,2026-01-26 07:00:00,7,26,Monday,1,False,12.938158,77.694042,2026-01-26 07:00:00,0.575607345725236,0.0,75.0802551667337,0.050061436577904794,0.4529417647890737
4,12.942035,77.688025,2026-01-26,13:00:00,2026-01-26 13:00:00,13,26,Monday,1,False,12.937577,77.688904,2026-01-26 07:00:00,0.5058193262501698,0.08430322104169496,75.58607449298388,0.050061436577904794,0.4529417647890737
4,12.937349,77.691617,2026-01-26,19:00:00,2026-01-26 19:00:00,19,26,Monday,1,False,12.942035,77.688025,2026-01-26 13:00:00,0.657269518336946,0.10954491972282433,76.24334401132083,0.050061436577904794,0.4529417647890737
4,12.936587,77.689816,2026-01-27,02:00:00,2026-01-27 02:00:00,2,27,Tuesday,1,False,12.937349,77.691617,2026-01-26 19:00:00,0.217693795530566,0.031099113647223713,76.4610378068514,0.050061436577904794,0.4529417647890737
4,12.937237,77.687222,2026-01-27,02:00:00,2026-01-27 02:00:00,2,27,Tuesday,1,False,12.936587,77.689816,2026-01-27 02:00:00,0.29769174335453863,0.0,76.75872955020593,0.050061436577904794,0.4529417647890737
4,12.942918,77.683623,2026-01-27,08:00:00,2026-01-27 08:00:00,8,27,Tuesday,1,False,12.937237,77.687222,2026-01-27 02:00:00,0.7486347551158073,0.1247724591859679,77.50736430532174,0.050061436577904794,0.4529417647890737
4,12.942576,77.69019,2026-01-27,08:00:00,2026-01-27 08:00:00,8,27,Tuesday,1,False,12.942918,77.683623,2026-01-27 08:00:00,0.7320291218947198,0.0,78.23939342721646,0.050061436577904794,0.4529417647890737
4,12.937508,77.687771,2026-01-27,14:00:00,2026-01-27 14:00:00,14,27,Tuesday,1,False,12.942576,77.69019,2026-01-27 08:00:00,0.6251407003812158,0.10419011673020263,78.86453412759768,0.050061436577904794,0.4529417647890737
4,12.94114,77.690408,2026-01-27,20:00:00,2026-01-27 20:00:00,20,27,Tuesday,1,False,12.937508,77.687771,2026-01-27 14:00:00,0.49964197214813194,0.08327366202468865,79.3641760997458,0.050061436577904794,0.4529417647890737
4,12.941366,77.690674,2026-01-28,03:00:00,2026-01-28 03:00:00,3,28,Wednesday,1,False,12.94114,77.690408,2026-01-27 20:00:00,0.0388556236965824,0.005550803385226058,79.40303172344238,0.050061436577904794,0.4529417647890737
4,12.939205,77.691221,2026-01-28,03:00:00,2026-01-28 03:00:00,3,28,Wednesday,1,False,12.941366,77.690674,2026-01-28 03:00:00,0.24814948431163164,0.0,79.65118120775402,0.050061436577904794,0.4529417647890737
4,12.937945,77.688247,2026-01-28,09:00:00,2026-01-28 09:00:00,9,28,Wednesday,1,False,12.939205,77.691221,2026-01-28 03:00:00,0.35955284694703793,0.05992547449117299,80.01073405470106,0.050061436577904794,0.4529417647890737
4,12.943197,77.689122,2026-01-28,09:00:00,2026-01-28 09:00:00,9,28,Wednesday,1,False,12.937945,77.688247,2026-01-28 09:00:00,0.5927110961369724,0.0,80.60344515083803,0.050061436577904794,0.4529417647890737
4,12.939557,77.686817,2026-01-28,15:00:00,2026-01-28 15:00:00,15,28,Wednesday,1,False,12.943197,77.689122,2026-01-28 09:00:00,0.4796151502165973,0.07993585836943289,81.08306030105463,0.050061436577904794,0.4529417647890737
4,12.939954,77.69339,2026-01-28,21:00:00,2026-01-28 21:00:00,21,28,Wednesday,1,False,12.939557,77.686817,2026-01-28 15:00:00,0.7330397741147121,0.12217329568578535,81.81610007516935,0.050061436577904794,0.4529417647890737
4,12.940024,77.689436,2026-01-29,04:00:00,2026-01-29 04:00:00,4,29,Thursday,1,False,12.939954,77.69339,2026-01-28 21:00:00,0.44022825132788057,0.06288975018969722,82.25632832649723,0.050061436577904794,0.4529417647890737
4,12.939076,77.690102,2026-01-29,04:00:00,2026-01-29 04:00:00,4,29,Thursday,1,False,12.940024,77.689436,2026-01-29 04:00:00,0.12897083801282788,0.0,82.38529916451004,0.050061436577904794,0.4529417647890737
4,12.938879,77.688629,2026-01-29,10:00:00,2026-01-29 10:00:00,10,29,Thursday,1,False,12.939076,77.690102,2026-01-29 04:00:00,0.1654343295433222,0.02757238825722037,82.55073349405338,0.050061436577904794,0.4529417647890737
4,12.936176,77.684036,2026-01-29,10:00:00,2026-01-29 10:00:00,10,29,Thursday,1,False,12.938879,77.688629,2026-01-29 10:00:00,0.5932620574085155,0.0,83.14399555146188,0.050061436577904794,0.4529417647890737
4,12.94014,77.68758,2026-01-29,16:00:00,2026-01-29 16:00:00,16,29,Thursday,1,False,12.936176,77.684036,2026-01-29 10:00:00,0.5919171538749509,0.09865285897915849,83.73591270533683,0.050061436577904794,0.4529417647890737
4,12.942621,77.69158,2026-01-29,22:00:00,2026-01-29 22:00:00,22,29,Thursday,1,False,12.94014,77.68758,2026-01-29 16:00:00,0.523977469397273,0.08732957823287883,84.25989017473411,0.050061436577904794,0.4529417647890737
4,12.940458,77.68834,2026-01-30,05:00:00,2026-01-30 05:00:00,5,30,Friday,1,False,12.942621,77.69158,2026-01-29 22:00:00,0.433664902124847,0.06195212887497814,84.69355507685896,0.050061436577904794,0.4529417647890737
4,12.937531,77.688152,2026-01-30,05:00:00,2026-01-30 05:00:00,5,30,Friday,1,False,12.940458,77.68834,2026-01-30 05:00:00,0.32650505177804745,0.0,85.020060128637,0.050061436577904794,0.4529417647890737
4,12.938217,77.688528,2026-01-30,11:00:00,2026-01-30 11:00:00,11,30,Friday,1,False,12.937531,77.688152,2026-01-30 05:00:00,0.08708412122102663,0.014514020203504438,85.10714424985802,0.050061436577904794,0.4529417647890737
4,12.937002,77.689631,2026-01-30,11:00:00,2026-01-30 11:00:00,11,30,Friday,1,False,12.938217,77.688528,2026-01-30 11:00:00,0.1826745258310022,0.0,85.28981877568903,0.050061436577904794,0.4529417647890737
4,12.940814,77.692838,2026-01-30,17:00:00,2026-01-30 17:00:00,17,30,Friday,1,False,12.937002,77.689631,2026-01-30 11:00:00,0.5545500856379054,0.09242501427298423,85.84436886132694,0.050061436577904794,0.4529417647890737
4,12.939966,77.684057,2026-01-30,23:00:00,2026-01-30 23:00:00,23,30,Friday,1,False,12.940814,77.692838,2026-01-30 17:00:00,0.9820485159955372,0.16367475266592288,86.82641737732247,0.050061436577904794,0.4529417647890737
5,12.974633,77.597626,2026-01-01,00:00:00,2026-01-01 00:00:00,0,1,Thursday,1,False,,,,0.0,0.0,0.0,0.05163866098471872,0.9163338307446758
5,12.973694,77.597545,2026-01-01,00:00:00,2026-01-01 00:00:00,0,1,Thursday,1,False,12.974633,77.597626,2026-01-01 00:00:00,0.1049176678895896,0.0,0.1049176678895896,0.05163866098471872,0.9163338307446758
5,12.970964,77.598274,2026-01-01,06:00:00,2026-01-01 06:00:00,6,1,Thursday,1,False,12.973694,77.597545,2026-01-01 00:00:00,0.3145522065448922,0.05242536775748203,0.4194698744344818,0.05163866098471872,0.9163338307446758
5,12.968185,77.595077,2026-01-01,06:00:00,2026-01-01 06:00:00,6,1,Thursday,1,False,12.970964,77.598274,2026-01-01 06:00:00,0.47155091557093864,0.0,0.8910207900054204,0.05163866098471872,0.9163338307446758
5,12.9703,77.59306,2026-01-01,12:00:00,2026-01-01 12:00:00,12,1,Thursday,1,False,12.968185,77.595077,2026-01-01 06:00:00,0.3253423701273008,0.05422372835455013,1.2163631601327212,0.05163866098471872,0.9163338307446758
5,12.972974,77.595398,2026-01-01,12:00:00,2026-01-01 12:00:00,12,1,Thursday,1,False,12.9703,77.59306,2026-01-01 12:00:00,0.39540575670190775,0.0,1.611768916834629,0.05163866098471872,0.9163338307446758
5,12.97233,77.596659,2026-01-01,18:00:00,2026-01-01 18:00:00,18,1,Thursday,1,False,12.972974,77.595398,2026-01-01 12:00:00,0.15762129753190304,0.026270216255317173,1.769390214366532,0.05163866098471872,0.9163338307446758
5,12.975339,77.597271,2026-01-02,01:00:00,2026-01-02 01:00:00,1,2,Friday,1,False,12.97233,77.596659,2026-01-01 18:00:00,0.3418199286704831,0.048831418381497585,2.111210143037015,0.05163866098471872,0.9163338307446758
5,12.971727,77.59368,2026-01-02,01:00:00,2026-01-02 01:00:00,1,2,Friday,1,False,12.975339,77.597271,2026-01-02 01:00:00,0.5669874685704491,0.0,2.678197611607464,0.05163866098471872,0.9163338307446758
5,12.971778,77.592336,2026-01-02,07:00:00,2026-01-02 07:00:00,7,2,Friday,1,False,12.971727,77.59368,2026-01-02 01:00:00,0.14972175826089504,0.02495362637681584,2.827919369868359,0.05163866098471872,0.9163338307446758
5,12.973925,77.597194,2026-01-02,07:00:00,2026-01-02 07:00:00,7,2,Friday,1,False,12.971778,77.592336,2026-01-02 07:00:00,0.5912525045084085,0.0,3.419171874376768,0.05163866098471872,0.9163338307446758
5,12.96978,77.596167,2026-01-02,13:00:00,2026-01-02 13:00:00,13,2,Friday,1,False,12.973925,77.597194,2026-01-02 07:00:00,0.47537360080204577,0.07922893346700763,3.8945454751788136,0.05163866098471872,0.9163338307446758
5,12.969458,77.594233,2026-01-02,13:00:00,2026-01-02 13:00:00,13,2,Friday,1,False,12.96978,77.596167,2026-01-02 13:00:00,0.2182564800203893,0.0,4.1128019551992026,0.05163866098471872,0.9163338307446758
5,12.972793,77.594442,2026-01-02,19:00:00,2026-01-02 19:00:00,19,2,Friday,1,False,12.969458,77.594233,2026-01-02 13:00:00,0.37198050644757397,0.06199675107459566,4.484782461646777,0.05163866098471872,0.9163338307446758
5,12.971033,77.596876,2026-01-03,02:00:00,2026-01-03 02:00:00,2,3,Saturday,1,True,12.972793,77.594442,2026-01-02 19:00:00,0.33436710884613446,0.047766729835162065,4.819149570492911,0.05163866098471872,0.9163338307446758
5,12.969864,77.593791,2026-01-03,02:00:00,2026-01-03 02:00:00,2,3,Saturday,1,True,12.971033,77.596876,2026-01-03 02:00:00,0.36725117557749204,0.0,5.186400746070404,0.05163866098471872,0.9163338307446758
5,12.971103,77.594493,2026-01-03,08:00:00,2026-01-03 08:00:00,8,3,Saturday,1,True,12.969864,77.593791,2026-01-03 02:00:00,0.1585255038679546,0.02642091731132577,5.344926249938358,0.05163866098471872,0.9163338307446758
5,12.972019,77.597073,2026-01-03,08:00:00,2026-01-03 08:00:00,8,3,Saturday,1,True,12.971103,77.594493,2026-01-03 08:00:00,0.30477000853856745,0.0,5.649696258476926,0.05163866098471872,0.9163338307446758
5,12.970644,77.593298,2026-01-03,14:00:00,2026-01-03 14:00:00,14,3,Saturday,1,True,12.972019,77.597073,2026-01-03 08:00:00,0.44724117488562626,0.07454019581427104,6.096937433362552,0.05163866098471872,0.9163338307446758
5,12.973243,77.595411,2026-01-03,14:00:00,2026-01-03 14:00:00,14,3,Saturday,1,True,12.970644,77.593298,2026-01-03 14:00:00,0.3728733150903514,0.0,6.469810748452903,0.05163866098471872,0.9163338307446758
5,12.975448,77.597098,2026-01-03,20:00:00,2026-01-03 20:00:00,20,3,Saturday,1,True,12.973243,77.595411,2026-01-03 14:00:00,0.30906076953653167,0.05151012825608861,6.778871517989435,0.05163866098471872,0.9163338307446758
5,12.972288,77.595435,2026-01-04,03:00:00,2026-01-04 03:00:00,3,4,Sunday,1,True,12.975448,77.597098,2026-01-03 20:00:00,0.3975101281913916,0.056787161170198795,7.176381646180826,0.05163866098471872,0.9163338307446758
5,12.975629,77.591735,2026-01-04,03:00:00,2026-01-04 03:00:00,3,4,Sunday,1,True,12.972288,77.595435,2026-01-04 03:00:00,0.5549531557854777,0.0,7.7313348019663035,0.05163866098471872,0.9163338307446758
5,12.973247,77.594995,2026-01-04,09:00:00,2026-01-04 09:00:00,9,4,Sunday,1,True,12.975629,77.591735,2026-01-04 03:00:00,0.44945612326983186,0.07490935387830532,8.180790925236137,0.05163866098471872,0.9163338307446758
5,12.972065,77.597027,2026-01-04,09:00:00,2026-01-04 09:00:00,9,4,Sunday,1,True,12.973247,77.594995,2026-01-04 09:00:00,0.2616883890039185,0.0,8.442479314240055,0.05163866098471872,0.9163338307446758
5,12.972678,77.595323,2026-01-04,15:00:00,2026-01-04 15:00:00,15,4,Sunday,1,True,12.972065,77.597027,2026-01-04 09:00:00,0.20159019297717146,0.03359836549619524,8.644069507217226,0.05163866098471872,0.9163338307446758
5,12.971533,77.59578,2026-01-04,15:00:00,2026-01-04 15:00:00,15,4,Sunday,1,True,12.972678,77.595323,2026-01-04 15:00:00,0.1372388248207019,0.0,8.781308332037927,0.05163866098471872,0.9163338307446758
5,12.974478,77.599886,2026-01-04,21:00:00,2026-01-04 21:00:00,21,4,Sunday,1,True,12.971533,77.59578,2026-01-04 15:00:00,0.5624939236162121,0.09374898726936869,9.34380225565414,0.05163866098471872,0.9163338307446758
5,12.973729,77.594955,2026-01-05,04:00:00,2026-01-05 04:00:00,4,5,Monday,1,False,12.974478,77.599886,2026-01-04 21:00:00,0.5552152600680064,0.0793164657240009,9.899017515722146,0.05163866098471872,0.9163338307446758
5,12.971355,77.592719,2026-01-05,04:00:00,2026-01-05 04:00:00,4,5,Monday,1,False,12.973729,77.594955,2026-01-05 04:00:00,0.3630392853800127,0.0,10.262056801102158,0.05163866098471872,0.9163338307446758
5,12.975068,77.59733,2026-01-05,10:00:00,2026-01-05 10:00:00,10,5,Monday,1,False,12.971355,77.592719,2026-01-05 04:00:00,0.6590265285029601,0.10983775475049334,10.92108332960512,0.05163866098471872,0.9163338307446758
5,12.973662,77.594408,2026-01-05,10:00:00,2026-01-05 10:00:00,10,5,Monday,1,False,12.975068,77.59733,2026-01-05 10:00:00,0.36097421786674627,0.0,11.282057547471865,0.05163866098471872,0.9163338307446758
5,12.972475,77.592132,2026-01-05,16:00:00,2026-01-05 16:00:00,16,5,Monday,1,False,12.973662,77.594408,2026-01-05 10:00:00,0.28575098098510826,0.047625163497518046,11.567808528456974,0.05163866098471872,0.9163338307446758
5,12.972147,77.592605,2026-01-05,16:00:00,2026-01-05 16:00:00,16,5,Monday,1,False,12.972475,77.592132,2026-01-05 16:00:00,0.0640755637896586,0.0,11.631884092246631,0.05163866098471872,0.9163338307446758
5,12.971409,77.594775,2026-01-05,22:00:00,2026-01-05 22:00:00,22,5,Monday,1,False,12.972147,77.592605,2026-01-05 16:00:00,0.25515223955956606,0.042525373259927675,11.887036331806199,0.05163866098471872,0.9163338307446758
5,12.973098,77.597078,2026-01-06,05:00:00,2026-01-06 05:00:00,5,6,Tuesday,1,False,12.971409,77.594775,2026-01-05 22:00:00,0.3179259052826179,0.04541798646894541,12.204962237088816,0.05163866098471872,0.9163338307446758
5,12.971101,77.595942,2026-01-06,05:00:00,2026-01-06 05:00:00,5,6,Tuesday,1,False,12.973098,77.597078,2026-01-06 05:00:00,0.25575766971715597,0.0,12.460719906805972,0.05163866098471872,0.9163338307446758
5,12.97197,77.598461,2026-01-06,11:00:00,2026-01-06 11:00:00,11,6,Tuesday,1,False,12.971101,77.595942,2026-01-06 05:00:00,0.2966322297707048,0.04943870496178413,12.757352136576676,0.05163866098471872,0.9163338307446758
5,12.969472,77.590484,2026-01-06,11:00:00,2026-01-06 11:00:00,11,6,Tuesday,1,False,12.97197,77.598461,2026-01-06 11:00:00,0.9305215627722588,0.0,13.687873699348936,0.05163866098471872,0.9163338307446758
5,12.975322,77.594837,2026-01-06,17:00:00,2026-01-06 17:00:00,17,6,Tuesday,1,False,12.969472,77.590484,2026-01-06 11:00:00,0.811728990669568,0.13528816511159467,14.499602690018504,0.05163866098471872,0.9163338307446758
5,12.974901,77.594631,2026-01-06,17:00:00,2026-01-06 17:00:00,17,6,Tuesday,1,False,12.975322,77.594837,2026-01-06 17:00:00,0.05217536455045607,0.0,14.55177805456896,0.05163866098471872,0.9163338307446758
5,12.973468,77.592688,2026-01-06,23:00:00,2026-01-06 23:00:00,23,6,Tuesday,1,False,12.974901,77.594631,2026-01-06 17:00:00,0.2687574209371551,0.04479290348952585,14.820535475506114,0.05163866098471872,0.9163338307446758
5,12.975816,77.594755,2026-01-07,00:00:00,2026-01-07 00:00:00,0,7,Wednesday,1,False,12.973468,77.592688,2026-01-06 23:00:00,0.34823047242448185,0.34823047242448185,15.168765947930597,0.05163866098471872,0.9163338307446758
5,12.975299,77.59738,2026-01-07,06:00:00,2026-01-07 06:00:00,6,7,Wednesday,1,False,12.975816,77.594755,2026-01-07 00:00:00,0.29782862450512965,0.04963810408418828,15.466594572435726,0.05163866098471872,0.9163338307446758
5,12.973175,77.593688,2026-01-07,06:00:00,2026-01-07 06:00:00,6,7,Wednesday,1,False,12.975299,77.59738,2026-01-07 06:00:00,0.47415316252775574,0.0,15.940747734963482,0.05163866098471872,0.9163338307446758
5,12.973964,77.592803,2026-01-07,12:00:00,2026-01-07 12:00:00,12,7,Wednesday,1,False,12.973175,77.593688,2026-01-07 06:00:00,0.13198562274042652,0.021997603790071086,16.072733357703907,0.05163866098471872,0.9163338307446758
5,12.974511,77.593025,2026-01-07,12:00:00,2026-01-07 12:00:00,12,7,Wednesday,1,False,12.973964,77.592803,2026-01-07 12:00:00,0.06571586476154494,0.0,16.138449222465454,0.05163866098471872,0.9163338307446758
5,12.976185,77.594928,2026-01-07,18:00:00,2026-01-07 18:00:00,18,7,Wednesday,1,False,12.974511,77.593025,2026-01-07 12:00:00,0.282140424704898,0.04702340411748299,16.420589647170353,0.05163866098471872,0.9163338307446758
5,12.972498,77.599122,2026-01-07,18:00:00,2026-01-07 18:00:00,18,7,Wednesday,1,False,12.976185,77.594928,2026-01-07 18:00:00,0.6216362873136584,0.0,17.04222593448401,0.05163866098471872,0.9163338307446758
5,12.973909,77.5966,2026-01-08,01:00:00,2026-01-08 01:00:00,1,8,Thursday,1,False,12.972498,77.599122,2026-01-07 18:00:00,0.3217014143581652,0.045957344908309314,17.363927348842175,0.05163866098471872,0.9163338307446758
5,12.978773,77.598859,2026-01-08,07:00:00,2026-01-08 07:00:00,7,8,Thursday,1,False,12.973909,77.5966,2026-01-08 01:00:00,0.5970071673213241,0.09950119455355401,17.960934516163498,0.05163866098471872,0.9163338307446758
5,12.973786,77.595156,2026-01-08,07:00:00,2026-01-08 07:00:00,7,8,Thursday,1,False,12.978773,77.598859,2026-01-08 07:00:00,0.691461005629929,0.0,18.652395521793427,0.05163866098471872,0.9163338307446758
5,12.97254,77.597809,2026-01-08,13:00:00,2026-01-08 13:00:00,13,8,Thursday,1,False,12.973786,77.595156,2026-01-08 07:00:00,0.3262820343619954,0.054380339060332565,18.978677556155425,0.05163866098471872,0.9163338307446758
5,12.975145,77.59919,2026-01-08,13:00:00,2026-01-08 13:00:00,13,8,Thursday,1,False,12.97254,77.597809,2026-01-08 13:00:00,0.32821821829608244,0.0,19.306895774451505,0.05163866098471872,0.9163338307446758
5,12.975509,77.592025,2026-01-08,19:00:00,2026-01-08 19:00:00,19,8,Thursday,1,False,12.975145,77.59919,2026-01-08 13:00:00,0.7986364078339101,0.13310606797231836,20.105532182285415,0.05163866098471872,0.9163338307446758
5,12.976133,77.596255,2026-01-08,19:00:00,2026-01-08 19:00:00,19,8,Thursday,1,False,12.975509,77.592025,2026-01-08 19:00:00,0.47597958736413515,0.0,20.581511769649552,0.05163866098471872,0.9163338307446758
5,12.973966,77.592632,2026-01-09,02:00:00,2026-01-09 02:00:00,2,9,Friday,1,False,12.976133,77.596255,2026-01-08 19:00:00,0.4699499812871338,0.06713571161244768,21.051461750936685,0.05163866098471872,0.9163338307446758
5,12.974201,77.595077,2026-01-09,08:00:00,2026-01-09 08:00:00,8,9,Friday,1,False,12.973966,77.592632,2026-01-09 02:00:00,0.27343169738588563,0.04557194956431427,21.32489344832257,0.05163866098471872,0.9163338307446758
5,12.970759,77.595203,2026-01-09,08:00:00,2026-01-09 08:00:00,8,9,Friday,1,False,12.974201,77.595077,2026-01-09 08:00:00,0.383420082162485,0.0,21.708313530485057,0.05163866098471872,0.9163338307446758
5,12.976642,77.59702,2026-01-09,14:00:00,2026-01-09 14:00:00,14,9,Friday,1,False,12.970759,77.595203,2026-01-09 08:00:00,0.685420102074614,0.11423668367910234,22.39373363255967,0.05163866098471872,0.9163338307446758
5,12.975552,77.594957,2026-01-09,14:00:00,2026-01-09 14:00:00,14,9,Friday,1,False,12.976642,77.59702,2026-01-09 14:00:00,0.2597377105538638,0.0,22.653471343113534,0.05163866098471872,0.9163338307446758
5,12.973215,77.594641,2026-01-09,20:00:00,2026-01-09 20:00:00,20,9,Friday,1,False,12.975552,77.594957,2026-01-09 14:00:00,0.26252232390207264,0.04375372065034544,22.915993667015606,0.05163866098471872,0.9163338307446758
5,12.971226,77.597464,2026-01-09,20:00:00,2026-01-09 20:00:00,20,9,Friday,1,False,12.973215,77.594641,2026-01-09 20:00:00,0.3844240816917338,0.0,23.30041774870734,0.05163866098471872,0.9163338307446758
5,12.974936,77.592527,2026-01-10,03:00:00,2026-01-10 03:00:00,3,10,Saturday,1,True,12.971226,77.597464,2026-01-09 20:00:00,0.6874680951933649,0.09820972788476642,23.987885843900706,0.05163866098471872,0.9163338307446758
5,12.975163,77.5963,2026-01-10,09:00:00,2026-01-10 09:00:00,9,10,Saturday,1,True,12.974936,77.592527,2026-01-10 03:00:00,0.420769838762986,0.07012830646049767,24.408655682663692,0.05163866098471872,0.9163338307446758
5,12.972654,77.593809,2026-01-10,09:00:00,2026-01-10 09:00:00,9,10,Saturday,1,True,12.975163,77.5963,2026-01-10 09:00:00,0.39357818477075934,0.0,24.80223386743445,0.05163866098471872,0.9163338307446758
5,12.972404,77.593923,2026-01-10,15:00:00,2026-01-10 15:00:00,15,10,Saturday,1,True,12.972654,77.593809,2026-01-10 09:00:00,0.03058687925676239,0.005097813209460398,24.832820746691212,0.05163866098471872,0.9163338307446758
5,12.976255,77.598763,2026-01-10,15:00:00,2026-01-10 15:00:00,15,10,Saturday,1,True,12.972404,77.593923,2026-01-10 15:00:00,0.6885283825800741,0.0,25.521349129271286,0.05163866098471872,0.9163338307446758
5,12.977771,77.594604,2026-01-10,21:00:00,2026-01-10 21:00:00,21,10,Saturday,1,True,12.976255,77.598763,2026-01-10 15:00:00,0.4927785353570384,0.08212975589283973,26.014127664628326,0.05163866098471872,0.9163338307446758
5,12.974273,77.593484,2026-01-10,21:00:00,2026-01-10 21:00:00,21,10,Saturday,1,True,12.977771,77.594604,2026-01-10 21:00:00,0.40887040416441806,0.0,26.422998068792744,0.05163866098471872,0.9163338307446758
5,12.971655,77.594163,2026-01-11,04:00:00,2026-01-11 04:00:00,4,11,Sunday,1,True,12.974273,77.593484,2026-01-10 21:00:00,0.3010782089937181,0.0430111727133883,26.724076277786462,0.05163866098471872,0.9163338307446758
5,12.97484,77.593833,2026-01-11,10:00:00,2026-01-11 10:00:00,10,11,Sunday,1,True,12.971655,77.594163,2026-01-11 04:00:00,0.3564522198625559,0.05940870331042598,27.080528497649016,0.05163866098471872,0.9163338307446758
5,12.970349,77.592756,2026-01-11,10:00:00,2026-01-11 10:00:00,10,11,Sunday,1,True,12.97484,77.593833,2026-01-11 10:00:00,0.514112953708862,0.0,27.59464145135788,0.05163866098471872,0.9163338307446758
5,12.970663,77.598767,2026-01-11,16:00:00,2026-01-11 16:00:00,16,11,Sunday,1,True,12.970349,77.592756,2026-01-11 10:00:00,0.6700568664809184,0.1116761444134864,28.264698317838796,0.05163866098471872,0.9163338307446758
5,12.971533,77.598234,2026-01-11,16:00:00,2026-01-11 16:00:00,16,11,Sunday,1,True,12.970663,77.598767,2026-01-11 16:00:00,0.11357853637338662,0.0,28.378276854212185,0.05163866098471872,0.9163338307446758
5,12.96907,77.593472,2026-01-11,22:00:00,2026-01-11 22:00:00,22,11,Sunday,1,True,12.971533,77.598234,2026-01-11 16:00:00,0.5968144687430292,0.0994690781238382,28.975091322955212,0.05163866098471872,0.9163338307446758
5,12.967912,77.5984,2026-01-11,22:00:00,2026-01-11 22:00:00,22,11,Sunday,1,True,12.96907,77.593472,2026-01-11 22:00:00,0.5635271734162999,0.0,29.538618496371512,0.05163866098471872,0.9163338307446758
5,12.973067,77.596261,2026-01-12,05:00:00,2026-01-12 05:00:00,5,12,Monday,1,False,12.967912,77.5984,2026-01-11 22:00:00,0.6212947217696959,0.08875638882424228,30.15991321814121,0.05163866098471872,0.9163338307446758
5,12.970698,77.595188,2026-01-12,11:00:00,2026-01-12 11:00:00,11,12,Monday,1,False,12.973067,77.596261,2026-01-12 05:00:00,0.28950670320582444,0.04825111720097074,30.449419921347033,0.05163866098471872,0.9163338307446758
5,12.968112,77.595259,2026-01-12,11:00:00,2026-01-12 11:00:00,11,12,Monday,1,False,12.970698,77.595188,2026-01-12 11:00:00,0.28798199997064733,0.0,30.73740192131768,0.05163866098471872,0.9163338307446758
5,12.971899,77.597176,2026-01-12,17:00:00,2026-01-12 17:00:00,17,12,Monday,1,False,12.968112,77.595259,2026-01-12 11:00:00,0.47250400490525307,0.07875066748420885,31.209905926222934,0.05163866098471872,0.9163338307446758
5,12.972421,77.595561,2026-01-12,17:00:00,2026-01-12 17:00:00,17,12,Monday,1,False,12.971899,77.597176,2026-01-12 17:00:00,0.18893955684558128,0.0,31.398845483068516,0.05163866098471872,0.9163338307446758
5,12.970339,77.594685,2026-01-12,23:00:00,2026-01-12 23:00:00,23,12,Monday,1,False,12.972421,77.595561,2026-01-12 17:00:00,0.25144770776292424,0.04190795129382071,31.65029319083144,0.05163866098471872,0.9163338307446758
5,12.96924,77.597847,2026-01-12,23:00:00,2026-01-12 23:00:00,23,12,Monday,1,False,12.970339,77.594685,2026-01-12 23:00:00,0.3726485011120521,0.0,32.022941691943494,0.05163866098471872,0.9163338307446758
5,12.970152,77.593034,2026-01-13,00:00:00,2026-01-13 00:00:00,0,13,Tuesday,1,False,12.96924,77.597847,2026-01-12 23:00:00,0.5453170496397465,0.5453170496397465,32.568258741583236,0.05163866098471872,0.9163338307446758
5,12.97245,77.593094,2026-01-13,00:00:00,2026-01-13 00:00:00,0,13,Tuesday,1,False,12.970152,77.593034,2026-01-13 00:00:00,0.25590054096679427,0.0,32.824159282550035,0.05163866098471872,0.9163338307446758
5,12.971611,77.596648,2026-01-13,06:00:00,2026-01-13 06:00:00,6,13,Tuesday,1,False,12.97245,77.593094,2026-01-13 00:00:00,0.4065060872675053,0.06775101454458422,33.23066536981754,0.05163866098471872,0.9163338307446758
5,12.978272,77.598278,2026-01-13,12:00:00,2026-01-13 12:00:00,12,13,Tuesday,1,False,12.971611,77.596648,2026-01-13 06:00:00,0.763381078039506,0.12723017967325098,33.994046447857045,0.05163866098471872,0.9163338307446758
5,12.973041,77.594719,2026-01-13,12:00:00,2026-01-13 12:00:00,12,13,Tuesday,1,False,12.978272,77.598278,2026-01-13 12:00:00,0.7043120773585697,0.0,34.69835852521561,0.05163866098471872,0.9163338307446758
5,12.969125,77.58993,2026-01-13,18:00:00,2026-01-13 18:00:00,18,13,Tuesday,1,False,12.973041,77.594719,2026-01-13 12:00:00,0.6886523417313494,0.11477539028855822,35.387010866946966,0.05163866098471872,0.9163338307446758
5,12.970074,77.594314,2026-01-13,18:00:00,2026-01-13 18:00:00,18,13,Tuesday,1,False,12.969125,77.58993,2026-01-13 18:00:00,0.4993301627583806,0.0,35.88634102970534,0.05163866098471872,0.9163338307446758
5,12.973939,77.590625,2026-01-14,01:00:00,2026-01-14 01:00:00,1,14,Wednesday,1,False,12.970074,77.594314,2026-01-13 18:00:00,0.5947754365443518,0.08496791950633598,36.481116466249695,0.05163866098471872,0.9163338307446758
5,12.973693,77.593737,2026-01-14,01:00:00,2026-01-14 01:00:00,1,14,Wednesday,1,False,12.973939,77.590625,2026-01-14 01:00:00,0.3475085196317598,0.0,36.828624985881454,0.05163866098471872,0.9163338307446758
5,12.97388,77.596902,2026-01-14,07:00:00,2026-01-14 07:00:00,7,14,Wednesday,1,False,12.973693,77.593737,2026-01-14 01:00:00,0.3529422324971572,0.05882370541619287,37.18156721837861,0.05163866098471872,0.9163338307446758
5,12.969334,77.596059,2026-01-14,13:00:00,2026-01-14 13:00:00,13,14,Wednesday,1,False,12.97388,77.596902,2026-01-14 07:00:00,0.5146881734908498,0.08578136224847498,37.696255391869464,0.05163866098471872,0.9163338307446758
5,12.969661,77.595229,2026-01-14,13:00:00,2026-01-14 13:00:00,13,14,Wednesday,1,False,12.969334,77.596059,2026-01-14 13:00:00,0.0993077353176384,0.0,37.7955631271871,0.05163866098471872,0.9163338307446758
5,12.972359,77.595858,2026-01-14,19:00:00,2026-01-14 19:00:00,19,14,Wednesday,1,False,12.969661,77.595229,2026-01-14 13:00:00,0.3083954800868827,0.05139924668114712,38.10395860727398,0.05163866098471872,0.9163338307446758
5,12.970927,77.59441,2026-01-14,19:00:00,2026-01-14 19:00:00,19,14,Wednesday,1,False,12.972359,77.595858,2026-01-14 19:00:00,0.2267030638432768,0.0,38.33066167111726,0.05163866098471872,0.9163338307446758
5,12.974175,77.597272,2026-01-15,02:00:00,2026-01-15 02:00:00,2,15,Thursday,1,False,12.970927,77.59441,2026-01-14 19:00:00,0.48190822722863713,0.06884403246123387,38.8125698983459,0.05163866098471872,0.9163338307446758
5,12.971056,77.5953,2026-01-15,02:00:00,2026-01-15 02:00:00,2,15,Thursday,1,False,12.974175,77.597272,2026-01-15 02:00:00,0.4107835457919501,0.0,39.22335344413785,0.05163866098471872,0.9163338307446758
5,12.969901,77.590661,2026-01-15,08:00:00,2026-01-15 08:00:00,8,15,Thursday,1,False,12.971056,77.5953,2026-01-15 02:00:00,0.5321788328096021,0.08869647213493369,39.75553227694745,0.05163866098471872,0.9163338307446758
5,12.96914,77.595481,2026-01-15,14:00:00,2026-01-15 14:00:00,14,15,Thursday,1,False,12.969901,77.590661,2026-01-15 08:00:00,0.5432087618896834,0.09053479364828056,40.298741038837136,0.05163866098471872,0.9163338307446758
5,12.975208,77.594521,2026-01-15,14:00:00,2026-01-15 14:00:00,14,15,Thursday,1,False,12.96914,77.595481,2026-01-15 14:00:00,0.6838910836536584,0.0,40.98263212249079,0.05163866098471872,0.9163338307446758
5,12.973127,77.595794,2026-01-15,20:00:00,2026-01-15 20:00:00,20,15,Thursday,1,False,12.975208,77.594521,2026-01-15 14:00:00,0.2715635371605774,0.0452605895267629,41.254195659651366,0.05163866098471872,0.9163338307446758
5,12.971432,77.596699,2026-01-15,20:00:00,2026-01-15 20:00:00,20,15,Thursday,1,False,12.973127,77.595794,2026-01-15 20:00:00,0.2138981284349608,0.0,41.46809378808633,0.05163866098471872,0.9163338307446758
5,12.974963,77.592231,2026-01-16,03:00:00,2026-01-16 03:00:00,3,16,Friday,1,False,12.971432,77.596699,2026-01-15 20:00:00,0.6339474617763118,0.09056392311090168,42.102041249862644,0.05163866098471872,0.9163338307446758
5,12.972367,77.593895,2026-01-16,03:00:00,2026-01-16 03:00:00,3,16,Friday,1,False,12.974963,77.592231,2026-01-16 03:00:00,0.3432577426066239,0.0,42.44529899246926,0.05163866098471872,0.9163338307446758
5,12.972949,77.590074,2026-01-16,09:00:00,2026-01-16 09:00:00,9,16,Friday,1,False,12.972367,77.593895,2026-01-16 03:00:00,0.4302595764888064,0.07170992941480107,42.87555856895807,0.05163866098471872,0.9163338307446758
5,12.972739,77.597486,2026-01-16,15:00:00,2026-01-16 15:00:00,15,16,Friday,1,False,12.972949,77.590074,2026-01-16 09:00:00,0.8254349400546261,0.13757249000910435,43.7009935090127,0.05163866098471872,0.9163338307446758
5,12.976527,77.594298,2026-01-16,15:00:00,2026-01-16 15:00:00,15,16,Friday,1,False,12.972739,77.597486,2026-01-16 15:00:00,0.5511440496335823,0.0,44.25213755864628,0.05163866098471872,0.9163338307446758
5,12.972729,77.595636,2026-01-16,21:00:00,2026-01-16 21:00:00,21,16,Friday,1,False,12.976527,77.594298,2026-01-16 15:00:00,0.44826240511458587,0.07471040085243098,44.700399963760866,0.05163866098471872,0.9163338307446758
5,12.970966,77.593966,2026-01-16,21:00:00,2026-01-16 21:00:00,21,16,Friday,1,False,12.972729,77.595636,2026-01-16 21:00:00,0.2703281686963878,0.0,44.97072813245725,0.05163866098471872,0.9163338307446758
5,12.970386,77.595481,2026-01-17,04:00:00,2026-01-17 04:00:00,4,17,Saturday,1,True,12.970966,77.593966,2026-01-16 21:00:00,0.18058646611488918,0.025798066587841312,45.15131459857214,0.05163866098471872,0.9163338307446758
5,12.973529,77.595593,2026-01-17,04:00:00,2026-01-17 04:00:00,4,17,Saturday,1,True,12.970386,77.595481,2026-01-17 04:00:00,0.35010083366559175,0.0,45.501415432237735,0.05163866098471872,0.9163338307446758
5,12.974006,77.591748,2026-01-17,10:00:00,2026-01-17 10:00:00,10,17,Saturday,1,True,12.973529,77.595593,2026-01-17 04:00:00,0.43130652071714654,0.07188442011952442,45.93272195295488,0.05163866098471872,0.9163338307446758
5,12.976111,77.59846,2026-01-17,16:00:00,2026-01-17 16:00:00,16,17,Saturday,1,True,12.974006,77.591748,2026-01-17 10:00:00,0.783062964314892,0.130510494052482,46.71578491726977,0.05163866098471872,0.9163338307446758
5,12.973874,77.594888,2026-01-17,16:00:00,2026-01-17 16:00:00,16,17,Saturday,1,True,12.976111,77.59846,2026-01-17 16:00:00,0.46917587307736075,0.0,47.184960790347134,0.05163866098471872,0.9163338307446758
5,12.974291,77.594696,2026-01-17,22:00:00,2026-01-17 22:00:00,22,17,Saturday,1,True,12.973874,77.594888,2026-01-17 16:00:00,0.05110461023437168,0.008517435039061947,47.2360654005815,0.05163866098471872,0.9163338307446758
5,12.973965,77.594895,2026-01-17,22:00:00,2026-01-17 22:00:00,22,17,Saturday,1,True,12.974291,77.594696,2026-01-17 22:00:00,0.04251739122823645,0.0,47.27858279180974,0.05163866098471872,0.9163338307446758
5,12.973754,77.591407,2026-01-18,05:00:00,2026-01-18 05:00:00,5,18,Sunday,1,True,12.973965,77.594895,2026-01-17 22:00:00,0.3889939581508263,0.05557056545011805,47.66757674996057,0.05163866098471872,0.9163338307446758
5,12.975715,77.59298,2026-01-18,05:00:00,2026-01-18 05:00:00,5,18,Sunday,1,True,12.973754,77.591407,2026-01-18 05:00:00,0.27985081944915846,0.0,47.947427569409726,0.05163866098471872,0.9163338307446758
5,12.974537,77.592629,2026-01-18,11:00:00,2026-01-18 11:00:00,11,18,Sunday,1,True,12.975715,77.59298,2026-01-18 05:00:00,0.13683238677288223,0.02280539779548037,48.084259956182606,0.05163866098471872,0.9163338307446758
5,12.974471,77.596591,2026-01-18,17:00:00,2026-01-18 17:00:00,17,18,Sunday,1,True,12.974537,77.592629,2026-01-18 11:00:00,0.4411110308487574,0.07351850514145956,48.525370987031366,0.05163866098471872,0.9163338307446758
5,12.97523,77.596285,2026-01-18,17:00:00,2026-01-18 17:00:00,17,18,Sunday,1,True,12.974471,77.596591,2026-01-18 17:00:00,0.09110010116227484,0.0,48.61647108819364,0.05163866098471872,0.9163338307446758
5,12.971139,77.595011,2026-01-18,23:00:00,2026-01-18 23:00:00,23,18,Sunday,1,True,12.97523,77.596285,2026-01-18 17:00:00,0.4769819349998244,0.0794969891666374,49.09345302319347,0.05163866098471872,0.9163338307446758
5,12.972458,77.598206,2026-01-18,23:00:00,2026-01-18 23:00:00,23,18,Sunday,1,True,12.971139,77.595011,2026-01-18 23:00:00,0.384783920502266,0.0,49.478236943695734,0.05163866098471872,0.9163338307446758
5,12.976575,77.591078,2026-01-19,00:00:00,2026-01-19 00:00:00,0,19,Monday,1,False,12.972458,77.598206,2026-01-18 23:00:00,0.9163338307446758,0.9163338307446758,50.39457077444041,0.05163866098471872,0.9163338307446758
5,12.973401,77.597425,2026-01-19,00:00:00,2026-01-19 00:00:00,0,19,Monday,1,False,12.976575,77.591078,2026-01-19 00:00:00,0.7899696168825288,0.0,51.18454039132293,0.05163866098471872,0.9163338307446758
5,12.976158,77.598121,2026-01-19,06:00:00,2026-01-19 06:00:00,6,19,Monday,1,False,12.973401,77.597425,2026-01-19 00:00:00,0.3165378865953223,0.052756314432553714,51.50107827791826,0.05163866098471872,0.9163338307446758
5,12.973443,77.592344,2026-01-19,06:00:00,2026-01-19 06:00:00,6,19,Monday,1,False,12.976158,77.598121,2026-01-19 06:00:00,0.7105753106115904,0.0,52.21165358852985,0.05163866098471872,0.9163338307446758
5,12.969896,77.591157,2026-01-19,12:00:00,2026-01-19 12:00:00,12,19,Monday,1,False,12.973443,77.592344,2026-01-19 06:00:00,0.4163751649382236,0.06939586082303727,52.62802875346807,0.05163866098471872,0.9163338307446758
5,12.976444,77.596799,2026-01-19,18:00:00,2026-01-19 18:00:00,18,19,Monday,1,False,12.969896,77.591157,2026-01-19 12:00:00,0.9621839605517991,0.16036399342529986,53.59021271401987,0.05163866098471872,0.9163338307446758
5,12.97581,77.595888,2026-01-19,18:00:00,2026-01-19 18:00:00,18,19,Monday,1,False,12.976444,77.596799,2026-01-19 18:00:00,0.12355401735013358,0.0,53.71376673137001,0.05163866098471872,0.9163338307446758
5,12.973015,77.594595,2026-01-20,01:00:00,2026-01-20 01:00:00,1,20,Tuesday,1,False,12.97581,77.595888,2026-01-19 18:00:00,0.34281994853233894,0.048974278361762706,54.056586679902345,0.05163866098471872,0.9163338307446758
5,12.972228,77.589017,2026-01-20,01:00:00,2026-01-20 01:00:00,1,20,Tuesday,1,False,12.973015,77.594595,2026-01-20 01:00:00,0.627092870649717,0.0,54.683679550552064,0.05163866098471872,0.9163338307446758
5,12.972984,77.59425,2026-01-20,07:00:00,2026-01-20 07:00:00,7,20,Tuesday,1,False,12.972228,77.589017,2026-01-20 01:00:00,0.5885852226398656,0.09809753710664426,55.27226477319193,0.05163866098471872,0.9163338307446758
5,12.976776,77.597638,2026-01-20,07:00:00,2026-01-20 07:00:00,7,20,Tuesday,1,False,12.972984,77.59425,2026-01-20 07:00:00,0.5660685814350106,0.0,55.83833335462694,0.05163866098471872,0.9163338307446758
5,12.974668,77.591251,2026-01-20,13:00:00,2026-01-20 13:00:00,13,20,Tuesday,1,False,12.976776,77.597638,2026-01-20 07:00:00,0.748724723477883,0.1247874539129805,56.58705807810482,0.05163866098471872,0.9163338307446758
5,12.972792,77.593853,2026-01-20,19:00:00,2026-01-20 19:00:00,19,20,Tuesday,1,False,12.974668,77.591251,2026-01-20 13:00:00,0.3570888111162016,0.05951480185270027,56.944146889221024,0.05163866098471872,0.9163338307446758
5,12.97611,77.59763,2026-01-20,19:00:00,2026-01-20 19:00:00,19,20,Tuesday,1,False,12.972792,77.593853,2026-01-20 19:00:00,0.5596512999315116,0.0,57.50379818915253,0.05163866098471872,0.9163338307446758
5,12.96872,77.597985,2026-01-21,02:00:00,2026-01-21 02:00:00,2,21,Wednesday,1,False,12.97611,77.59763,2026-01-20 19:00:00,0.823603448092075,0.117657635441725,58.327401637244606,0.05163866098471872,0.9163338307446758
5,12.97172,77.595237,2026-01-21,02:00:00,2026-01-21 02:00:00,2,21,Wednesday,1,False,12.96872,77.597985,2026-01-21 02:00:00,0.4528891635952051,0.0,58.780290800839815,0.05163866098471872,0.9163338307446758
5,12.975145,77.595804,2026-01-21,08:00:00,2026-01-21 08:00:00,8,21,Wednesday,1,False,12.97172,77.595237,2026-01-21 02:00:00,0.3864602345767121,0.06441003909611868,59.166751035416524,0.05163866098471872,0.9163338307446758
5,12.972775,77.596,2026-01-21,14:00:00,2026-01-21 14:00:00,14,21,Wednesday,1,False,12.975145,77.595804,2026-01-21 08:00:00,0.26472907129546147,0.04412151188257691,59.43148010671199,0.05163866098471872,0.9163338307446758
5,12.972729,77.592603,2026-01-21,20:00:00,2026-01-21 20:00:00,20,21,Wednesday,1,False,12.972775,77.596,2026-01-21 14:00:00,0.3781887091680687,0.06303145152801144,59.80966881588006,0.05163866098471872,0.9163338307446758
5,12.971181,77.593713,2026-01-21,20:00:00,2026-01-21 20:00:00,20,21,Wednesday,1,False,12.972729,77.592603,2026-01-21 20:00:00,0.21204645494003346,0.0,60.02171527082009,0.05163866098471872,0.9163338307446758
5,12.971529,77.595635,2026-01-22,03:00:00,2026-01-22 03:00:00,3,22,Thursday,1,False,12.971181,77.593713,2026-01-21 20:00:00,0.21743585946006172,0.031062265637151674,60.23915113028015,0.05163866098471872,0.9163338307446758
5,12.974924,77.593224,2026-01-22,03:00:00,2026-01-22 03:00:00,3,22,Thursday,1,False,12.971529,77.595635,2026-01-22 03:00:00,0.4635371483468849,0.0,60.702688278627036,0.05163866098471872,0.9163338307446758
5,12.972475,77.59573,2026-01-22,09:00:00,2026-01-22 09:00:00,9,22,Thursday,1,False,12.974924,77.593224,2026-01-22 03:00:00,0.3900592596508018,0.06500987660846697,61.092747538277834,0.05163866098471872,0.9163338307446758
5,12.974736,77.598504,2026-01-22,15:00:00,2026-01-22 15:00:00,15,22,Thursday,1,False,12.972475,77.59573,2026-01-22 09:00:00,0.3983824907912625,0.06639708179854374,61.4911300290691,0.05163866098471872,0.9163338307446758
5,12.975326,77.592828,2026-01-22,21:00:00,2026-01-22 21:00:00,21,22,Thursday,1,False,12.974736,77.598504,2026-01-22 15:00:00,0.6352566875366139,0.10587611458943565,62.126386716605715,0.05163866098471872,0.9163338307446758
5,12.968047,77.597053,2026-01-22,21:00:00,2026-01-22 21:00:00,21,22,Thursday,1,False,12.975326,77.592828,2026-01-22 21:00:00,0.9369048988561192,0.0,63.063291615461836,0.05163866098471872,0.9163338307446758
5,12.970622,77.593979,2026-01-23,04:00:00,2026-01-23 04:00:00,4,23,Friday,1,False,12.968047,77.597053,2026-01-22 21:00:00,0.4463932138801457,0.0637704591257351,63.50968482934198,0.05163866098471872,0.9163338307446758
5,12.972546,77.593239,2026-01-23,04:00:00,2026-01-23 04:00:00,4,23,Friday,1,False,12.970622,77.593979,2026-01-23 04:00:00,0.22947521108657679,0.0,63.73916004042856,0.05163866098471872,0.9163338307446758
5,12.96814,77.593515,2026-01-23,10:00:00,2026-01-23 10:00:00,10,23,Friday,1,False,12.972546,77.593239,2026-01-23 04:00:00,0.49143729197044766,0.08190621532840794,64.230597332399,0.05163866098471872,0.9163338307446758
5,12.975129,77.592213,2026-01-23,16:00:00,2026-01-23 16:00:00,16,23,Friday,1,False,12.96814,77.593515,2026-01-23 10:00:00,0.7914008443795549,0.1319001407299258,65.02199817677855,0.05163866098471872,0.9163338307446758
5,12.97471,77.594458,2026-01-23,22:00:00,2026-01-23 22:00:00,22,23,Friday,1,False,12.975129,77.592213,2026-01-23 16:00:00,0.2542288032689632,0.04237146721149387,65.27622698004753,0.05163866098471872,0.9163338307446758
5,12.972745,77.593177,2026-01-23,22:00:00,2026-01-23 22:00:00,22,23,Friday,1,False,12.97471,77.594458,2026-01-23 22:00:00,0.26112041747723025,0.0,65.53734739752475,0.05163866098471872,0.9163338307446758
5,12.972265,77.594445,2026-01-24,05:00:00,2026-01-24 05:00:00,5,24,Saturday,1,True,12.972745,77.593177,2026-01-23 22:00:00,0.1509289023711781,0.021561271767311155,65.68827629989593,0.05163866098471872,0.9163338307446758
5,12.973265,77.597551,2026-01-24,05:00:00,2026-01-24 05:00:00,5,24,Saturday,1,True,12.972265,77.594445,2026-01-24 05:00:00,0.3632383028792321,0.0,66.05151460277516,0.05163866098471872,0.9163338307446758
5,12.975097,77.593456,2026-01-24,11:00:00,2026-01-24 11:00:00,11,24,Saturday,1,True,12.973265,77.597551,2026-01-24 05:00:00,0.49939458491527505,0.08323243081921251,66.55090918769044,0.05163866098471872,0.9163338307446758
5,12.971568,77.596361,2026-01-24,17:00:00,2026-01-24 17:00:00,17,24,Saturday,1,True,12.975097,77.593456,2026-01-24 11:00:00,0.5088294120980345,0.08480490201633907,67.05973859978847,0.05163866098471872,0.9163338307446758
5,12.969499,77.595571,2026-01-24,23:00:00,2026-01-24 23:00:00,23,24,Saturday,1,True,12.971568,77.596361,2026-01-24 17:00:00,0.24653952211368563,0.041089920352280936,67.30627812190215,0.05163866098471872,0.9163338307446758
5,12.973603,77.598667,2026-01-24,23:00:00,2026-01-24 23:00:00,23,24,Saturday,1,True,12.969499,77.595571,2026-01-24 23:00:00,0.5722761011047841,0.0,67.87855422300694,0.05163866098471872,0.9163338307446758
5,12.972222,77.59259,2026-01-25,00:00:00,2026-01-25 00:00:00,0,25,Sunday,1,True,12.973603,77.598667,2026-01-24 23:00:00,0.6937396843790509,0.6937396843790509,68.572293907386,0.05163866098471872,0.9163338307446758
5,12.973977,77.596838,2026-01-25,00:00:00,2026-01-25 00:00:00,0,25,Sunday,1,True,12.972222,77.59259,2026-01-25 00:00:00,0.5116547308915675,0.0,69.08394863827756,0.05163866098471872,0.9163338307446758
5,12.971692,77.593753,2026-01-25,06:00:00,2026-01-25 06:00:00,6,25,Sunday,1,True,12.973977,77.596838,2026-01-25 00:00:00,0.42736514967321426,0.0712275249455357,69.51131378795077,0.05163866098471872,0.9163338307446758
5,12.973267,77.594246,2026-01-25,06:00:00,2026-01-25 06:00:00,6,25,Sunday,1,True,12.971692,77.593753,2026-01-25 06:00:00,0.18371759866465026,0.0,69.69503138661543,0.05163866098471872,0.9163338307446758
5,12.974952,77.59583,2026-01-25,12:00:00,2026-01-25 12:00:00,12,25,Sunday,1,True,12.973267,77.594246,2026-01-25 06:00:00,0.25744253678742507,0.04290708946457084,69.95247392340285,0.05163866098471872,0.9163338307446758
5,12.971763,77.595245,2026-01-25,18:00:00,2026-01-25 18:00:00,18,25,Sunday,1,True,12.974952,77.59583,2026-01-25 12:00:00,0.36092316596913715,0.060153860994856194,70.31339708937199,0.05163866098471872,0.9163338307446758
5,12.975311,77.595662,2026-01-26,01:00:00,2026-01-26 01:00:00,1,26,Monday,1,False,12.971763,77.595245,2026-01-25 18:00:00,0.3976819243972492,0.056811703485321316,70.71107901376924,0.05163866098471872,0.9163338307446758
5,12.975291,77.596497,2026-01-26,01:00:00,2026-01-26 01:00:00,1,26,Monday,1,False,12.975311,77.595662,2026-01-26 01:00:00,0.09297885964936792,0.0,70.8040578734186,0.05163866098471872,0.9163338307446758
5,12.974288,77.592829,2026-01-26,07:00:00,2026-01-26 07:00:00,7,26,Monday,1,False,12.975291,77.596497,2026-01-26 01:00:00,0.42331225646515624,0.0705520427441927,71.22737012988377,0.05163866098471872,0.9163338307446758
5,12.973702,77.597509,2026-01-26,07:00:00,2026-01-26 07:00:00,7,26,Monday,1,False,12.974288,77.592829,2026-01-26 07:00:00,0.5250457807031982,0.0,71.75241591058696,0.05163866098471872,0.9163338307446758
5,12.97129,77.596299,2026-01-26,13:00:00,2026-01-26 13:00:00,13,26,Monday,1,False,12.973702,77.597509,2026-01-26 07:00:00,0.3003958185171278,0.050065969752854635,72.05281172910408,0.05163866098471872,0.9163338307446758
5,12.97038,77.596193,2026-01-26,19:00:00,2026-01-26 19:00:00,19,26,Monday,1,False,12.97129,77.596299,2026-01-26 13:00:00,0.1019861325545629,0.016997688759093816,72.15479786165865,0.05163866098471872,0.9163338307446758
5,12.973298,77.599092,2026-01-27,02:00:00,2026-01-27 02:00:00,2,27,Tuesday,1,False,12.97038,77.596193,2026-01-26 19:00:00,0.45788833557410163,0.06541261936772881,72.61268619723275,0.05163866098471872,0.9163338307446758
5,12.975634,77.594657,2026-01-27,02:00:00,2026-01-27 02:00:00,2,27,Tuesday,1,False,12.973298,77.599092,2026-01-27 02:00:00,0.5580022127121946,0.0,73.17068840994494,0.05163866098471872,0.9163338307446758
5,12.975733,77.595339,2026-01-27,08:00:00,2026-01-27 08:00:00,8,27,Tuesday,1,False,12.975634,77.594657,2026-01-27 02:00:00,0.076715958113558,0.012785993018926333,73.2474043680585,0.05163866098471872,0.9163338307446758
5,12.975163,77.593635,2026-01-27,08:00:00,2026-01-27 08:00:00,8,27,Tuesday,1,False,12.975733,77.595339,2026-01-27 08:00:00,0.20002057397235637,0.0,73.44742494203086,0.05163866098471872,0.9163338307446758
5,12.974422,77.598802,2026-01-27,14:00:00,2026-01-27 14:00:00,14,27,Tuesday,1,False,12.975163,77.593635,2026-01-27 08:00:00,0.5810751519455466,0.0968458586575911,74.0285000939764,0.05163866098471872,0.9163338307446758
5,12.973441,77.593187,2026-01-27,20:00:00,2026-01-27 20:00:00,20,27,Tuesday,1,False,12.974422,77.598802,2026-01-27 14:00:00,0.6345297222134675,0.10575495370224458,74.66302981618988,0.05163866098471872,0.9163338307446758
5,12.97076,77.59893,2026-01-28,03:00:00,2026-01-28 03:00:00,3,28,Wednesday,1,False,12.973441,77.593187,2026-01-27 20:00:00,0.7055423486228338,0.10079176408897626,75.3685721648127,0.05163866098471872,0.9163338307446758
5,12.97334,77.591556,2026-01-28,03:00:00,2026-01-28 03:00:00,3,28,Wednesday,1,False,12.97076,77.59893,2026-01-28 03:00:00,0.8696669794742462,0.0,76.23823914428695,0.05163866098471872,0.9163338307446758
5,12.973226,77.595985,2026-01-28,09:00:00,2026-01-28 09:00:00,9,28,Wednesday,1,False,12.97334,77.591556,2026-01-28 03:00:00,0.4931995759112789,0.08219992931854649,76.73143872019823,0.05163866098471872,0.9163338307446758
5,12.971114,77.595065,2026-01-28,09:00:00,2026-01-28 09:00:00,9,28,Wednesday,1,False,12.973226,77.595985,2026-01-28 09:00:00,0.25644571697865626,0.0,76.98788443717689,0.05163866098471872,0.9163338307446758
5,12.974005,77.595498,2026-01-28,15:00:00,2026-01-28 15:00:00,15,28,Wednesday,1,False,12.971114,77.595065,2026-01-28 09:00:00,0.3254157984804936,0.054235966413415604,77.31330023565738,0.05163866098471872,0.9163338307446758
5,12.9763,77.593252,2026-01-28,21:00:00,2026-01-28 21:00:00,21,28,Wednesday,1,False,12.974005,77.595498,2026-01-28 15:00:00,0.35746620040980237,0.0595777000683004,77.67076643606718,0.05163866098471872,0.9163338307446758
5,12.975473,77.595438,2026-01-29,04:00:00,2026-01-29 04:00:00,4,29,Thursday,1,False,12.9763,77.593252,2026-01-28 21:00:00,0.2601776079206152,0.037168229702945026,77.9309440439878,0.05163866098471872,0.9163338307446758
5,12.973361,77.594428,2026-01-29,04:00:00,2026-01-29 04:00:00,4,29,Thursday,1,False,12.975473,77.595438,2026-01-29 04:00:00,0.2606087506048658,0.0,78.19155279459267,0.05163866098471872,0.9163338307446758
5,12.971337,77.594639,2026-01-29,10:00:00,2026-01-29 10:00:00,10,29,Thursday,1,False,12.973361,77.594428,2026-01-29 04:00:00,0.22653269900011008,0.03775544983335168,78.41808549359277,0.05163866098471872,0.9163338307446758
5,12.975671,77.595712,2026-01-29,10:00:00,2026-01-29 10:00:00,10,29,Thursday,1,False,12.971337,77.594639,2026-01-29 10:00:00,0.4970270954865227,0.0,78.9151125890793,0.05163866098471872,0.9163338307446758
5,12.971757,77.599251,2026-01-29,16:00:00,2026-01-29 16:00:00,16,29,Thursday,1,False,12.975671,77.595712,2026-01-29 10:00:00,0.5874059792314339,0.09790099653857232,79.50251856831073,0.05163866098471872,0.9163338307446758
5,12.975145,77.598074,2026-01-29,22:00:00,2026-01-29 22:00:00,22,29,Thursday,1,False,12.971757,77.599251,2026-01-29 16:00:00,0.3992630035846158,0.0665438339307693,79.90178157189534,0.05163866098471872,0.9163338307446758
5,12.969225,77.59585,2026-01-30,05:00:00,2026-01-30 05:00:00,5,30,Friday,1,False,12.975145,77.598074,2026-01-29 22:00:00,0.7039841594344869,0.10056916563349813,80.60576573132984,0.05163866098471872,0.9163338307446758
5,12.973418,77.594432,2026-01-30,05:00:00,2026-01-30 05:00:00,5,30,Friday,1,False,12.969225,77.59585,2026-01-30 05:00:00,0.4927337204952309,0.0,81.09849945182506,0.05163866098471872,0.9163338307446758
5,12.972083,77.59505,2026-01-30,11:00:00,2026-01-30 11:00:00,11,30,Friday,1,False,12.973418,77.594432,2026-01-30 05:00:00,0.1637633737527844,0.027293895625464068,81.26226282557785,0.05163866098471872,0.9163338307446758
5,12.972729,77.593681,2026-01-30,11:00:00,2026-01-30 11:00:00,11,30,Friday,1,False,12.972083,77.59505,2026-01-30 11:00:00,0.16851204494104563,0.0,81.43077487051889,0.05163866098471872,0.9163338307446758
5,12.969873,77.59584,2026-01-30,17:00:00,2026-01-30 17:00:00,17,30,Friday,1,False,12.972729,77.593681,2026-01-30 11:00:00,0.39855073949140873,0.06642512324856813,81.8293256100103,0.05163866098471872,0.9163338307446758
5,12.974218,77.594428,2026-01-30,23:00:00,2026-01-30 23:00:00,23,30,Friday,1,False,12.969873,77.59584,2026-01-30 17:00:00,0.5085846298606072,0.08476410497676785,82.33791023987091,0.05163866098471872,0.9163338307446758
6,12.982631,77.610111,2026-01-01,00:00:00,2026-01-01 00:00:00,0,1,Thursday,1,False,,,,0.0,0.0,0.0,0.045584961746098246,0.6849000249813867
6,12.983958,77.603679,2026-01-01,00:00:00,2026-01-01 00:00:00,0,1,Thursday,1,False,12.982631,77.610111,2026-01-01 00:00:00,0.7310898349106921,0.0,0.7310898349106921,0.045584961746098246,0.6849000249813867
6,12.982968,77.609881,2026-01-01,06:00:00,2026-01-01 06:00:00,6,1,Thursday,1,False,12.983958,77.603679,2026-01-01 00:00:00,0.6991472429485828,0.11652454049143046,1.430237077859275,0.045584961746098246,0.6849000249813867
6,12.981346,77.608233,2026-01-01,06:00:00,2026-01-01 06:00:00,6,1,Thursday,1,False,12.982968,77.609881,2026-01-01 06:00:00,0.2574066010783458,0.0,1.6876436789376208,0.045584961746098246,0.6849000249813867
6,12.987686,77.608307,2026-01-01,12:00:00,2026-01-01 12:00:00,12,1,Thursday,1,False,12.981346,77.608233,2026-01-01 06:00:00,0.705816873151376,0.11763614552522933,2.393460552088997,0.045584961746098246,0.6849000249813867
6,12.981165,77.609001,2026-01-01,12:00:00,2026-01-01 12:00:00,12,1,Thursday,1,False,12.987686,77.608307,2026-01-01 12:00:00,0.7300171491869408,0.0,3.1234777012759376,0.045584961746098246,0.6849000249813867
6,12.981743,77.608793,2026-01-01,18:00:00,2026-01-01 18:00:00,18,1,Thursday,1,False,12.981165,77.609001,2026-01-01 12:00:00,0.06838238187095687,0.011397063645159479,3.1918600831468944,0.045584961746098246,0.6849000249813867
6,12.982527,77.605917,2026-01-02,01:00:00,2026-01-02 01:00:00,1,2,Friday,1,False,12.981743,77.608793,2026-01-01 18:00:00,0.3318387769911542,0.04740553957016489,3.5236988601380483,0.045584961746098246,0.6849000249813867
6,12.982439,77.604653,2026-01-02,01:00:00,2026-01-02 01:00:00,1,2,Friday,1,False,12.982527,77.605917,2026-01-02 01:00:00,0.14104907335692898,0.0,3.6647479334949775,0.045584961746098246,0.6849000249813867
6,12.984747,77.60528,2026-01-02,07:00:00,2026-01-02 07:00:00,7,2,Friday,1,False,12.982439,77.604653,2026-01-02 01:00:00,0.2662385542760065,0.04437309237933442,3.930986487770984,0.045584961746098246,0.6849000249813867
6,12.981827,77.610707,2026-01-02,07:00:00,2026-01-02 07:00:00,7,2,Friday,1,False,12.984747,77.60528,2026-01-02 07:00:00,0.6860304788715083,0.0,4.617016966642492,0.045584961746098246,0.6849000249813867
6,12.981537,77.60273,2026-01-02,13:00:00,2026-01-02 13:00:00,13,2,Friday,1,False,12.981827,77.610707,2026-01-02 07:00:00,0.8885862590756975,0.14809770984594958,5.50560322571819,0.045584961746098246,0.6849000249813867
6,12.982211,77.608956,2026-01-02,13:00:00,2026-01-02 13:00:00,13,2,Friday,1,False,12.981537,77.60273,2026-01-02 13:00:00,0.6971276859634971,0.0,6.202730911681687,0.045584961746098246,0.6849000249813867
6,12.98442,77.607279,2026-01-02,19:00:00,2026-01-02 19:00:00,19,2,Friday,1,False,12.982211,77.608956,2026-01-02 13:00:00,0.3087401549236659,0.051456692487277654,6.511471066605353,0.045584961746098246,0.6849000249813867
6,12.982787,77.607422,2026-01-03,02:00:00,2026-01-03 02:00:00,2,3,Saturday,1,True,12.98442,77.607279,2026-01-02 19:00:00,0.18248122299138225,0.026068746141626038,6.693952289596735,0.045584961746098246,0.6849000249813867
6,12.98196,77.604709,2026-01-03,02:00:00,2026-01-03 02:00:00,2,3,Saturday,1,True,12.982787,77.607422,2026-01-03 02:00:00,0.315731034781216,0.0,7.009683324377951,0.045584961746098246,0.6849000249813867
6,12.98117,77.608653,2026-01-03,08:00:00,2026-01-03 08:00:00,8,3,Saturday,1,True,12.98196,77.604709,2026-01-03 02:00:00,0.44776712299544646,0.0746278538325744,7.457450447373398,0.045584961746098246,0.6849000249813867
6,12.982904,77.60649,2026-01-03,08:00:00,2026-01-03 08:00:00,8,3,Saturday,1,True,12.98117,77.608653,2026-01-03 08:00:00,0.30860596525469275,0.0,7.766056412628091,0.045584961746098246,0.6849000249813867
6,12.982963,77.611506,2026-01-03,14:00:00,2026-01-03 14:00:00,14,3,Saturday,1,True,12.982904,77.60649,2026-01-03 08:00:00,0.5584197455513447,0.09306995759189078,8.324476158179435,0.045584961746098246,0.6849000249813867
6,12.984561,77.606357,2026-01-03,14:00:00,2026-01-03 14:00:00,14,3,Saturday,1,True,12.982963,77.611506,2026-01-03 14:00:00,0.6001563084155587,0.0,8.924632466594993,0.045584961746098246,0.6849000249813867
6,12.985243,77.607039,2026-01-03,20:00:00,2026-01-03 20:00:00,20,3,Saturday,1,True,12.984561,77.606357,2026-01-03 14:00:00,0.10736743306652671,0.01789457217775445,9.03199989966152,0.045584961746098246,0.6849000249813867
6,12.984845,77.606997,2026-01-04,03:00:00,2026-01-04 03:00:00,3,4,Sunday,1,True,12.985243,77.607039,2026-01-03 20:00:00,0.044551371066690375,0.006364481580955768,9.07655127072821,0.045584961746098246,0.6849000249813867
6,12.985402,77.609621,2026-01-04,03:00:00,2026-01-04 03:00:00,3,4,Sunday,1,True,12.984845,77.606997,2026-01-04 03:00:00,0.2986121391652258,0.0,9.375163409893437,0.045584961746098246,0.6849000249813867
6,12.985482,77.606805,2026-01-04,09:00:00,2026-01-04 09:00:00,9,4,Sunday,1,True,12.985402,77.609621,2026-01-04 03:00:00,0.31360359448760206,0.052267265747933674,9.688767004381038,0.045584961746098246,0.6849000249813867
6,12.983528,77.60907,2026-01-04,09:00:00,2026-01-04 09:00:00,9,4,Sunday,1,True,12.985482,77.606805,2026-01-04 09:00:00,0.3330001740483163,0.0,10.021767178429355,0.045584961746098246,0.6849000249813867
6,12.982999,77.605926,2026-01-04,15:00:00,2026-01-04 15:00:00,15,4,Sunday,1,True,12.983528,77.60907,2026-01-04 09:00:00,0.3549096865686222,0.0591516144281037,10.376676864997977,0.045584961746098246,0.6849000249813867
6,12.984707,77.611582,2026-01-04,15:00:00,2026-01-04 15:00:00,15,4,Sunday,1,True,12.982999,77.605926,2026-01-04 15:00:00,0.6577081039811914,0.0,11.034384968979168,0.045584961746098246,0.6849000249813867
6,12.987489,77.612619,2026-01-04,21:00:00,2026-01-04 21:00:00,21,4,Sunday,1,True,12.984707,77.611582,2026-01-04 15:00:00,0.3305078051977977,0.05508463419963295,11.364892774176965,0.045584961746098246,0.6849000249813867
6,12.985644,77.608862,2026-01-05,04:00:00,2026-01-05 04:00:00,4,5,Monday,1,False,12.987489,77.612619,2026-01-04 21:00:00,0.4659386866568085,0.06656266952240121,11.830831460833775,0.045584961746098246,0.6849000249813867
6,12.984359,77.606052,2026-01-05,04:00:00,2026-01-05 04:00:00,4,5,Monday,1,False,12.985644,77.608862,2026-01-05 04:00:00,0.34396483968406033,0.0,12.174796300517835,0.045584961746098246,0.6849000249813867
6,12.982674,77.60504,2026-01-05,10:00:00,2026-01-05 10:00:00,10,5,Monday,1,False,12.984359,77.606052,2026-01-05 04:00:00,0.2188045218724351,0.036467420312072514,12.39360082239027,0.045584961746098246,0.6849000249813867
6,12.983281,77.604652,2026-01-05,10:00:00,2026-01-05 10:00:00,10,5,Monday,1,False,12.982674,77.60504,2026-01-05 10:00:00,0.08019622909226665,0.0,12.473797051482537,0.045584961746098246,0.6849000249813867
6,12.987571,77.608443,2026-01-05,16:00:00,2026-01-05 16:00:00,16,5,Monday,1,False,12.983281,77.604652,2026-01-05 10:00:00,0.6373085166719666,0.10621808611199444,13.111105568154503,0.045584961746098246,0.6849000249813867
6,12.983752,77.605056,2026-01-05,16:00:00,2026-01-05 16:00:00,16,5,Monday,1,False,12.987571,77.608443,2026-01-05 16:00:00,0.568239588737868,0.0,13.67934515689237,0.045584961746098246,0.6849000249813867
6,12.983819,77.603909,2026-01-05,22:00:00,2026-01-05 22:00:00,22,5,Monday,1,False,12.983752,77.605056,2026-01-05 16:00:00,0.12790169036429172,0.02131694839404862,13.807246847256662,0.045584961746098246,0.6849000249813867
6,12.988039,77.606716,2026-01-06,05:00:00,2026-01-06 05:00:00,5,6,Tuesday,1,False,12.983819,77.603909,2026-01-05 22:00:00,0.5642029814964851,0.08060042592806929,14.371449828753148,0.045584961746098246,0.6849000249813867
6,12.985205,77.608399,2026-01-06,05:00:00,2026-01-06 05:00:00,5,6,Tuesday,1,False,12.988039,77.606716,2026-01-06 05:00:00,0.36691796450978403,0.0,14.738367793262933,0.045584961746098246,0.6849000249813867
6,12.9865,77.608227,2026-01-06,11:00:00,2026-01-06 11:00:00,11,6,Tuesday,1,False,12.985205,77.608399,2026-01-06 05:00:00,0.14542538206624803,0.024237563677708004,14.88379317532918,0.045584961746098246,0.6849000249813867
6,12.984095,77.604974,2026-01-06,11:00:00,2026-01-06 11:00:00,11,6,Tuesday,1,False,12.9865,77.608227,2026-01-06 11:00:00,0.4503445612542491,0.0,15.334137736583429,0.045584961746098246,0.6849000249813867
6,12.98386,77.608209,2026-01-06,17:00:00,2026-01-06 17:00:00,17,6,Tuesday,1,False,12.984095,77.604974,2026-01-06 11:00:00,0.3610691270551564,0.06017818784252607,15.695206863638585,0.045584961746098246,0.6849000249813867
6,12.983675,77.608235,2026-01-06,17:00:00,2026-01-06 17:00:00,17,6,Tuesday,1,False,12.98386,77.608209,2026-01-06 17:00:00,0.020796590150724124,0.0,15.716003453789309,0.045584961746098246,0.6849000249813867
6,12.985699,77.608845,2026-01-06,23:00:00,2026-01-06 23:00:00,23,6,Tuesday,1,False,12.983675,77.608235,2026-01-06 17:00:00,0.2353220544947291,0.03922034241578818,15.95132550828404,0.045584961746098246,0.6849000249813867
6,12.985549,77.605628,2026-01-07,00:00:00,2026-01-07 00:00:00,0,7,Wednesday,1,False,12.985699,77.608845,2026-01-06 23:00:00,0.3585055199056044,0.3585055199056044,16.30983102818964,0.045584961746098246,0.6849000249813867
6,12.987034,77.608272,2026-01-07,06:00:00,2026-01-07 06:00:00,6,7,Wednesday,1,False,12.985549,77.605628,2026-01-07 00:00:00,0.33757615173030625,0.05626269195505104,16.64740717991995,0.045584961746098246,0.6849000249813867
6,12.983361,77.605479,2026-01-07,06:00:00,2026-01-07 06:00:00,6,7,Wednesday,1,False,12.987034,77.608272,2026-01-07 06:00:00,0.5136640389640856,0.0,17.161071218884036,0.045584961746098246,0.6849000249813867
6,12.986203,77.60852,2026-01-07,12:00:00,2026-01-07 12:00:00,12,7,Wednesday,1,False,12.983361,77.605479,2026-01-07 06:00:00,0.46334594836806975,0.07722432472801162,17.624417167252105,0.045584961746098246,0.6849000249813867
6,12.984652,77.60701,2026-01-07,12:00:00,2026-01-07 12:00:00,12,7,Wednesday,1,False,12.986203,77.60852,2026-01-07 12:00:00,0.2409686162877779,0.0,17.86538578353988,0.045584961746098246,0.6849000249813867
6,12.985305,77.608698,2026-01-07,18:00:00,2026-01-07 18:00:00,18,7,Wednesday,1,False,12.984652,77.60701,2026-01-07 12:00:00,0.20147852898828988,0.03357975483138165,18.06686431252817,0.045584961746098246,0.6849000249813867
6,12.98616,77.607597,2026-01-07,18:00:00,2026-01-07 18:00:00,18,7,Wednesday,1,False,12.985305,77.608698,2026-01-07 18:00:00,0.15517968071730923,0.0,18.22204399324548,0.045584961746098246,0.6849000249813867
6,12.986285,77.610051,2026-01-08,01:00:00,2026-01-08 01:00:00,1,8,Thursday,1,False,12.98616,77.607597,2026-01-07 18:00:00,0.273533446302881,0.03907620661469729,18.495577439548363,0.045584961746098246,0.6849000249813867
6,12.987167,77.608362,2026-01-08,07:00:00,2026-01-08 07:00:00,7,8,Thursday,1,False,12.986285,77.610051,2026-01-08 01:00:00,0.2121119276320417,0.03535198793867362,18.707689367180404,0.045584961746098246,0.6849000249813867
6,12.985313,77.606811,2026-01-08,07:00:00,2026-01-08 07:00:00,7,8,Thursday,1,False,12.987167,77.608362,2026-01-08 07:00:00,0.26908411230619633,0.0,18.9767734794866,0.045584961746098246,0.6849000249813867
6,12.98459,77.607763,2026-01-08,13:00:00,2026-01-08 13:00:00,13,8,Thursday,1,False,12.985313,77.606811,2026-01-08 07:00:00,0.13307434174388946,0.02217905695731491,19.109847821230492,0.045584961746098246,0.6849000249813867
6,12.984052,77.608921,2026-01-08,13:00:00,2026-01-08 13:00:00,13,8,Thursday,1,False,12.98459,77.607763,2026-01-08 13:00:00,0.1421416480339502,0.0,19.25198946926444,0.045584961746098246,0.6849000249813867
6,12.985718,77.608459,2026-01-08,19:00:00,2026-01-08 19:00:00,19,8,Thursday,1,False,12.984052,77.608921,2026-01-08 13:00:00,0.19245808279621243,0.03207634713270207,19.44444755206065,0.045584961746098246,0.6849000249813867
6,12.985322,77.60781,2026-01-08,19:00:00,2026-01-08 19:00:00,19,8,Thursday,1,False,12.985718,77.608459,2026-01-08 19:00:00,0.08463373425268511,0.0,19.52908128631334,0.045584961746098246,0.6849000249813867
6,12.984193,77.610817,2026-01-09,02:00:00,2026-01-09 02:00:00,2,9,Friday,1,False,12.985322,77.60781,2026-01-08 19:00:00,0.35755543846573395,0.05107934835224771,19.886636724779073,0.045584961746098246,0.6849000249813867
6,12.981818,77.60829,2026-01-09,08:00:00,2026-01-09 08:00:00,8,9,Friday,1,False,12.984193,77.610817,2026-01-09 02:00:00,0.386047006620675,0.06434116777011249,20.27268373139975,0.045584961746098246,0.6849000249813867
6,12.984636,77.607531,2026-01-09,08:00:00,2026-01-09 08:00:00,8,9,Friday,1,False,12.981818,77.60829,2026-01-09 08:00:00,0.3248790809054978,0.0,20.597562812305245,0.045584961746098246,0.6849000249813867
6,12.984779,77.606773,2026-01-09,14:00:00,2026-01-09 14:00:00,14,9,Friday,1,False,12.984636,77.607531,2026-01-09 08:00:00,0.08586900387026132,0.014311500645043553,20.683431816175506,0.045584961746098246,0.6849000249813867
6,12.987803,77.604188,2026-01-09,14:00:00,2026-01-09 14:00:00,14,9,Friday,1,False,12.984779,77.606773,2026-01-09 14:00:00,0.44286337817562704,0.0,21.126295194351133,0.045584961746098246,0.6849000249813867
6,12.983418,77.609734,2026-01-09,20:00:00,2026-01-09 20:00:00,20,9,Friday,1,False,12.987803,77.604188,2026-01-09 14:00:00,0.7870437444819635,0.13117395741366059,21.913338938833096,0.045584961746098246,0.6849000249813867
6,12.98084,77.609339,2026-01-09,20:00:00,2026-01-09 20:00:00,20,9,Friday,1,False,12.983418,77.609734,2026-01-09 20:00:00,0.290332057045516,0.0,22.203670995878614,0.045584961746098246,0.6849000249813867
6,12.984483,77.608914,2026-01-10,03:00:00,2026-01-10 03:00:00,3,10,Saturday,1,True,12.98084,77.609339,2026-01-09 20:00:00,0.4082891335603203,0.05832701908004576,22.611960129438934,0.045584961746098246,0.6849000249813867
6,12.983521,77.608916,2026-01-10,09:00:00,2026-01-10 09:00:00,9,10,Saturday,1,True,12.984483,77.608914,2026-01-10 03:00:00,0.10709007143439818,0.017848345239066362,22.71905020087333,0.045584961746098246,0.6849000249813867
6,12.986313,77.609019,2026-01-10,09:00:00,2026-01-10 09:00:00,9,10,Saturday,1,True,12.983521,77.608916,2026-01-10 09:00:00,0.3110168641286615,0.0,23.030067065001994,0.045584961746098246,0.6849000249813867
6,12.98181,77.607746,2026-01-10,15:00:00,2026-01-10 15:00:00,15,10,Saturday,1,True,12.986313,77.609019,2026-01-10 09:00:00,0.5209197722351319,0.08681996203918864,23.550986837237126,0.045584961746098246,0.6849000249813867
6,12.989725,77.608231,2026-01-10,15:00:00,2026-01-10 15:00:00,15,10,Saturday,1,True,12.98181,77.607746,2026-01-10 15:00:00,0.8827504034895488,0.0,24.433737240726675,0.045584961746098246,0.6849000249813867
6,12.987193,77.609566,2026-01-10,21:00:00,2026-01-10 21:00:00,21,10,Saturday,1,True,12.989725,77.608231,2026-01-10 15:00:00,0.31864071981873066,0.05310678663645511,24.752377960545402,0.045584961746098246,0.6849000249813867
6,12.986378,77.607962,2026-01-10,21:00:00,2026-01-10 21:00:00,21,10,Saturday,1,True,12.987193,77.609566,2026-01-10 21:00:00,0.20028448024407774,0.0,24.95266244078948,0.045584961746098246,0.6849000249813867
6,12.983174,77.604649,2026-01-11,04:00:00,2026-01-11 04:00:00,4,11,Sunday,1,True,12.986378,77.607962,2026-01-10 21:00:00,0.5130582287832309,0.0732940326833187,25.46572066957271,0.045584961746098246,0.6849000249813867
6,12.984289,77.607539,2026-01-11,10:00:00,2026-01-11 10:00:00,10,11,Sunday,1,True,12.983174,77.604649,2026-01-11 04:00:00,0.34482841207599546,0.05747140201266591,25.81054908164871,0.045584961746098246,0.6849000249813867
6,12.985746,77.607232,2026-01-11,10:00:00,2026-01-11 10:00:00,10,11,Sunday,1,True,12.984289,77.607539,2026-01-11 10:00:00,0.16575462023972107,0.0,25.97630370188843,0.045584961746098246,0.6849000249813867
6,12.984387,77.609672,2026-01-11,16:00:00,2026-01-11 16:00:00,16,11,Sunday,1,True,12.985746,77.607232,2026-01-11 10:00:00,0.31090942626583407,0.05181823771097235,26.287213128154264,0.045584961746098246,0.6849000249813867
6,12.983922,77.605528,2026-01-11,16:00:00,2026-01-11 16:00:00,16,11,Sunday,1,True,12.984387,77.609672,2026-01-11 16:00:00,0.4642052142099424,0.0,26.751418342364207,0.045584961746098246,0.6849000249813867
6,12.984715,77.607067,2026-01-11,22:00:00,2026-01-11 22:00:00,22,11,Sunday,1,True,12.983922,77.605528,2026-01-11 16:00:00,0.1927273614857376,0.0321212269142896,26.944145703849944,0.045584961746098246,0.6849000249813867
6,12.985326,77.608666,2026-01-11,22:00:00,2026-01-11 22:00:00,22,11,Sunday,1,True,12.984715,77.607067,2026-01-11 22:00:00,0.19055311352308216,0.0,27.134698817373025,0.045584961746098246,0.6849000249813867
6,12.983764,77.607534,2026-01-12,05:00:00,2026-01-12 05:00:00,5,12,Monday,1,False,12.985326,77.608666,2026-01-11 22:00:00,0.2147428298325952,0.03067754711894217,27.34944164720562,0.045584961746098246,0.6849000249813867
6,12.985255,77.60908,2026-01-12,11:00:00,2026-01-12 11:00:00,11,12,Monday,1,False,12.983764,77.607534,2026-01-12 05:00:00,0.2390970391774472,0.03984950652957454,27.588538686383067,0.045584961746098246,0.6849000249813867
6,12.984587,77.60955,2026-01-12,11:00:00,2026-01-12 11:00:00,11,12,Monday,1,False,12.985255,77.60908,2026-01-12 11:00:00,0.09092357013663212,0.0,27.6794622565197,0.045584961746098246,0.6849000249813867
6,12.981622,77.611568,2026-01-12,17:00:00,2026-01-12 17:00:00,17,12,Monday,1,False,12.984587,77.60955,2026-01-12 11:00:00,0.39925797547161124,0.0665429959119352,28.078720231991312,0.045584961746098246,0.6849000249813867
6,12.979516,77.610734,2026-01-12,17:00:00,2026-01-12 17:00:00,17,12,Monday,1,False,12.981622,77.611568,2026-01-12 17:00:00,0.2521537330459294,0.0,28.33087396503724,0.045584961746098246,0.6849000249813867
6,12.983142,77.601002,2026-01-12,23:00:00,2026-01-12 23:00:00,23,12,Monday,1,False,12.979516,77.610734,2026-01-12 17:00:00,1.1561197003862715,0.19268661673104526,29.486993665423512,0.045584961746098246,0.6849000249813867
6,12.985858,77.607532,2026-01-12,23:00:00,2026-01-12 23:00:00,23,12,Monday,1,False,12.983142,77.601002,2026-01-12 23:00:00,0.7872894489664554,0.0,30.274283114389966,0.045584961746098246,0.6849000249813867
6,12.9843,77.60158,2026-01-13,00:00:00,2026-01-13 00:00:00,0,13,Tuesday,1,False,12.985858,77.607532,2026-01-12 23:00:00,0.6849000249813867,0.6849000249813867,30.959183139371355,0.045584961746098246,0.6849000249813867
6,12.982947,77.60886,2026-01-13,00:00:00,2026-01-13 00:00:00,0,13,Tuesday,1,False,12.9843,77.60158,2026-01-13 00:00:00,0.8242868961596037,0.0,31.783470035530957,0.045584961746098246,0.6849000249813867
6,12.989387,77.610156,2026-01-13,06:00:00,2026-01-13 06:00:00,6,13,Tuesday,1,False,12.982947,77.60886,2026-01-13 00:00:00,0.7312734083022955,0.12187890138371592,32.514743443833254,0.045584961746098246,0.6849000249813867
6,12.986635,77.605719,2026-01-13,12:00:00,2026-01-13 12:00:00,12,13,Tuesday,1,False,12.989387,77.610156,2026-01-13 06:00:00,0.5812191181546967,0.09686985302578278,33.09596256198795,0.045584961746098246,0.6849000249813867
6,12.980607,77.608349,2026-01-13,12:00:00,2026-01-13 12:00:00,12,13,Tuesday,1,False,12.986635,77.605719,2026-01-13 12:00:00,0.7321241776183725,0.0,33.82808673960632,0.045584961746098246,0.6849000249813867
6,12.986652,77.605593,2026-01-13,18:00:00,2026-01-13 18:00:00,18,13,Tuesday,1,False,12.980607,77.608349,2026-01-13 12:00:00,0.7395667252527515,0.12326112087545858,34.56765346485908,0.045584961746098246,0.6849000249813867
6,12.98447,77.609714,2026-01-13,18:00:00,2026-01-13 18:00:00,18,13,Tuesday,1,False,12.986652,77.605593,2026-01-13 18:00:00,0.5190874995527096,0.0,35.08674096441178,0.045584961746098246,0.6849000249813867
6,12.985053,77.60915,2026-01-14,01:00:00,2026-01-14 01:00:00,1,14,Wednesday,1,False,12.98447,77.609714,2026-01-13 18:00:00,0.09029863685036116,0.012899805264337308,35.177039601262145,0.045584961746098246,0.6849000249813867
6,12.981224,77.610308,2026-01-14,01:00:00,2026-01-14 01:00:00,1,14,Wednesday,1,False,12.985053,77.60915,2026-01-14 01:00:00,0.44531068151823433,0.0,35.62235028278038,0.045584961746098246,0.6849000249813867
6,12.988205,77.611196,2026-01-14,07:00:00,2026-01-14 07:00:00,7,14,Wednesday,1,False,12.981224,77.610308,2026-01-14 01:00:00,0.7833868079193047,0.13056446798655078,36.40573709069968,0.045584961746098246,0.6849000249813867
6,12.98607,77.607214,2026-01-14,13:00:00,2026-01-14 13:00:00,13,14,Wednesday,1,False,12.988205,77.611196,2026-01-14 07:00:00,0.5029711703871153,0.08382852839785254,36.9087082610868,0.045584961746098246,0.6849000249813867
6,12.983699,77.607669,2026-01-14,13:00:00,2026-01-14 13:00:00,13,14,Wednesday,1,False,12.98607,77.607214,2026-01-14 13:00:00,0.2687557610062931,0.0,37.17746402209309,0.045584961746098246,0.6849000249813867
6,12.983016,77.608878,2026-01-14,19:00:00,2026-01-14 19:00:00,19,14,Wednesday,1,False,12.983699,77.607669,2026-01-14 13:00:00,0.15457735025385283,0.02576289170897547,37.33204137234694,0.045584961746098246,0.6849000249813867
6,12.985587,77.6052,2026-01-14,19:00:00,2026-01-14 19:00:00,19,14,Wednesday,1,False,12.983016,77.608878,2026-01-14 19:00:00,0.49954935272988404,0.0,37.83159072507683,0.045584961746098246,0.6849000249813867
6,12.985967,77.607532,2026-01-15,02:00:00,2026-01-15 02:00:00,2,15,Thursday,1,False,12.985587,77.6052,2026-01-14 19:00:00,0.2630221883686254,0.03757459833837506,38.09461291344545,0.045584961746098246,0.6849000249813867
6,12.983933,77.608875,2026-01-15,02:00:00,2026-01-15 02:00:00,2,15,Thursday,1,False,12.985967,77.607532,2026-01-15 02:00:00,0.27132877018545504,0.0,38.36594168363091,0.045584961746098246,0.6849000249813867
6,12.984786,77.607159,2026-01-15,08:00:00,2026-01-15 08:00:00,8,15,Thursday,1,False,12.983933,77.608875,2026-01-15 02:00:00,0.21332423868515146,0.035554039780858575,38.57926592231606,0.045584961746098246,0.6849000249813867
6,12.9848,77.606694,2026-01-15,14:00:00,2026-01-15 14:00:00,14,15,Thursday,1,False,12.984786,77.607159,2026-01-15 08:00:00,0.05178725567405502,0.008631209279009169,38.63105317799012,0.045584961746098246,0.6849000249813867
6,12.988645,77.606809,2026-01-15,14:00:00,2026-01-15 14:00:00,14,15,Thursday,1,False,12.9848,77.606694,2026-01-15 14:00:00,0.4282168015484585,0.0,39.05926997953858,0.045584961746098246,0.6849000249813867
6,12.984475,77.606555,2026-01-15,20:00:00,2026-01-15 20:00:00,20,15,Thursday,1,False,12.988645,77.606809,2026-01-15 14:00:00,0.465064744351204,0.07751079072520066,39.52433472388978,0.045584961746098246,0.6849000249813867
6,12.984357,77.607825,2026-01-15,20:00:00,2026-01-15 20:00:00,20,15,Thursday,1,False,12.984475,77.606555,2026-01-15 20:00:00,0.14198533258017573,0.0,39.66632005646996,0.045584961746098246,0.6849000249813867
6,12.986626,77.610839,2026-01-16,03:00:00,2026-01-16 03:00:00,3,16,Friday,1,False,12.984357,77.607825,2026-01-15 20:00:00,0.41996651421227893,0.059995216316039844,40.08628657068223,0.045584961746098246,0.6849000249813867
6,12.983538,77.608347,2026-01-16,03:00:00,2026-01-16 03:00:00,3,16,Friday,1,False,12.986626,77.610839,2026-01-16 03:00:00,0.4417287572020719,0.0,40.528015327884304,0.045584961746098246,0.6849000249813867
6,12.988617,77.604984,2026-01-16,09:00:00,2026-01-16 09:00:00,9,16,Friday,1,False,12.983538,77.608347,2026-01-16 03:00:00,0.6781024699964494,0.11301707833274156,41.20611779788076,0.045584961746098246,0.6849000249813867
6,12.984857,77.608323,2026-01-16,15:00:00,2026-01-16 15:00:00,15,16,Friday,1,False,12.988617,77.604984,2026-01-16 09:00:00,0.5597804650327747,0.09329674417212912,41.76589826291353,0.045584961746098246,0.6849000249813867
6,12.986484,77.609519,2026-01-16,15:00:00,2026-01-16 15:00:00,15,16,Friday,1,False,12.984857,77.608323,2026-01-16 15:00:00,0.22478771826472657,0.0,41.99068598117825,0.045584961746098246,0.6849000249813867
6,12.983783,77.607258,2026-01-16,21:00:00,2026-01-16 21:00:00,21,16,Friday,1,False,12.986484,77.609519,2026-01-16 15:00:00,0.3921170481570233,0.06535284135950388,42.38280302933528,0.045584961746098246,0.6849000249813867
6,12.984899,77.607651,2026-01-16,21:00:00,2026-01-16 21:00:00,21,16,Friday,1,False,12.983783,77.607258,2026-01-16 21:00:00,0.13171113129302167,0.0,42.5145141606283,0.045584961746098246,0.6849000249813867
6,12.984716,77.608095,2026-01-17,04:00:00,2026-01-17 04:00:00,4,17,Saturday,1,True,12.984899,77.607651,2026-01-16 21:00:00,0.0534596842584907,0.007637097751212957,42.567973844886794,0.045584961746098246,0.6849000249813867
6,12.986841,77.605103,2026-01-17,04:00:00,2026-01-17 04:00:00,4,17,Saturday,1,True,12.984716,77.608095,2026-01-17 04:00:00,0.4085260333042915,0.0,42.976499878191085,0.045584961746098246,0.6849000249813867
6,12.98538,77.606215,2026-01-17,10:00:00,2026-01-17 10:00:00,10,17,Saturday,1,True,12.986841,77.605103,2026-01-17 04:00:00,0.20438864332407802,0.034064773887346335,43.18088852151516,0.045584961746098246,0.6849000249813867
6,12.98498,77.604929,2026-01-17,16:00:00,2026-01-17 16:00:00,16,17,Saturday,1,True,12.98538,77.606215,2026-01-17 10:00:00,0.1499227078089858,0.024987117968164302,43.33081122932415,0.045584961746098246,0.6849000249813867
6,12.98636,77.60888,2026-01-17,16:00:00,2026-01-17 16:00:00,16,17,Saturday,1,True,12.98498,77.604929,2026-01-17 16:00:00,0.4658818606682453,0.0,43.796693089992395,0.045584961746098246,0.6849000249813867
6,12.987721,77.607036,2026-01-17,22:00:00,2026-01-17 22:00:00,22,17,Saturday,1,True,12.98636,77.60888,2026-01-17 16:00:00,0.25513069890282536,0.04252178315047089,44.05182378889522,0.045584961746098246,0.6849000249813867
6,12.986647,77.606335,2026-01-17,22:00:00,2026-01-17 22:00:00,22,17,Saturday,1,True,12.987721,77.607036,2026-01-17 22:00:00,0.1427709704890144,0.0,44.19459475938423,0.045584961746098246,0.6849000249813867
6,12.988062,77.607508,2026-01-18,05:00:00,2026-01-18 05:00:00,5,18,Sunday,1,True,12.986647,77.606335,2026-01-17 22:00:00,0.2046034345189607,0.029229062074137245,44.399198193903196,0.045584961746098246,0.6849000249813867
6,12.982852,77.606939,2026-01-18,05:00:00,2026-01-18 05:00:00,5,18,Sunday,1,True,12.988062,77.607508,2026-01-18 05:00:00,0.5834257835709526,0.0,44.98262397747415,0.045584961746098246,0.6849000249813867
6,12.987011,77.611588,2026-01-18,11:00:00,2026-01-18 11:00:00,11,18,Sunday,1,True,12.982852,77.606939,2026-01-18 05:00:00,0.6943948687863715,0.11573247813106191,45.677018846260516,0.045584961746098246,0.6849000249813867
6,12.989796,77.608127,2026-01-18,17:00:00,2026-01-18 17:00:00,17,18,Sunday,1,True,12.987011,77.611588,2026-01-18 11:00:00,0.49452581596911077,0.08242096932818513,46.17154466222963,0.045584961746098246,0.6849000249813867
6,12.983276,77.607696,2026-01-18,17:00:00,2026-01-18 17:00:00,17,18,Sunday,1,True,12.989796,77.608127,2026-01-18 17:00:00,0.7273904776976754,0.0,46.8989351399273,0.045584961746098246,0.6849000249813867
6,12.985303,77.610122,2026-01-18,23:00:00,2026-01-18 23:00:00,23,18,Sunday,1,True,12.983276,77.607696,2026-01-18 17:00:00,0.3519227351774549,0.058653789196242485,47.25085787510476,0.045584961746098246,0.6849000249813867
6,12.983458,77.607322,2026-01-18,23:00:00,2026-01-18 23:00:00,23,18,Sunday,1,True,12.985303,77.610122,2026-01-18 23:00:00,0.3732794649450559,0.0,47.62413734004981,0.045584961746098246,0.6849000249813867
6,12.988708,77.607781,2026-01-19,00:00:00,2026-01-19 00:00:00,0,19,Monday,1,False,12.983458,77.607322,2026-01-18 23:00:00,0.5866593678217994,0.5866593678217994,48.210796707871616,0.045584961746098246,0.6849000249813867
6,12.986344,77.605796,2026-01-19,00:00:00,2026-01-19 00:00:00,0,19,Monday,1,False,12.988708,77.607781,2026-01-19 00:00:00,0.3436295498383512,0.0,48.55442625770996,0.045584961746098246,0.6849000249813867
6,12.990563,77.606815,2026-01-19,06:00:00,2026-01-19 06:00:00,6,19,Monday,1,False,12.986344,77.605796,2026-01-19 00:00:00,0.48316370807516457,0.0805272846791941,49.03758996578513,0.045584961746098246,0.6849000249813867
6,12.983839,77.610302,2026-01-19,06:00:00,2026-01-19 06:00:00,6,19,Monday,1,False,12.990563,77.606815,2026-01-19 06:00:00,0.8431808091507738,0.0,49.880770774935904,0.045584961746098246,0.6849000249813867
6,12.985479,77.605726,2026-01-19,12:00:00,2026-01-19 12:00:00,12,19,Monday,1,False,12.983839,77.610302,2026-01-19 06:00:00,0.5411271497671885,0.09018785829453141,50.42189792470309,0.045584961746098246,0.6849000249813867
6,12.985505,77.610062,2026-01-19,18:00:00,2026-01-19 18:00:00,18,19,Monday,1,False,12.985479,77.605726,2026-01-19 12:00:00,0.4826921975413696,0.08044869959022827,50.90459012224446,0.045584961746098246,0.6849000249813867
6,12.98591,77.607819,2026-01-19,18:00:00,2026-01-19 18:00:00,18,19,Monday,1,False,12.985505,77.610062,2026-01-19 18:00:00,0.2537283917620353,0.0,51.158318514006496,0.045584961746098246,0.6849000249813867
6,12.984934,77.607764,2026-01-20,01:00:00,2026-01-20 01:00:00,1,20,Tuesday,1,False,12.98591,77.607819,2026-01-19 18:00:00,0.10882069504270872,0.015545813577529818,51.267139209049205,0.045584961746098246,0.6849000249813867
6,12.985603,77.609041,2026-01-20,01:00:00,2026-01-20 01:00:00,1,20,Tuesday,1,False,12.984934,77.607764,2026-01-20 01:00:00,0.16048197913948498,0.0,51.42762118818869,0.045584961746098246,0.6849000249813867
6,12.986826,77.605776,2026-01-20,07:00:00,2026-01-20 07:00:00,7,20,Tuesday,1,False,12.985603,77.609041,2026-01-20 01:00:00,0.3881215183107029,0.06468691971845049,51.81574270649939,0.045584961746098246,0.6849000249813867
6,12.985599,77.607476,2026-01-20,07:00:00,2026-01-20 07:00:00,7,20,Tuesday,1,False,12.986826,77.605776,2026-01-20 07:00:00,0.23338813442699924,0.0,52.049130840926395,0.045584961746098246,0.6849000249813867
6,12.988293,77.60484,2026-01-20,13:00:00,2026-01-20 13:00:00,13,20,Tuesday,1,False,12.985599,77.607476,2026-01-20 07:00:00,0.41957646585315556,0.06992941097552592,52.46870730677955,0.045584961746098246,0.6849000249813867
6,12.985642,77.607159,2026-01-20,19:00:00,2026-01-20 19:00:00,19,20,Tuesday,1,False,12.988293,77.60484,2026-01-20 13:00:00,0.39208607582524324,0.0653476793042072,52.86079338260479,0.045584961746098246,0.6849000249813867
6,12.984733,77.609647,2026-01-20,19:00:00,2026-01-20 19:00:00,19,20,Tuesday,1,False,12.985642,77.607159,2026-01-20 19:00:00,0.2948703744679966,0.0,53.15566375707279,0.045584961746098246,0.6849000249813867
6,12.984722,77.60553,2026-01-21,02:00:00,2026-01-21 02:00:00,2,21,Wednesday,1,False,12.984733,77.609647,2026-01-20 19:00:00,0.4583060758623021,0.06547229655175744,53.61396983293509,0.045584961746098246,0.6849000249813867
6,12.984637,77.606469,2026-01-21,02:00:00,2026-01-21 02:00:00,2,21,Wednesday,1,False,12.984722,77.60553,2026-01-21 02:00:00,0.10495687408630502,0.0,53.718926707021396,0.045584961746098246,0.6849000249813867
6,12.983995,77.606771,2026-01-21,08:00:00,2026-01-21 08:00:00,8,21,Wednesday,1,False,12.984637,77.606469,2026-01-21 02:00:00,0.0789797944763086,0.013163299079384766,53.7979065014977,0.045584961746098246,0.6849000249813867
6,12.984194,77.606984,2026-01-21,14:00:00,2026-01-21 14:00:00,14,21,Wednesday,1,False,12.983995,77.606771,2026-01-21 08:00:00,0.03244935037471803,0.005408225062453005,53.83035585187242,0.045584961746098246,0.6849000249813867
6,12.987095,77.607882,2026-01-21,20:00:00,2026-01-21 20:00:00,20,21,Wednesday,1,False,12.984194,77.606984,2026-01-21 14:00:00,0.33805750635373844,0.056342917725623075,54.16841335822616,0.045584961746098246,0.6849000249813867
6,12.983375,77.60443,2026-01-21,20:00:00,2026-01-21 20:00:00,20,21,Wednesday,1,False,12.987095,77.607882,2026-01-21 20:00:00,0.5649388988542561,0.0,54.73335225708041,0.045584961746098246,0.6849000249813867
6,12.988799,77.606325,2026-01-22,03:00:00,2026-01-22 03:00:00,3,22,Thursday,1,False,12.983375,77.60443,2026-01-21 20:00:00,0.6395893578931983,0.09136990827045689,55.37294161497361,0.045584961746098246,0.6849000249813867
6,12.978153,77.605202,2026-01-22,03:00:00,2026-01-22 03:00:00,3,22,Thursday,1,False,12.988799,77.606325,2026-01-22 03:00:00,1.1916879831810963,0.0,56.56462959815471,0.045584961746098246,0.6849000249813867
6,12.980467,77.604072,2026-01-22,09:00:00,2026-01-22 09:00:00,9,22,Thursday,1,False,12.978153,77.605202,2026-01-22 03:00:00,0.28666782651203526,0.04777797108533921,56.85129742466675,0.045584961746098246,0.6849000249813867
6,12.98483,77.609289,2026-01-22,15:00:00,2026-01-22 15:00:00,15,22,Thursday,1,False,12.980467,77.604072,2026-01-22 09:00:00,0.7570812391964133,0.12618020653273557,57.60837866386316,0.045584961746098246,0.6849000249813867
6,12.987234,77.611749,2026-01-22,21:00:00,2026-01-22 21:00:00,21,22,Thursday,1,False,12.98483,77.609289,2026-01-22 15:00:00,0.38289575158281614,0.06381595859713603,57.99127441544597,0.045584961746098246,0.6849000249813867
6,12.982515,77.604447,2026-01-22,21:00:00,2026-01-22 21:00:00,21,22,Thursday,1,False,12.987234,77.611749,2026-01-22 21:00:00,0.9678322708179666,0.0,58.959106686263944,0.045584961746098246,0.6849000249813867
6,12.985862,77.606285,2026-01-23,04:00:00,2026-01-23 04:00:00,4,23,Friday,1,False,12.982515,77.604447,2026-01-22 21:00:00,0.42507120375445506,0.060724457679207866,59.3841778900184,0.045584961746098246,0.6849000249813867
6,12.983805,77.608898,2026-01-23,04:00:00,2026-01-23 04:00:00,4,23,Friday,1,False,12.985862,77.606285,2026-01-23 04:00:00,0.3701957939521843,0.0,59.75437368397058,0.045584961746098246,0.6849000249813867
6,12.984769,77.606439,2026-01-23,10:00:00,2026-01-23 10:00:00,10,23,Friday,1,False,12.983805,77.608898,2026-01-23 04:00:00,0.2940192176767128,0.0490032029461188,60.04839290164729,0.045584961746098246,0.6849000249813867
6,12.982095,77.610964,2026-01-23,16:00:00,2026-01-23 16:00:00,16,23,Friday,1,False,12.984769,77.606439,2026-01-23 10:00:00,0.5851017852651477,0.09751696421085794,60.63349468691244,0.045584961746098246,0.6849000249813867
6,12.98163,77.604381,2026-01-23,22:00:00,2026-01-23 22:00:00,22,23,Friday,1,False,12.982095,77.610964,2026-01-23 16:00:00,0.7346454917221859,0.12244091528703098,61.368140178634626,0.045584961746098246,0.6849000249813867
6,12.981103,77.608912,2026-01-23,22:00:00,2026-01-23 22:00:00,22,23,Friday,1,False,12.98163,77.604381,2026-01-23 22:00:00,0.5077911553927089,0.0,61.875931334027335,0.045584961746098246,0.6849000249813867
6,12.986158,77.611901,2026-01-24,05:00:00,2026-01-24 05:00:00,5,24,Saturday,1,True,12.981103,77.608912,2026-01-23 22:00:00,0.6537351330635445,0.09339073329479207,62.52966646709088,0.045584961746098246,0.6849000249813867
6,12.982387,77.609013,2026-01-24,05:00:00,2026-01-24 05:00:00,5,24,Saturday,1,True,12.986158,77.611901,2026-01-24 05:00:00,0.5287522470914022,0.0,63.05841871418228,0.045584961746098246,0.6849000249813867
6,12.984082,77.608162,2026-01-24,11:00:00,2026-01-24 11:00:00,11,24,Saturday,1,True,12.982387,77.609013,2026-01-24 05:00:00,0.21113345740855458,0.03518890956809243,63.26955217159084,0.045584961746098246,0.6849000249813867
6,12.987197,77.605603,2026-01-24,17:00:00,2026-01-24 17:00:00,17,24,Saturday,1,True,12.984082,77.608162,2026-01-24 11:00:00,0.44876882132597234,0.07479480355432873,63.71832099291681,0.045584961746098246,0.6849000249813867
6,12.984327,77.609878,2026-01-24,23:00:00,2026-01-24 23:00:00,23,24,Saturday,1,True,12.987197,77.605603,2026-01-24 17:00:00,0.5731901823851886,0.0955316970641981,64.29151117530199,0.045584961746098246,0.6849000249813867
6,12.985249,77.610977,2026-01-24,23:00:00,2026-01-24 23:00:00,23,24,Saturday,1,True,12.984327,77.609878,2026-01-24 23:00:00,0.15969221635100125,0.0,64.451203391653,0.045584961746098246,0.6849000249813867
6,12.983329,77.606751,2026-01-25,00:00:00,2026-01-25 00:00:00,0,25,Sunday,1,True,12.985249,77.610977,2026-01-24 23:00:00,0.5167152084737539,0.5167152084737539,64.96791860012675,0.045584961746098246,0.6849000249813867
6,12.982143,77.608976,2026-01-25,00:00:00,2026-01-25 00:00:00,0,25,Sunday,1,True,12.983329,77.606751,2026-01-25 00:00:00,0.28067701704984344,0.0,65.24859561717659,0.045584961746098246,0.6849000249813867
6,12.983809,77.604693,2026-01-25,06:00:00,2026-01-25 06:00:00,6,25,Sunday,1,True,12.982143,77.608976,2026-01-25 00:00:00,0.5115834714663415,0.08526391191105692,65.76017908864294,0.045584961746098246,0.6849000249813867
6,12.983691,77.609144,2026-01-25,06:00:00,2026-01-25 06:00:00,6,25,Sunday,1,True,12.983809,77.604693,2026-01-25 06:00:00,0.49565940980336737,0.0,66.25583849844631,0.045584961746098246,0.6849000249813867
6,12.983728,77.610483,2026-01-25,12:00:00,2026-01-25 12:00:00,12,25,Sunday,1,True,12.983691,77.609144,2026-01-25 06:00:00,0.14911437619138515,0.024852396031897525,66.40495287463769,0.045584961746098246,0.6849000249813867
6,12.982438,77.606793,2026-01-25,18:00:00,2026-01-25 18:00:00,18,25,Sunday,1,True,12.983728,77.610483,2026-01-25 12:00:00,0.4351487266452674,0.07252478777421123,66.84010160128295,0.045584961746098246,0.6849000249813867
6,12.982204,77.610603,2026-01-26,01:00:00,2026-01-26 01:00:00,1,26,Monday,1,False,12.982438,77.606793,2026-01-25 18:00:00,0.4249283733078235,0.060704053329689076,67.26502997459079,0.045584961746098246,0.6849000249813867
6,12.98593,77.609256,2026-01-26,01:00:00,2026-01-26 01:00:00,1,26,Monday,1,False,12.982204,77.610603,2026-01-26 01:00:00,0.44105041598636624,0.0,67.70608039057714,0.045584961746098246,0.6849000249813867
6,12.986083,77.608474,2026-01-26,07:00:00,2026-01-26 07:00:00,7,26,Monday,1,False,12.98593,77.609256,2026-01-26 01:00:00,0.08870276292473203,0.014783793820788671,67.79478315350188,0.045584961746098246,0.6849000249813867
6,12.982301,77.606603,2026-01-26,07:00:00,2026-01-26 07:00:00,7,26,Monday,1,False,12.986083,77.608474,2026-01-26 07:00:00,0.46971453883494574,0.0,68.26449769233683,0.045584961746098246,0.6849000249813867
6,12.984441,77.60613,2026-01-26,13:00:00,2026-01-26 13:00:00,13,26,Monday,1,False,12.982301,77.606603,2026-01-26 07:00:00,0.2439744596515121,0.040662409941918685,68.50847215198834,0.045584961746098246,0.6849000249813867
6,12.982374,77.605659,2026-01-26,19:00:00,2026-01-26 19:00:00,19,26,Monday,1,False,12.984441,77.60613,2026-01-26 13:00:00,0.23599656216244486,0.039332760360407476,68.74446871415078,0.045584961746098246,0.6849000249813867
6,12.983694,77.606318,2026-01-27,02:00:00,2026-01-27 02:00:00,2,27,Tuesday,1,False,12.982374,77.605659,2026-01-26 19:00:00,0.16423684395210483,0.023462406278872118,68.90870555810288,0.045584961746098246,0.6849000249813867
6,12.986604,77.609448,2026-01-27,02:00:00,2026-01-27 02:00:00,2,27,Tuesday,1,False,12.983694,77.606318,2026-01-27 02:00:00,0.47575464363041203,0.0,69.3844602017333,0.045584961746098246,0.6849000249813867
6,12.981969,77.610572,2026-01-27,08:00:00,2026-01-27 08:00:00,8,27,Tuesday,1,False,12.986604,77.609448,2026-01-27 02:00:00,0.5309228933735557,0.08848714889559262,69.91538309510686,0.045584961746098246,0.6849000249813867
6,12.984749,77.608132,2026-01-27,08:00:00,2026-01-27 08:00:00,8,27,Tuesday,1,False,12.981969,77.610572,2026-01-27 08:00:00,0.41176363646796404,0.0,70.32714673157481,0.045584961746098246,0.6849000249813867
6,12.983218,77.60918,2026-01-27,14:00:00,2026-01-27 14:00:00,14,27,Tuesday,1,False,12.984749,77.608132,2026-01-27 08:00:00,0.20653580333313457,0.03442263388885576,70.53368253490795,0.045584961746098246,0.6849000249813867
6,12.987397,77.608057,2026-01-27,20:00:00,2026-01-27 20:00:00,20,27,Tuesday,1,False,12.983218,77.60918,2026-01-27 14:00:00,0.4817104660518408,0.0802850776753068,71.01539300095979,0.045584961746098246,0.6849000249813867
6,12.987468,77.609853,2026-01-28,03:00:00,2026-01-28 03:00:00,3,28,Wednesday,1,False,12.987397,77.608057,2026-01-27 20:00:00,0.20008688510120692,0.028583840728743846,71.215479886061,0.045584961746098246,0.6849000249813867
6,12.985633,77.605613,2026-01-28,03:00:00,2026-01-28 03:00:00,3,28,Wednesday,1,False,12.987468,77.609853,2026-01-28 03:00:00,0.5143035202121702,0.0,71.72978340627317,0.045584961746098246,0.6849000249813867
6,12.984621,77.604924,2026-01-28,09:00:00,2026-01-28 09:00:00,9,28,Wednesday,1,False,12.985633,77.605613,2026-01-28 03:00:00,0.13628700788594145,0.022714501314323576,71.86607041415911,0.045584961746098246,0.6849000249813867
6,12.984026,77.607846,2026-01-28,09:00:00,2026-01-28 09:00:00,9,28,Wednesday,1,False,12.984621,77.604924,2026-01-28 09:00:00,0.33195222693061094,0.0,72.19802264108972,0.045584961746098246,0.6849000249813867
6,12.984664,77.610161,2026-01-28,15:00:00,2026-01-28 15:00:00,15,28,Wednesday,1,False,12.984026,77.607846,2026-01-28 09:00:00,0.2673133490218707,0.04455222483697845,72.4653359901116,0.045584961746098246,0.6849000249813867
6,12.987099,77.612492,2026-01-28,21:00:00,2026-01-28 21:00:00,21,28,Wednesday,1,False,12.984664,77.610161,2026-01-28 15:00:00,0.37524560246940536,0.0625409337449009,72.840581592581,0.045584961746098246,0.6849000249813867
6,12.986166,77.605129,2026-01-29,04:00:00,2026-01-29 04:00:00,4,29,Thursday,1,False,12.987099,77.612492,2026-01-28 21:00:00,0.8262033461164222,0.11802904944520318,73.66678493869742,0.045584961746098246,0.6849000249813867
6,12.987847,77.602314,2026-01-29,04:00:00,2026-01-29 04:00:00,4,29,Thursday,1,False,12.986166,77.605129,2026-01-29 04:00:00,0.36498679059640854,0.0,74.03177172929384,0.045584961746098246,0.6849000249813867
6,12.98949,77.608023,2026-01-29,10:00:00,2026-01-29 10:00:00,10,29,Thursday,1,False,12.987847,77.602314,2026-01-29 04:00:00,0.6613207244285678,0.11022012073809463,74.6930924537224,0.045584961746098246,0.6849000249813867
6,12.983388,77.606813,2026-01-29,10:00:00,2026-01-29 10:00:00,10,29,Thursday,1,False,12.98949,77.608023,2026-01-29 10:00:00,0.6925008102775203,0.0,75.38559326399992,0.045584961746098246,0.6849000249813867
6,12.986859,77.606941,2026-01-29,16:00:00,2026-01-29 16:00:00,16,29,Thursday,1,False,12.983388,77.606813,2026-01-29 10:00:00,0.3866543600500935,0.06444239334168225,75.77224762405001,0.045584961746098246,0.6849000249813867
6,12.985662,77.607313,2026-01-29,22:00:00,2026-01-29 22:00:00,22,29,Thursday,1,False,12.986859,77.606941,2026-01-29 16:00:00,0.1395365450120778,0.0232560908353463,75.91178416906209,0.045584961746098246,0.6849000249813867
6,12.985551,77.606123,2026-01-30,05:00:00,2026-01-30 05:00:00,5,30,Friday,1,False,12.985662,77.607313,2026-01-29 22:00:00,0.133045843375111,0.019006549053587285,76.0448300124372,0.045584961746098246,0.6849000249813867
6,12.984127,77.607711,2026-01-30,05:00:00,2026-01-30 05:00:00,5,30,Friday,1,False,12.985551,77.606123,2026-01-30 05:00:00,0.23744114995407933,0.0,76.28227116239128,0.045584961746098246,0.6849000249813867
6,12.987165,77.608733,2026-01-30,11:00:00,2026-01-30 11:00:00,11,30,Friday,1,False,12.984127,77.607711,2026-01-30 05:00:00,0.356813647137234,0.059468941189539,76.63908480952851,0.045584961746098246,0.6849000249813867
6,12.981262,77.606505,2026-01-30,11:00:00,2026-01-30 11:00:00,11,30,Friday,1,False,12.987165,77.608733,2026-01-30 11:00:00,0.7023700356035207,0.0,77.34145484513203,0.045584961746098246,0.6849000249813867
6,12.986979,77.609195,2026-01-30,17:00:00,2026-01-30 17:00:00,17,30,Friday,1,False,12.981262,77.606505,2026-01-30 11:00:00,0.7033467613653193,0.11722446022755321,78.04480160649736,0.045584961746098246,0.6849000249813867
6,12.986124,77.60926,2026-01-30,23:00:00,2026-01-30 23:00:00,23,30,Friday,1,False,12.986979,77.609195,2026-01-30 17:00:00,0.09545324876399963,0.01590887479399994,78.14025485526136,0.045584961746098246,0.6849000249813867
7,12.952167,77.609957,2026-01-01,00:00:00,2026-01-01 00:00:00,0,1,Thursday,1,False,,,,0.0,0.0,0.0,0.045120010301025984,0.4535402084870339
7,12.95154,77.611059,2026-01-01,00:00:00,2026-01-01 00:00:00,0,1,Thursday,1,False,12.952167,77.609957,2026-01-01 00:00:00,0.1411409857156236,0.0,0.1411409857156236,0.045120010301025984,0.4535402084870339
7,12.952914,77.609322,2026-01-01,06:00:00,2026-01-01 06:00:00,6,1,Thursday,1,False,12.95154,77.611059,2026-01-01 00:00:00,0.24654414638771405,0.04109069106461901,0.38768513210333766,0.045120010301025984,0.4535402084870339
7,12.950027,77.614941,2026-01-01,06:00:00,2026-01-01 06:00:00,6,1,Thursday,1,False,12.952914,77.609322,2026-01-01 06:00:00,0.7032387584943028,0.0,1.0909238905976406,0.045120010301025984,0.4535402084870339
7,12.953661,77.610014,2026-01-01,12:00:00,2026-01-01 12:00:00,12,1,Thursday,1,False,12.950027,77.614941,2026-01-01 06:00:00,0.6815228690619032,0.11358714484365053,1.7724467596595437,0.045120010301025984,0.4535402084870339
7,12.954176,77.610695,2026-01-01,12:00:00,2026-01-01 12:00:00,12,1,Thursday,1,False,12.953661,77.610014,2026-01-01 12:00:00,0.09504576960396262,0.0,1.8674925292635063,0.045120010301025984,0.4535402084870339
7,12.954137,77.613766,2026-01-01,18:00:00,2026-01-01 18:00:00,18,1,Thursday,1,False,12.954176,77.610695,2026-01-01 12:00:00,0.3418912860840038,0.05698188101400064,2.2093838153475103,0.045120010301025984,0.4535402084870339
7,12.950705,77.616213,2026-01-02,01:00:00,2026-01-02 01:00:00,1,2,Friday,1,False,12.954137,77.613766,2026-01-01 18:00:00,0.46921654667785173,0.0670309352396931,2.678600362025362,0.045120010301025984,0.4535402084870339
7,12.956066,77.610576,2026-01-02,01:00:00,2026-01-02 01:00:00,1,2,Friday,1,False,12.950705,77.616213,2026-01-02 01:00:00,0.8659815268077641,0.0,3.544581888833126,0.045120010301025984,0.4535402084870339
7,12.95628,77.613086,2026-01-02,07:00:00,2026-01-02 07:00:00,7,2,Friday,1,False,12.956066,77.610576,2026-01-02 01:00:00,0.28042690114831154,0.04673781685805192,3.8250087899814376,0.045120010301025984,0.4535402084870339
7,12.94836,77.613749,2026-01-02,07:00:00,2026-01-02 07:00:00,7,2,Friday,1,False,12.95628,77.613086,2026-01-02 07:00:00,0.8847382000807398,0.0,4.709746990062177,0.045120010301025984,0.4535402084870339
7,12.954936,77.615127,2026-01-02,13:00:00,2026-01-02 13:00:00,13,2,Friday,1,False,12.94836,77.613749,2026-01-02 07:00:00,0.7479400183403758,0.12465666972339597,5.457687008402553,0.045120010301025984,0.4535402084870339
7,12.951167,77.612142,2026-01-02,13:00:00,2026-01-02 13:00:00,13,2,Friday,1,False,12.954936,77.615127,2026-01-02 13:00:00,0.5352117649782328,0.0,5.9928987733807855,0.045120010301025984,0.4535402084870339
7,12.950472,77.611778,2026-01-02,19:00:00,2026-01-02 19:00:00,19,2,Friday,1,False,12.951167,77.612142,2026-01-02 13:00:00,0.08733626899655436,0.01455604483275906,6.08023504237734,0.045120010301025984,0.4535402084870339
7,12.956506,77.611294,2026-01-03,02:00:00,2026-01-03 02:00:00,2,3,Saturday,1,True,12.950472,77.611778,2026-01-02 19:00:00,0.6738622852822514,0.09626604075460735,6.754097327659592,0.045120010301025984,0.4535402084870339
7,12.948619,77.613408,2026-01-03,02:00:00,2026-01-03 02:00:00,2,3,Saturday,1,True,12.956506,77.611294,2026-01-03 02:00:00,0.9089723814418891,0.0,7.663069709101481,0.045120010301025984,0.4535402084870339
7,12.951082,77.615494,2026-01-03,08:00:00,2026-01-03 08:00:00,8,3,Saturday,1,True,12.948619,77.613408,2026-01-03 02:00:00,0.3593026960227476,0.059883782670457936,8.022372405124228,0.045120010301025984,0.4535402084870339
7,12.955123,77.611694,2026-01-03,08:00:00,2026-01-03 08:00:00,8,3,Saturday,1,True,12.951082,77.615494,2026-01-03 08:00:00,0.6174967761490698,0.0,8.639869181273298,0.045120010301025984,0.4535402084870339
7,12.952535,77.611351,2026-01-03,14:00:00,2026-01-03 14:00:00,14,3,Saturday,1,True,12.955123,77.611694,2026-01-03 08:00:00,0.29061541694831683,0.04843590282471947,8.930484598221614,0.045120010301025984,0.4535402084870339
7,12.955625,77.610449,2026-01-03,14:00:00,2026-01-03 14:00:00,14,3,Saturday,1,True,12.952535,77.611351,2026-01-03 14:00:00,0.3583346361637249,0.0,9.28881923438534,0.045120010301025984,0.4535402084870339
7,12.954021,77.611562,2026-01-03,20:00:00,2026-01-03 20:00:00,20,3,Saturday,1,True,12.955625,77.610449,2026-01-03 14:00:00,0.21733316380575957,0.0362221939676266,9.5061523981911,0.045120010301025984,0.4535402084870339
7,12.953196,77.613605,2026-01-04,03:00:00,2026-01-04 03:00:00,3,4,Sunday,1,True,12.954021,77.611562,2026-01-03 20:00:00,0.24526991883453583,0.035038559833505116,9.751422317025636,0.045120010301025984,0.4535402084870339
7,12.951591,77.614049,2026-01-04,03:00:00,2026-01-04 03:00:00,3,4,Sunday,1,True,12.953196,77.613605,2026-01-04 03:00:00,0.18537908730483546,0.0,9.93680140433047,0.045120010301025984,0.4535402084870339
7,12.953362,77.611151,2026-01-04,09:00:00,2026-01-04 09:00:00,9,4,Sunday,1,True,12.951591,77.614049,2026-01-04 03:00:00,0.3780759735833904,0.0630126622638984,10.314877377913861,0.045120010301025984,0.4535402084870339
7,12.949828,77.612675,2026-01-04,09:00:00,2026-01-04 09:00:00,9,4,Sunday,1,True,12.953362,77.611151,2026-01-04 09:00:00,0.4284262972020297,0.0,10.743303675115891,0.045120010301025984,0.4535402084870339
7,12.95204,77.61444,2026-01-04,15:00:00,2026-01-04 15:00:00,15,4,Sunday,1,True,12.949828,77.612675,2026-01-04 09:00:00,0.315021222478001,0.05250353707966684,11.058324897593891,0.045120010301025984,0.4535402084870339
7,12.955142,77.611122,2026-01-04,15:00:00,2026-01-04 15:00:00,15,4,Sunday,1,True,12.95204,77.61444,2026-01-04 15:00:00,0.50563705650021,0.0,11.563961954094102,0.045120010301025984,0.4535402084870339
7,12.952972,77.616672,2026-01-04,21:00:00,2026-01-04 21:00:00,21,4,Sunday,1,True,12.955142,77.611122,2026-01-04 15:00:00,0.6633719361137216,0.11056198935228694,12.227333890207824,0.045120010301025984,0.4535402084870339
7,12.952569,77.610514,2026-01-05,04:00:00,2026-01-05 04:00:00,4,5,Monday,1,False,12.952972,77.616672,2026-01-04 21:00:00,0.6869749495346972,0.09813927850495674,12.914308839742521,0.045120010301025984,0.4535402084870339
7,12.952104,77.612235,2026-01-05,04:00:00,2026-01-05 04:00:00,4,5,Monday,1,False,12.952569,77.610514,2026-01-05 04:00:00,0.1984516223887975,0.0,13.112760462131318,0.045120010301025984,0.4535402084870339
7,12.952762,77.613868,2026-01-05,10:00:00,2026-01-05 10:00:00,10,5,Monday,1,False,12.952104,77.612235,2026-01-05 04:00:00,0.19598811537057204,0.03266468589509534,13.30874857750189,0.045120010301025984,0.4535402084870339
7,12.953119,77.610909,2026-01-05,10:00:00,2026-01-05 10:00:00,10,5,Monday,1,False,12.952762,77.613868,2026-01-05 10:00:00,0.33178458661753407,0.0,13.640533164119423,0.045120010301025984,0.4535402084870339
7,12.954439,77.609859,2026-01-05,16:00:00,2026-01-05 16:00:00,16,5,Monday,1,False,12.953119,77.610909,2026-01-05 10:00:00,0.18776156665829646,0.03129359444304941,13.82829473077772,0.045120010301025984,0.4535402084870339
7,12.952748,77.611056,2026-01-05,16:00:00,2026-01-05 16:00:00,16,5,Monday,1,False,12.954439,77.609859,2026-01-05 16:00:00,0.23063102328671986,0.0,14.05892575406444,0.045120010301025984,0.4535402084870339
7,12.951755,77.611098,2026-01-05,22:00:00,2026-01-05 22:00:00,22,5,Monday,1,False,12.952748,77.611056,2026-01-05 16:00:00,0.11063959219261657,0.01843993203210276,14.169565346257057,0.045120010301025984,0.4535402084870339
7,12.953851,77.613702,2026-01-06,05:00:00,2026-01-06 05:00:00,5,6,Tuesday,1,False,12.951755,77.611098,2026-01-05 22:00:00,0.37211583643602597,0.053159405205146566,14.541681182693083,0.045120010301025984,0.4535402084870339
7,12.952916,77.611536,2026-01-06,05:00:00,2026-01-06 05:00:00,5,6,Tuesday,1,False,12.953851,77.613702,2026-01-06 05:00:00,0.2626251144109309,0.0,14.804306297104015,0.045120010301025984,0.4535402084870339
7,12.954794,77.612863,2026-01-06,11:00:00,2026-01-06 11:00:00,11,6,Tuesday,1,False,12.952916,77.611536,2026-01-06 05:00:00,0.25598306912892654,0.04266384485482109,15.06028936623294,0.045120010301025984,0.4535402084870339
7,12.951324,77.617806,2026-01-06,11:00:00,2026-01-06 11:00:00,11,6,Tuesday,1,False,12.954794,77.612863,2026-01-06 11:00:00,0.6723041338014281,0.0,15.732593500034369,0.045120010301025984,0.4535402084870339
7,12.956686,77.614073,2026-01-06,17:00:00,2026-01-06 17:00:00,17,6,Tuesday,1,False,12.951324,77.617806,2026-01-06 11:00:00,0.7273067558255681,0.12121779263759469,16.459900255859935,0.045120010301025984,0.4535402084870339
7,12.953341,77.610125,2026-01-06,17:00:00,2026-01-06 17:00:00,17,6,Tuesday,1,False,12.956686,77.614073,2026-01-06 17:00:00,0.5760283383936741,0.0,17.035928594253612,0.045120010301025984,0.4535402084870339
7,12.95663,77.612782,2026-01-06,23:00:00,2026-01-06 23:00:00,23,6,Tuesday,1,False,12.953341,77.610125,2026-01-06 17:00:00,0.470676572976606,0.078446095496101,17.506605167230216,0.045120010301025984,0.4535402084870339
7,12.953761,77.610285,2026-01-07,00:00:00,2026-01-07 00:00:00,0,7,Wednesday,1,False,12.95663,77.612782,2026-01-06 23:00:00,0.4233991481121435,0.4233991481121435,17.93000431534236,0.045120010301025984,0.4535402084870339
7,12.956607,77.616016,2026-01-07,06:00:00,2026-01-07 06:00:00,6,7,Wednesday,1,False,12.953761,77.610285,2026-01-07 00:00:00,0.712309506198092,0.11871825103301532,18.64231382154045,0.045120010301025984,0.4535402084870339
7,12.954184,77.614641,2026-01-07,06:00:00,2026-01-07 06:00:00,6,7,Wednesday,1,False,12.956607,77.616016,2026-01-07 06:00:00,0.3101326851738902,0.0,18.95244650671434,0.045120010301025984,0.4535402084870339
7,12.954708,77.613587,2026-01-07,12:00:00,2026-01-07 12:00:00,12,7,Wednesday,1,False,12.954184,77.614641,2026-01-07 06:00:00,0.1310313479986437,0.02183855799977395,19.083477854712985,0.045120010301025984,0.4535402084870339
7,12.953813,77.610964,2026-01-07,12:00:00,2026-01-07 12:00:00,12,7,Wednesday,1,False,12.954708,77.613587,2026-01-07 12:00:00,0.30852221016373355,0.0,19.39200006487672,0.045120010301025984,0.4535402084870339
7,12.951703,77.612946,2026-01-07,18:00:00,2026-01-07 18:00:00,18,7,Wednesday,1,False,12.953813,77.610964,2026-01-07 12:00:00,0.32225984481515807,0.05370997413585968,19.71425990969188,0.045120010301025984,0.4535402084870339
7,12.953757,77.610597,2026-01-07,18:00:00,2026-01-07 18:00:00,18,7,Wednesday,1,False,12.951703,77.612946,2026-01-07 18:00:00,0.34735973222610533,0.0,20.061619641917982,0.045120010301025984,0.4535402084870339
7,12.954985,77.61402,2026-01-08,01:00:00,2026-01-08 01:00:00,1,8,Thursday,1,False,12.953757,77.610597,2026-01-07 18:00:00,0.40482712992519626,0.057832447132170894,20.46644677184318,0.045120010301025984,0.4535402084870339
7,12.954951,77.613111,2026-01-08,07:00:00,2026-01-08 07:00:00,7,8,Thursday,1,False,12.954985,77.61402,2026-01-08 01:00:00,0.1012606395934315,0.016876773265571916,20.56770741143661,0.045120010301025984,0.4535402084870339
7,12.952319,77.612745,2026-01-08,07:00:00,2026-01-08 07:00:00,7,8,Thursday,1,False,12.954951,77.613111,2026-01-08 07:00:00,0.2958134995238066,0.0,20.863520910960418,0.045120010301025984,0.4535402084870339
7,12.954185,77.611611,2026-01-08,13:00:00,2026-01-08 13:00:00,13,8,Thursday,1,False,12.952319,77.612745,2026-01-08 07:00:00,0.24307333143508036,0.040512221905846725,21.1065942423955,0.045120010301025984,0.4535402084870339
7,12.953244,77.613441,2026-01-08,13:00:00,2026-01-08 13:00:00,13,8,Thursday,1,False,12.954185,77.611611,2026-01-08 13:00:00,0.2290699725581604,0.0,21.33566421495366,0.045120010301025984,0.4535402084870339
7,12.954406,77.612798,2026-01-08,19:00:00,2026-01-08 19:00:00,19,8,Thursday,1,False,12.953244,77.613441,2026-01-08 13:00:00,0.14783752840822112,0.024639588068036854,21.48350174336188,0.045120010301025984,0.4535402084870339
7,12.954172,77.608896,2026-01-08,19:00:00,2026-01-08 19:00:00,19,8,Thursday,1,False,12.954406,77.612798,2026-01-08 19:00:00,0.4351510048740915,0.0,21.91865274823597,0.045120010301025984,0.4535402084870339
7,12.956892,77.614339,2026-01-09,02:00:00,2026-01-09 02:00:00,2,9,Friday,1,False,12.954172,77.608896,2026-01-08 19:00:00,0.6773586367043481,0.09676551952919259,22.59601138494032,0.045120010301025984,0.4535402084870339
7,12.954887,77.61501,2026-01-09,08:00:00,2026-01-09 08:00:00,8,9,Friday,1,False,12.956892,77.614339,2026-01-09 02:00:00,0.23536391575144214,0.03922731929190702,22.83137530069176,0.045120010301025984,0.4535402084870339
7,12.953497,77.611892,2026-01-09,08:00:00,2026-01-09 08:00:00,8,9,Friday,1,False,12.954887,77.61501,2026-01-09 08:00:00,0.3800241109995882,0.0,23.21139941169135,0.045120010301025984,0.4535402084870339
7,12.954507,77.614611,2026-01-09,14:00:00,2026-01-09 14:00:00,14,9,Friday,1,False,12.953497,77.611892,2026-01-09 08:00:00,0.3228867447446511,0.05381445745744185,23.534286156436,0.045120010301025984,0.4535402084870339
7,12.954836,77.609808,2026-01-09,14:00:00,2026-01-09 14:00:00,14,9,Friday,1,False,12.954507,77.614611,2026-01-09 14:00:00,0.5359228526676054,0.0,24.070209009103607,0.045120010301025984,0.4535402084870339
7,12.95606,77.61368,2026-01-09,20:00:00,2026-01-09 20:00:00,20,9,Friday,1,False,12.954836,77.609808,2026-01-09 14:00:00,0.45205460707294726,0.07534243451215787,24.522263616176552,0.045120010301025984,0.4535402084870339
7,12.95327,77.612286,2026-01-09,20:00:00,2026-01-09 20:00:00,20,9,Friday,1,False,12.95606,77.61368,2026-01-09 20:00:00,0.34719235718096936,0.0,24.86945597335752,0.045120010301025984,0.4535402084870339
7,12.955653,77.610691,2026-01-10,03:00:00,2026-01-10 03:00:00,3,10,Saturday,1,True,12.95327,77.612286,2026-01-09 20:00:00,0.3192131620128858,0.045601880287555116,25.188669135370407,0.045120010301025984,0.4535402084870339
7,12.952991,77.614594,2026-01-10,09:00:00,2026-01-10 09:00:00,9,10,Saturday,1,True,12.955653,77.610691,2026-01-10 03:00:00,0.5259166457661745,0.08765277429436241,25.714585781136584,0.045120010301025984,0.4535402084870339
7,12.956641,77.612408,2026-01-10,09:00:00,2026-01-10 09:00:00,9,10,Saturday,1,True,12.952991,77.614594,2026-01-10 09:00:00,0.47361520164333415,0.0,26.188200982779918,0.045120010301025984,0.4535402084870339
7,12.955481,77.60923,2026-01-10,15:00:00,2026-01-10 15:00:00,15,10,Saturday,1,True,12.956641,77.612408,2026-01-10 09:00:00,0.3766053493205246,0.06276755822008744,26.564806332100442,0.045120010301025984,0.4535402084870339
7,12.953974,77.613533,2026-01-10,15:00:00,2026-01-10 15:00:00,15,10,Saturday,1,True,12.955481,77.60923,2026-01-10 15:00:00,0.5075368995308226,0.0,27.072343231631265,0.045120010301025984,0.4535402084870339
7,12.956821,77.61268,2026-01-10,21:00:00,2026-01-10 21:00:00,21,10,Saturday,1,True,12.953974,77.613533,2026-01-10 15:00:00,0.33084742235332526,0.05514123705888754,27.403190653984588,0.045120010301025984,0.4535402084870339
7,12.953918,77.607957,2026-01-10,21:00:00,2026-01-10 21:00:00,21,10,Saturday,1,True,12.956821,77.61268,2026-01-10 21:00:00,0.6171400283866412,0.0,28.02033068237123,0.045120010301025984,0.4535402084870339
7,12.94991,77.61515,2026-01-11,04:00:00,2026-01-11 04:00:00,4,11,Sunday,1,True,12.953918,77.607957,2026-01-10 21:00:00,0.9166396837841997,0.13094852625488568,28.936970366155432,0.045120010301025984,0.4535402084870339
7,12.949861,77.613137,2026-01-11,10:00:00,2026-01-11 10:00:00,10,11,Sunday,1,True,12.94991,77.61515,2026-01-11 04:00:00,0.22415353847535738,0.03735892307922623,29.161123904630788,0.045120010301025984,0.4535402084870339
7,12.955469,77.609561,2026-01-11,10:00:00,2026-01-11 10:00:00,10,11,Sunday,1,True,12.949861,77.613137,2026-01-11 10:00:00,0.7404030361168938,0.0,29.901526940747683,0.045120010301025984,0.4535402084870339
7,12.950042,77.610778,2026-01-11,16:00:00,2026-01-11 16:00:00,16,11,Sunday,1,True,12.955469,77.609561,2026-01-11 10:00:00,0.6191375620770874,0.10318959367951457,30.52066450282477,0.045120010301025984,0.4535402084870339
7,12.951306,77.614585,2026-01-11,16:00:00,2026-01-11 16:00:00,16,11,Sunday,1,True,12.950042,77.610778,2026-01-11 16:00:00,0.4465437064738933,0.0,30.96720820929866,0.045120010301025984,0.4535402084870339
7,12.951652,77.611553,2026-01-11,22:00:00,2026-01-11 22:00:00,22,11,Sunday,1,True,12.951306,77.614585,2026-01-11 16:00:00,0.3397128202092303,0.05661880336820505,31.306921029507894,0.045120010301025984,0.4535402084870339
7,12.952504,77.608811,2026-01-11,22:00:00,2026-01-11 22:00:00,22,11,Sunday,1,True,12.951652,77.611553,2026-01-11 22:00:00,0.3196351380372555,0.0,31.626556167545147,0.045120010301025984,0.4535402084870339
7,12.951452,77.614719,2026-01-12,05:00:00,2026-01-12 05:00:00,5,12,Monday,1,False,12.952504,77.608811,2026-01-11 22:00:00,0.6680235937786805,0.09543194196838292,32.29457976132383,0.045120010301025984,0.4535402084870339
7,12.954514,77.612588,2026-01-12,11:00:00,2026-01-12 11:00:00,11,12,Monday,1,False,12.951452,77.614719,2026-01-12 05:00:00,0.4152848513262342,0.06921414188770571,32.709864612650065,0.045120010301025984,0.4535402084870339
7,12.949006,77.612158,2026-01-12,11:00:00,2026-01-12 11:00:00,11,12,Monday,1,False,12.954514,77.612588,2026-01-12 11:00:00,0.6150161919478404,0.0,33.3248808045979,0.045120010301025984,0.4535402084870339
7,12.952742,77.616175,2026-01-12,17:00:00,2026-01-12 17:00:00,17,12,Monday,1,False,12.949006,77.612158,2026-01-12 11:00:00,0.6106790871676534,0.10177984786127557,33.93555989176556,0.045120010301025984,0.4535402084870339
7,12.953226,77.613693,2026-01-12,17:00:00,2026-01-12 17:00:00,17,12,Monday,1,False,12.952742,77.616175,2026-01-12 17:00:00,0.28150052566243455,0.0,34.217060417427994,0.045120010301025984,0.4535402084870339
7,12.946907,77.611504,2026-01-12,23:00:00,2026-01-12 23:00:00,23,12,Monday,1,False,12.953226,77.613693,2026-01-12 17:00:00,0.7444427266642557,0.12407378777737595,34.96150314409225,0.045120010301025984,0.4535402084870339
7,12.956567,77.614753,2026-01-12,23:00:00,2026-01-12 23:00:00,23,12,Monday,1,False,12.946907,77.611504,2026-01-12 23:00:00,1.1345446976244578,0.0,36.096047841716704,0.045120010301025984,0.4535402084870339
7,12.955422,77.610843,2026-01-13,00:00:00,2026-01-13 00:00:00,0,13,Tuesday,1,False,12.956567,77.614753,2026-01-12 23:00:00,0.4535402084870339,0.4535402084870339,36.54958805020374,0.045120010301025984,0.4535402084870339
7,12.956464,77.612265,2026-01-13,00:00:00,2026-01-13 00:00:00,0,13,Tuesday,1,False,12.955422,77.610843,2026-01-13 00:00:00,0.196247025386973,0.0,36.74583507559071,0.045120010301025984,0.4535402084870339
7,12.954349,77.612109,2026-01-13,06:00:00,2026-01-13 06:00:00,6,13,Tuesday,1,False,12.956464,77.612265,2026-01-13 00:00:00,0.23608137657307937,0.03934689609551323,36.98191645216379,0.045120010301025984,0.4535402084870339
7,12.952339,77.614422,2026-01-13,12:00:00,2026-01-13 12:00:00,12,13,Tuesday,1,False,12.954349,77.612109,2026-01-13 06:00:00,0.34112031923339226,0.05685338653889871,37.323036771397184,0.045120010301025984,0.4535402084870339
7,12.953317,77.615004,2026-01-13,12:00:00,2026-01-13 12:00:00,12,13,Tuesday,1,False,12.952339,77.614422,2026-01-13 12:00:00,0.12669018104626442,0.0,37.44972695244345,0.045120010301025984,0.4535402084870339
7,12.949695,77.608439,2026-01-13,18:00:00,2026-01-13 18:00:00,18,13,Tuesday,1,False,12.953317,77.615004,2026-01-13 12:00:00,0.8346632927030401,0.13911054878384002,38.28439024514649,0.045120010301025984,0.4535402084870339
7,12.954426,77.612881,2026-01-13,18:00:00,2026-01-13 18:00:00,18,13,Tuesday,1,False,12.949695,77.608439,2026-01-13 18:00:00,0.7224121242020413,0.0,39.00680236934853,0.045120010301025984,0.4535402084870339
7,12.950528,77.613338,2026-01-14,01:00:00,2026-01-14 01:00:00,1,14,Wednesday,1,False,12.954426,77.612881,2026-01-13 18:00:00,0.4368973616298788,0.0624139088042684,39.44369973097841,0.045120010301025984,0.4535402084870339
7,12.949217,77.616144,2026-01-14,01:00:00,2026-01-14 01:00:00,1,14,Wednesday,1,False,12.950528,77.613338,2026-01-14 01:00:00,0.344775077254848,0.0,39.788474808233254,0.045120010301025984,0.4535402084870339
7,12.955988,77.612709,2026-01-14,07:00:00,2026-01-14 07:00:00,7,14,Wednesday,1,False,12.949217,77.616144,2026-01-14 01:00:00,0.8451942391045414,0.14086570651742356,40.6336690473378,0.045120010301025984,0.4535402084870339
7,12.953182,77.61127,2026-01-14,13:00:00,2026-01-14 13:00:00,13,14,Wednesday,1,False,12.955988,77.612709,2026-01-14 07:00:00,0.3510439972711087,0.058507332878518115,40.9847130446089,0.045120010301025984,0.4535402084870339
7,12.95178,77.611621,2026-01-14,13:00:00,2026-01-14 13:00:00,13,14,Wednesday,1,False,12.953182,77.61127,2026-01-14 13:00:00,0.16088744203885916,0.0,41.145600486647766,0.045120010301025984,0.4535402084870339
7,12.949983,77.611742,2026-01-14,19:00:00,2026-01-14 19:00:00,19,14,Wednesday,1,False,12.95178,77.611621,2026-01-14 13:00:00,0.20049501521048768,0.033415835868414616,41.34609550185825,0.045120010301025984,0.4535402084870339
7,12.956308,77.609359,2026-01-14,19:00:00,2026-01-14 19:00:00,19,14,Wednesday,1,False,12.949983,77.611742,2026-01-14 19:00:00,0.7524137987403579,0.0,42.09850930059861,0.045120010301025984,0.4535402084870339
7,12.958355,77.611671,2026-01-15,02:00:00,2026-01-15 02:00:00,2,15,Thursday,1,False,12.956308,77.609359,2026-01-14 19:00:00,0.34375271728221285,0.04910753104031612,42.44226201788082,0.045120010301025984,0.4535402084870339
7,12.953832,77.616361,2026-01-15,02:00:00,2026-01-15 02:00:00,2,15,Thursday,1,False,12.958355,77.611671,2026-01-15 02:00:00,0.7253215948558597,0.0,43.167583612736685,0.045120010301025984,0.4535402084870339
7,12.956044,77.612554,2026-01-15,08:00:00,2026-01-15 08:00:00,8,15,Thursday,1,False,12.953832,77.616361,2026-01-15 02:00:00,0.49013922945362876,0.0816898715756048,43.65772284219031,0.045120010301025984,0.4535402084870339
7,12.951628,77.61035,2026-01-15,14:00:00,2026-01-15 14:00:00,14,15,Thursday,1,False,12.956044,77.612554,2026-01-15 08:00:00,0.5494143537434383,0.09156905895723971,44.20713719593375,0.045120010301025984,0.4535402084870339
7,12.951517,77.613819,2026-01-15,14:00:00,2026-01-15 14:00:00,14,15,Thursday,1,False,12.951628,77.61035,2026-01-15 14:00:00,0.38636671949766616,0.0,44.59350391543141,0.045120010301025984,0.4535402084870339
7,12.952209,77.613721,2026-01-15,20:00:00,2026-01-15 20:00:00,20,15,Thursday,1,False,12.951517,77.613819,2026-01-15 14:00:00,0.0778020887498969,0.012967014791649483,44.67130600418131,0.045120010301025984,0.4535402084870339
7,12.950331,77.610676,2026-01-15,20:00:00,2026-01-15 20:00:00,20,15,Thursday,1,False,12.952209,77.613721,2026-01-15 20:00:00,0.3982535660764849,0.0,45.069559570257795,0.045120010301025984,0.4535402084870339
7,12.954694,77.61185,2026-01-16,03:00:00,2026-01-16 03:00:00,3,16,Friday,1,False,12.950331,77.610676,2026-01-15 20:00:00,0.5029649616028409,0.07185213737183441,45.57252453186064,0.045120010301025984,0.4535402084870339
7,12.956231,77.613667,2026-01-16,03:00:00,2026-01-16 03:00:00,3,16,Friday,1,False,12.954694,77.61185,2026-01-16 03:00:00,0.26492892418444475,0.0,45.83745345604508,0.045120010301025984,0.4535402084870339
7,12.953213,77.611626,2026-01-16,09:00:00,2026-01-16 09:00:00,9,16,Friday,1,False,12.956231,77.613667,2026-01-16 03:00:00,0.4055778102641398,0.06759630171068996,46.243031266309224,0.045120010301025984,0.4535402084870339
7,12.954698,77.609772,2026-01-16,15:00:00,2026-01-16 15:00:00,15,16,Friday,1,False,12.953213,77.611626,2026-01-16 09:00:00,0.26442989915969667,0.04407164985994944,46.50746116546892,0.045120010301025984,0.4535402084870339
7,12.955596,77.612664,2026-01-16,15:00:00,2026-01-16 15:00:00,15,16,Friday,1,False,12.954698,77.609772,2026-01-16 15:00:00,0.3371005613653745,0.0,46.84456172683429,0.045120010301025984,0.4535402084870339
7,12.950076,77.613068,2026-01-16,21:00:00,2026-01-16 21:00:00,21,16,Friday,1,False,12.955596,77.612664,2026-01-16 15:00:00,0.6161299633186468,0.10268832721977446,47.46069169015294,0.045120010301025984,0.4535402084870339
7,12.95302,77.612112,2026-01-16,21:00:00,2026-01-16 21:00:00,21,16,Friday,1,False,12.950076,77.613068,2026-01-16 21:00:00,0.34457221096424706,0.0,47.805263901117186,0.045120010301025984,0.4535402084870339
7,12.951583,77.612096,2026-01-17,04:00:00,2026-01-17 04:00:00,4,17,Saturday,1,True,12.95302,77.612112,2026-01-16 21:00:00,0.15997675546177711,0.022853822208825304,47.96524065657896,0.045120010301025984,0.4535402084870339
7,12.952004,77.609969,2026-01-17,04:00:00,2026-01-17 04:00:00,4,17,Saturday,1,True,12.951583,77.612096,2026-01-17 04:00:00,0.24137117995823756,0.0,48.206611836537206,0.045120010301025984,0.4535402084870339
7,12.958252,77.612837,2026-01-17,10:00:00,2026-01-17 10:00:00,10,17,Saturday,1,True,12.952004,77.609969,2026-01-17 04:00:00,0.7653031647760925,0.12755052746268208,48.9719150013133,0.045120010301025984,0.4535402084870339
7,12.955271,77.610443,2026-01-17,16:00:00,2026-01-17 16:00:00,16,17,Saturday,1,True,12.958252,77.612837,2026-01-17 10:00:00,0.4256093790902,0.07093489651503333,49.397524380403496,0.045120010301025984,0.4535402084870339
7,12.953861,77.612231,2026-01-17,16:00:00,2026-01-17 16:00:00,16,17,Saturday,1,True,12.955271,77.610443,2026-01-17 16:00:00,0.25348333988221955,0.0,49.65100772028571,0.045120010301025984,0.4535402084870339
7,12.952805,77.614698,2026-01-17,22:00:00,2026-01-17 22:00:00,22,17,Saturday,1,True,12.953861,77.612231,2026-01-17 16:00:00,0.2987283141167826,0.049788052352797096,49.9497360344025,0.045120010301025984,0.4535402084870339
7,12.950384,77.615423,2026-01-17,22:00:00,2026-01-17 22:00:00,22,17,Saturday,1,True,12.952805,77.614698,2026-01-17 22:00:00,0.281330682581492,0.0,50.23106671698399,0.045120010301025984,0.4535402084870339
7,12.953534,77.611098,2026-01-18,05:00:00,2026-01-18 05:00:00,5,18,Sunday,1,True,12.950384,77.615423,2026-01-17 22:00:00,0.5956205181538833,0.08508864545055475,50.826687235137875,0.045120010301025984,0.4535402084870339
7,12.953897,77.612086,2026-01-18,05:00:00,2026-01-18 05:00:00,5,18,Sunday,1,True,12.953534,77.611098,2026-01-18 05:00:00,0.1171725892134123,0.0,50.943859824351286,0.045120010301025984,0.4535402084870339
7,12.954383,77.609062,2026-01-18,11:00:00,2026-01-18 11:00:00,11,18,Sunday,1,True,12.953897,77.612086,2026-01-18 05:00:00,0.34095140775003474,0.05682523462500579,51.28481123210132,0.045120010301025984,0.4535402084870339
7,12.954935,77.611149,2026-01-18,17:00:00,2026-01-18 17:00:00,17,18,Sunday,1,True,12.954383,77.609062,2026-01-18 11:00:00,0.24031389189775107,0.040052315316291845,51.52512512399907,0.045120010301025984,0.4535402084870339
7,12.952283,77.609356,2026-01-18,17:00:00,2026-01-18 17:00:00,17,18,Sunday,1,True,12.954935,77.611149,2026-01-18 17:00:00,0.356362305644464,0.0,51.881487429643535,0.045120010301025984,0.4535402084870339
7,12.954448,77.61132,2026-01-18,23:00:00,2026-01-18 23:00:00,23,18,Sunday,1,True,12.952283,77.609356,2026-01-18 17:00:00,0.32539963271617867,0.05423327211936311,52.20688706235971,0.045120010301025984,0.4535402084870339
7,12.954332,77.6133,2026-01-18,23:00:00,2026-01-18 23:00:00,23,18,Sunday,1,True,12.954448,77.61132,2026-01-18 23:00:00,0.2207915390873248,0.0,52.42767860144704,0.045120010301025984,0.4535402084870339
7,12.951989,77.615273,2026-01-19,00:00:00,2026-01-19 00:00:00,0,19,Monday,1,False,12.954332,77.6133,2026-01-18 23:00:00,0.34098059215597937,0.34098059215597937,52.76865919360302,0.045120010301025984,0.4535402084870339
7,12.952355,77.611189,2026-01-19,00:00:00,2026-01-19 00:00:00,0,19,Monday,1,False,12.951989,77.615273,2026-01-19 00:00:00,0.45645288790577954,0.0,53.2251120815088,0.045120010301025984,0.4535402084870339
7,12.952391,77.609346,2026-01-19,06:00:00,2026-01-19 06:00:00,6,19,Monday,1,False,12.952355,77.611189,2026-01-19 00:00:00,0.20520189645099657,0.0342003160751661,53.43031397795979,0.045120010301025984,0.4535402084870339
7,12.954393,77.612742,2026-01-19,06:00:00,2026-01-19 06:00:00,6,19,Monday,1,False,12.952391,77.609346,2026-01-19 06:00:00,0.4388439978538067,0.0,53.8691579758136,0.045120010301025984,0.4535402084870339
7,12.953324,77.609892,2026-01-19,12:00:00,2026-01-19 12:00:00,12,19,Monday,1,False,12.954393,77.612742,2026-01-19 06:00:00,0.3388457372976746,0.05647428954961243,54.208003713111275,0.045120010301025984,0.4535402084870339
7,12.953304,77.612679,2026-01-19,18:00:00,2026-01-19 18:00:00,18,19,Monday,1,False,12.953324,77.609892,2026-01-19 12:00:00,0.3102568284150396,0.0517094714025066,54.51826054152632,0.045120010301025984,0.4535402084870339
7,12.956279,77.613622,2026-01-19,18:00:00,2026-01-19 18:00:00,18,19,Monday,1,False,12.953304,77.612679,2026-01-19 18:00:00,0.34741604103191537,0.0,54.86567658255823,0.045120010301025984,0.4535402084870339
7,12.953961,77.609223,2026-01-20,01:00:00,2026-01-20 01:00:00,1,20,Tuesday,1,False,12.956279,77.613622,2026-01-19 18:00:00,0.5535226789794861,0.07907466842564088,55.41919926153771,0.045120010301025984,0.4535402084870339
7,12.954081,77.612445,2026-01-20,01:00:00,2026-01-20 01:00:00,1,20,Tuesday,1,False,12.953961,77.609223,2026-01-20 01:00:00,0.3589217135712356,0.0,55.778120975108955,0.045120010301025984,0.4535402084870339
7,12.952072,77.612026,2026-01-20,07:00:00,2026-01-20 07:00:00,7,20,Tuesday,1,False,12.954081,77.612445,2026-01-20 01:00:00,0.2284540816046134,0.03807568026743557,56.006575056713565,0.045120010301025984,0.4535402084870339
7,12.957873,77.61606,2026-01-20,07:00:00,2026-01-20 07:00:00,7,20,Tuesday,1,False,12.952072,77.612026,2026-01-20 07:00:00,0.7865587695969195,0.0,56.79313382631049,0.045120010301025984,0.4535402084870339
7,12.950942,77.610905,2026-01-20,13:00:00,2026-01-20 13:00:00,13,20,Tuesday,1,False,12.957873,77.61606,2026-01-20 07:00:00,0.9615676101933497,0.1602612683655583,57.75470143650384,0.045120010301025984,0.4535402084870339
7,12.953874,77.613671,2026-01-20,19:00:00,2026-01-20 19:00:00,19,20,Tuesday,1,False,12.950942,77.610905,2026-01-20 13:00:00,0.44870908903943124,0.07478484817323854,58.20341052554327,0.045120010301025984,0.4535402084870339
7,12.955591,77.611575,2026-01-20,19:00:00,2026-01-20 19:00:00,19,20,Tuesday,1,False,12.953874,77.613671,2026-01-20 19:00:00,0.3016197887432438,0.0,58.50503031428651,0.045120010301025984,0.4535402084870339
7,12.950448,77.612138,2026-01-21,02:00:00,2026-01-21 02:00:00,2,21,Wednesday,1,False,12.955591,77.611575,2026-01-20 19:00:00,0.5759389338604933,0.08227699055149905,59.080969248147,0.045120010301025984,0.4535402084870339
7,12.954369,77.612252,2026-01-21,02:00:00,2026-01-21 02:00:00,2,21,Wednesday,1,False,12.950448,77.612138,2026-01-21 02:00:00,0.43667016390697533,0.0,59.51763941205398,0.045120010301025984,0.4535402084870339
7,12.95228,77.614304,2026-01-21,08:00:00,2026-01-21 08:00:00,8,21,Wednesday,1,False,12.954369,77.612252,2026-01-21 02:00:00,0.32597235162955485,0.05432872527159247,59.84361176368353,0.045120010301025984,0.4535402084870339
7,12.956162,77.615076,2026-01-21,14:00:00,2026-01-21 14:00:00,14,21,Wednesday,1,False,12.95228,77.614304,2026-01-21 08:00:00,0.4406065850181275,0.07343443083635458,60.28421834870166,0.045120010301025984,0.4535402084870339
7,12.951032,77.609195,2026-01-21,20:00:00,2026-01-21 20:00:00,20,21,Wednesday,1,False,12.956162,77.615076,2026-01-21 14:00:00,0.868745880282816,0.144790980047136,61.15296422898447,0.045120010301025984,0.4535402084870339
7,12.949942,77.613268,2026-01-21,20:00:00,2026-01-21 20:00:00,20,21,Wednesday,1,False,12.951032,77.609195,2026-01-21 20:00:00,0.46936172796087217,0.0,61.622325956945346,0.045120010301025984,0.4535402084870339
7,12.952954,77.610889,2026-01-22,03:00:00,2026-01-22 03:00:00,3,22,Thursday,1,False,12.949942,77.613268,2026-01-21 20:00:00,0.42726850752947815,0.06103835821849688,62.04959446447483,0.045120010301025984,0.4535402084870339
7,12.950928,77.612971,2026-01-22,03:00:00,2026-01-22 03:00:00,3,22,Thursday,1,False,12.952954,77.610889,2026-01-22 03:00:00,0.3233917849461757,0.0,62.372986249421004,0.045120010301025984,0.4535402084870339
7,12.954327,77.610852,2026-01-22,09:00:00,2026-01-22 09:00:00,9,22,Thursday,1,False,12.950928,77.612971,2026-01-22 03:00:00,0.4458829739731473,0.07431382899552455,62.81886922339415,0.045120010301025984,0.4535402084870339
7,12.954591,77.612082,2026-01-22,15:00:00,2026-01-22 15:00:00,15,22,Thursday,1,False,12.954327,77.610852,2026-01-22 09:00:00,0.14004197582826522,0.02334032930471087,62.95891119922241,0.045120010301025984,0.4535402084870339
7,12.94861,77.608875,2026-01-22,21:00:00,2026-01-22 21:00:00,21,22,Thursday,1,False,12.954591,77.612082,2026-01-22 15:00:00,0.7554783285224007,0.12591305475373346,63.714389527744814,0.045120010301025984,0.4535402084870339
7,12.953058,77.611411,2026-01-22,21:00:00,2026-01-22 21:00:00,21,22,Thursday,1,False,12.94861,77.608875,2026-01-22 21:00:00,0.5699757934849492,0.0,64.28436532122977,0.045120010301025984,0.4535402084870339
7,12.952402,77.611482,2026-01-23,04:00:00,2026-01-23 04:00:00,4,23,Friday,1,False,12.953058,77.611411,2026-01-22 21:00:00,0.0734523912591505,0.010493198751307215,64.35781771248891,0.045120010301025984,0.4535402084870339
7,12.953087,77.61073,2026-01-23,04:00:00,2026-01-23 04:00:00,4,23,Friday,1,False,12.952402,77.611482,2026-01-23 04:00:00,0.1132365184614129,0.0,64.47105423095033,0.045120010301025984,0.4535402084870339
7,12.951633,77.611317,2026-01-23,10:00:00,2026-01-23 10:00:00,10,23,Friday,1,False,12.953087,77.61073,2026-01-23 04:00:00,0.1745519253308616,0.0290919875551436,64.64560615628119,0.045120010301025984,0.4535402084870339
7,12.951671,77.60849,2026-01-23,16:00:00,2026-01-23 16:00:00,16,23,Friday,1,False,12.951633,77.611317,2026-01-23 10:00:00,0.3147300692213252,0.05245501153688753,64.96033622550252,0.045120010301025984,0.4535402084870339
7,12.954521,77.612174,2026-01-23,22:00:00,2026-01-23 22:00:00,22,23,Friday,1,False,12.951671,77.60849,2026-01-23 16:00:00,0.5184973951985294,0.08641623253308824,65.47883362070104,0.045120010301025984,0.4535402084870339
7,12.955214,77.615414,2026-01-23,22:00:00,2026-01-23 22:00:00,22,23,Friday,1,False,12.954521,77.612174,2026-01-23 22:00:00,0.3688347435561341,0.0,65.84766836425717,0.045120010301025984,0.4535402084870339
7,12.955409,77.611139,2026-01-24,05:00:00,2026-01-24 05:00:00,5,24,Saturday,1,True,12.955214,77.615414,2026-01-23 22:00:00,0.4763878237995709,0.0680554033999387,66.32405618805674,0.045120010301025984,0.4535402084870339
7,12.953093,77.609199,2026-01-24,05:00:00,2026-01-24 05:00:00,5,24,Saturday,1,True,12.955409,77.611139,2026-01-24 05:00:00,0.336316420207519,0.0,66.66037260826427,0.045120010301025984,0.4535402084870339
7,12.950449,77.611853,2026-01-24,11:00:00,2026-01-24 11:00:00,11,24,Saturday,1,True,12.953093,77.609199,2026-01-24 05:00:00,0.41703348509380445,0.06950558084896741,67.07740609335808,0.045120010301025984,0.4535402084870339
7,12.954936,77.611347,2026-01-24,17:00:00,2026-01-24 17:00:00,17,24,Saturday,1,True,12.950449,77.611853,2026-01-24 11:00:00,0.5026588622343445,0.08377647703905743,67.58006495559242,0.045120010301025984,0.4535402084870339
7,12.95101,77.611306,2026-01-24,23:00:00,2026-01-24 23:00:00,23,24,Saturday,1,True,12.954936,77.611347,2026-01-24 17:00:00,0.43706615135736654,0.07284435855956109,68.01713110694979,0.045120010301025984,0.4535402084870339
7,12.956338,77.611365,2026-01-24,23:00:00,2026-01-24 23:00:00,23,24,Saturday,1,True,12.95101,77.611306,2026-01-24 23:00:00,0.5931493238365237,0.0,68.6102804307863,0.045120010301025984,0.4535402084870339
7,12.955437,77.609803,2026-01-25,00:00:00,2026-01-25 00:00:00,0,25,Sunday,1,True,12.956338,77.611365,2026-01-24 23:00:00,0.20073576630618847,0.20073576630618847,68.8110161970925,0.045120010301025984,0.4535402084870339
7,12.954514,77.614346,2026-01-25,00:00:00,2026-01-25 00:00:00,0,25,Sunday,1,True,12.955437,77.609803,2026-01-25 00:00:00,0.5160588932114127,0.0,69.32707509030391,0.045120010301025984,0.4535402084870339
7,12.951679,77.61052,2026-01-25,06:00:00,2026-01-25 06:00:00,6,25,Sunday,1,True,12.954514,77.614346,2026-01-25 00:00:00,0.5300924800293219,0.08834874667155364,69.85716757033323,0.045120010301025984,0.4535402084870339
7,12.953442,77.607052,2026-01-25,06:00:00,2026-01-25 06:00:00,6,25,Sunday,1,True,12.951679,77.61052,2026-01-25 06:00:00,0.43307905387738543,0.0,70.29024662421061,0.045120010301025984,0.4535402084870339
7,12.950439,77.608199,2026-01-25,12:00:00,2026-01-25 12:00:00,12,25,Sunday,1,True,12.953442,77.607052,2026-01-25 06:00:00,0.3578486632130929,0.059641443868848815,70.64809528742371,0.045120010301025984,0.4535402084870339
7,12.953054,77.613503,2026-01-25,18:00:00,2026-01-25 18:00:00,18,25,Sunday,1,True,12.950439,77.608199,2026-01-25 12:00:00,0.6583017264831478,0.10971695441385797,71.30639701390686,0.045120010301025984,0.4535402084870339
7,12.954739,77.614077,2026-01-26,01:00:00,2026-01-26 01:00:00,1,26,Monday,1,False,12.953054,77.613503,2026-01-25 18:00:00,0.1981590119450368,0.0283084302778624,71.5045560258519,0.045120010301025984,0.4535402084870339
7,12.950886,77.617871,2026-01-26,01:00:00,2026-01-26 01:00:00,1,26,Monday,1,False,12.954739,77.614077,2026-01-26 01:00:00,0.6019524910009743,0.0,72.10650851685287,0.045120010301025984,0.4535402084870339
7,12.953154,77.614524,2026-01-26,07:00:00,2026-01-26 07:00:00,7,26,Monday,1,False,12.950886,77.617871,2026-01-26 01:00:00,0.45007204649785754,0.07501200774964292,72.55658056335072,0.045120010301025984,0.4535402084870339
7,12.952823,77.613268,2026-01-26,07:00:00,2026-01-26 07:00:00,7,26,Monday,1,False,12.953154,77.614524,2026-01-26 07:00:00,0.14459165351617498,0.0,72.7011722168669,0.045120010301025984,0.4535402084870339
7,12.955217,77.611834,2026-01-26,13:00:00,2026-01-26 13:00:00,13,26,Monday,1,False,12.952823,77.613268,2026-01-26 07:00:00,0.3106524569630046,0.0517754094938341,73.0118246738299,0.045120010301025984,0.4535402084870339
7,12.951574,77.61437,2026-01-26,19:00:00,2026-01-26 19:00:00,19,26,Monday,1,False,12.955217,77.611834,2026-01-26 13:00:00,0.494124702590608,0.08235411709843467,73.50594937642052,0.045120010301025984,0.4535402084870339
7,12.951155,77.612247,2026-01-27,02:00:00,2026-01-27 02:00:00,2,27,Tuesday,1,False,12.951574,77.61437,2026-01-26 19:00:00,0.24089118143869356,0.034413025919813364,73.7468405578592,0.045120010301025984,0.4535402084870339
7,12.952876,77.614647,2026-01-27,02:00:00,2026-01-27 02:00:00,2,27,Tuesday,1,False,12.951155,77.612247,2026-01-27 02:00:00,0.32875871952339925,0.0,74.07559927738261,0.045120010301025984,0.4535402084870339
7,12.954022,77.611613,2026-01-27,08:00:00,2026-01-27 08:00:00,8,27,Tuesday,1,False,12.952876,77.614647,2026-01-27 02:00:00,0.3610351822944502,0.060172530382408364,74.43663445967705,0.045120010301025984,0.4535402084870339
7,12.952881,77.612263,2026-01-27,08:00:00,2026-01-27 08:00:00,8,27,Tuesday,1,False,12.954022,77.611613,2026-01-27 08:00:00,0.14618062424192327,0.0,74.58281508391897,0.045120010301025984,0.4535402084870339
7,12.952418,77.613136,2026-01-27,14:00:00,2026-01-27 14:00:00,14,27,Tuesday,1,False,12.952881,77.612263,2026-01-27 08:00:00,0.11000410114756116,0.01833401685792686,74.69281918506654,0.045120010301025984,0.4535402084870339
7,12.95086,77.609473,2026-01-27,20:00:00,2026-01-27 20:00:00,20,27,Tuesday,1,False,12.952418,77.613136,2026-01-27 14:00:00,0.44311698912895575,0.07385283152149262,75.13593617419549,0.045120010301025984,0.4535402084870339
7,12.951088,77.614605,2026-01-28,03:00:00,2026-01-28 03:00:00,3,28,Wednesday,1,False,12.95086,77.609473,2026-01-27 20:00:00,0.571857763598704,0.08169396622838629,75.70779393779421,0.045120010301025984,0.4535402084870339
7,12.95574,77.614144,2026-01-28,03:00:00,2026-01-28 03:00:00,3,28,Wednesday,1,False,12.951088,77.614605,2026-01-28 03:00:00,0.520397187690544,0.0,76.22819112548474,0.045120010301025984,0.4535402084870339
7,12.956422,77.613472,2026-01-28,09:00:00,2026-01-28 09:00:00,9,28,Wednesday,1,False,12.95574,77.614144,2026-01-28 03:00:00,0.10658318852012634,0.01776386475335439,76.33477431400487,0.045120010301025984,0.4535402084870339
7,12.954744,77.611631,2026-01-28,09:00:00,2026-01-28 09:00:00,9,28,Wednesday,1,False,12.956422,77.613472,2026-01-28 09:00:00,0.27729552803276025,0.0,76.61206984203763,0.045120010301025984,0.4535402084870339
7,12.95548,77.615033,2026-01-28,15:00:00,2026-01-28 15:00:00,15,28,Wednesday,1,False,12.954744,77.611631,2026-01-28 09:00:00,0.3874719639125164,0.06457866065208608,76.99954180595014,0.045120010301025984,0.4535402084870339
7,12.956348,77.613431,2026-01-28,21:00:00,2026-01-28 21:00:00,21,28,Wednesday,1,False,12.95548,77.615033,2026-01-28 15:00:00,0.20282943898549383,0.033804906497582304,77.20237124493565,0.045120010301025984,0.4535402084870339
7,12.953596,77.609127,2026-01-29,04:00:00,2026-01-29 04:00:00,4,29,Thursday,1,False,12.956348,77.613431,2026-01-28 21:00:00,0.5686907252491297,0.0812415321784471,77.77106197018477,0.045120010301025984,0.4535402084870339
7,12.954344,77.610099,2026-01-29,04:00:00,2026-01-29 04:00:00,4,29,Thursday,1,False,12.953596,77.609127,2026-01-29 04:00:00,0.1365333333173471,0.0,77.90759530350212,0.045120010301025984,0.4535402084870339
7,12.95504,77.616023,2026-01-29,10:00:00,2026-01-29 10:00:00,10,29,Thursday,1,False,12.954344,77.610099,2026-01-29 04:00:00,0.6639954981756495,0.11066591636260825,78.57159080167777,0.045120010301025984,0.4535402084870339
7,12.95214,77.609825,2026-01-29,10:00:00,2026-01-29 10:00:00,10,29,Thursday,1,False,12.95504,77.616023,2026-01-29 10:00:00,0.7617510064822507,0.0,79.33334180816001,0.045120010301025984,0.4535402084870339
7,12.953771,77.612805,2026-01-29,16:00:00,2026-01-29 16:00:00,16,29,Thursday,1,False,12.95214,77.609825,2026-01-29 10:00:00,0.3781696382411132,0.06302827304018553,79.71151144640113,0.045120010301025984,0.4535402084870339
7,12.955067,77.609086,2026-01-29,22:00:00,2026-01-29 22:00:00,22,29,Thursday,1,False,12.953771,77.612805,2026-01-29 16:00:00,0.4384167867329035,0.07306946445548392,80.14992823313403,0.045120010301025984,0.4535402084870339
7,12.955092,77.611694,2026-01-30,05:00:00,2026-01-30 05:00:00,5,30,Friday,1,False,12.955067,77.609086,2026-01-29 22:00:00,0.29033589845838,0.04147655692262571,80.44026413159241,0.045120010301025984,0.4535402084870339
7,12.955014,77.612559,2026-01-30,05:00:00,2026-01-30 05:00:00,5,30,Friday,1,False,12.955092,77.611694,2026-01-30 05:00:00,0.09668249346029381,0.0,80.5369466250527,0.045120010301025984,0.4535402084870339
7,12.951901,77.61484,2026-01-30,11:00:00,2026-01-30 11:00:00,11,30,Friday,1,False,12.955014,77.612559,2026-01-30 05:00:00,0.42961054808630145,0.07160175801438358,80.96655717313901,0.045120010301025984,0.4535402084870339
7,12.953255,77.613308,2026-01-30,11:00:00,2026-01-30 11:00:00,11,30,Friday,1,False,12.951901,77.61484,2026-01-30 11:00:00,0.2276035337167475,0.0,81.19416070685575,0.045120010301025984,0.4535402084870339
7,12.954132,77.611541,2026-01-30,17:00:00,2026-01-30 17:00:00,17,30,Friday,1,False,12.953255,77.613308,2026-01-30 11:00:00,0.21959737246594366,0.03659956207765728,81.4137580793217,0.045120010301025984,0.4535402084870339
7,12.956523,77.614474,2026-01-30,23:00:00,2026-01-30 23:00:00,23,30,Friday,1,False,12.954132,77.611541,2026-01-30 17:00:00,0.4212453823109094,0.0702075637184849,81.83500346163261,0.045120010301025984,0.4535402084870339
8,12.989877,77.564145,2026-01-01,00:00:00,2026-01-01 00:00:00,0,1,Thursday,1,False,,,,0.0,0.0,0.0,0.041495782244833454,0.6164910544993973
8,12.995795,77.563088,2026-01-01,00:00:00,2026-01-01 00:00:00,0,1,Thursday,1,False,12.989877,77.564145,2026-01-01 00:00:00,0.6692172231406993,0.0,0.6692172231406993,0.041495782244833454,0.6164910544993973
8,12.992092,77.564966,2026-01-01,06:00:00,2026-01-01 06:00:00,6,1,Thursday,1,False,12.995795,77.563088,2026-01-01 00:00:00,0.4622004925387395,0.07703341542312325,1.1314177156794387,0.041495782244833454,0.6164910544993973
8,12.994247,77.562241,2026-01-01,06:00:00,2026-01-01 06:00:00,6,1,Thursday,1,False,12.992092,77.564966,2026-01-01 06:00:00,0.3867412849930013,0.0,1.5181590006724401,0.041495782244833454,0.6164910544993973
8,12.992971,77.564473,2026-01-01,12:00:00,2026-01-01 12:00:00,12,1,Thursday,1,False,12.994247,77.562241,2026-01-01 06:00:00,0.286202832383475,0.0477004720639125,1.804361833055915,0.041495782244833454,0.6164910544993973
8,12.9922,77.563156,2026-01-01,12:00:00,2026-01-01 12:00:00,12,1,Thursday,1,False,12.992971,77.564473,2026-01-01 12:00:00,0.1698835842559409,0.0,1.974245417311856,0.041495782244833454,0.6164910544993973
8,12.997026,77.562865,2026-01-01,18:00:00,2026-01-01 18:00:00,18,1,Thursday,1,False,12.9922,77.563156,2026-01-01 12:00:00,0.5382060903946128,0.08970101506576879,2.512451507706469,0.041495782244833454,0.6164910544993973
8,12.995453,77.563682,2026-01-02,01:00:00,2026-01-02 01:00:00,1,2,Friday,1,False,12.997026,77.562865,2026-01-01 18:00:00,0.19731663906234245,0.02818809129462035,2.7097681467688113,0.041495782244833454,0.6164910544993973
8,12.992167,77.563608,2026-01-02,01:00:00,2026-01-02 01:00:00,1,2,Friday,1,False,12.995453,77.563682,2026-01-02 01:00:00,0.36589026361720334,0.0,3.0756584103860147,0.041495782244833454,0.6164910544993973
8,12.993574,77.564498,2026-01-02,07:00:00,2026-01-02 07:00:00,7,2,Friday,1,False,12.992167,77.563608,2026-01-02 01:00:00,0.1853318869084134,0.0308886478180689,3.260990297294428,0.041495782244833454,0.6164910544993973
8,12.993992,77.562413,2026-01-02,07:00:00,2026-01-02 07:00:00,7,2,Friday,1,False,12.993574,77.564498,2026-01-02 07:00:00,0.2367205862049607,0.0,3.497710883499389,0.041495782244833454,0.6164910544993973
8,12.993764,77.562149,2026-01-02,13:00:00,2026-01-02 13:00:00,13,2,Friday,1,False,12.993992,77.562413,2026-01-02 07:00:00,0.038831377611931284,0.006471896268655214,3.53654226111132,0.041495782244833454,0.6164910544993973
8,12.991788,77.563323,2026-01-02,13:00:00,2026-01-02 13:00:00,13,2,Friday,1,False,12.993764,77.562149,2026-01-02 13:00:00,0.25586295992567665,0.0,3.7924052210369967,0.041495782244833454,0.6164910544993973
8,12.993344,77.563027,2026-01-02,19:00:00,2026-01-02 19:00:00,19,2,Friday,1,False,12.991788,77.563323,2026-01-02 13:00:00,0.17632019745410188,0.029386699575683645,3.9687254184910987,0.041495782244833454,0.6164910544993973
8,12.994839,77.562251,2026-01-03,02:00:00,2026-01-03 02:00:00,2,3,Saturday,1,True,12.993344,77.563027,2026-01-02 19:00:00,0.18750733001530312,0.02678676143075759,4.156232748506402,0.041495782244833454,0.6164910544993973
8,12.997598,77.564418,2026-01-03,02:00:00,2026-01-03 02:00:00,2,3,Saturday,1,True,12.994839,77.562251,2026-01-03 02:00:00,0.39054080055082724,0.0,4.546773549057229,0.041495782244833454,0.6164910544993973
8,12.996182,77.563145,2026-01-03,08:00:00,2026-01-03 08:00:00,8,3,Saturday,1,True,12.997598,77.564418,2026-01-03 02:00:00,0.2119640667737241,0.03532734446228735,4.758737615830953,0.041495782244833454,0.6164910544993973
8,12.991268,77.56574,2026-01-03,08:00:00,2026-01-03 08:00:00,8,3,Saturday,1,True,12.996182,77.563145,2026-01-03 08:00:00,0.618616978869999,0.0,5.377354594700952,0.041495782244833454,0.6164910544993973
8,12.993205,77.565901,2026-01-03,14:00:00,2026-01-03 14:00:00,14,3,Saturday,1,True,12.991268,77.56574,2026-01-03 08:00:00,0.21637040197655227,0.036061733662758715,5.593724996677504,0.041495782244833454,0.6164910544993973
8,12.993271,77.563665,2026-01-03,14:00:00,2026-01-03 14:00:00,14,3,Saturday,1,True,12.993205,77.565901,2026-01-03 14:00:00,0.2490199288426595,0.0,5.842744925520163,0.041495782244833454,0.6164910544993973
8,12.993037,77.562963,2026-01-03,20:00:00,2026-01-03 20:00:00,20,3,Saturday,1,True,12.993271,77.563665,2026-01-03 14:00:00,0.08237379129685274,0.013728965216142123,5.925118716817017,0.041495782244833454,0.6164910544993973
8,12.994281,77.563515,2026-01-04,03:00:00,2026-01-04 03:00:00,3,4,Sunday,1,True,12.993037,77.562963,2026-01-03 20:00:00,0.15150320735552403,0.021643315336503433,6.0766219241725405,0.041495782244833454,0.6164910544993973
8,12.994357,77.563399,2026-01-04,03:00:00,2026-01-04 03:00:00,3,4,Sunday,1,True,12.994281,77.563515,2026-01-04 03:00:00,0.015437800446043207,0.0,6.092059724618584,0.041495782244833454,0.6164910544993973
8,12.99526,77.560161,2026-01-04,09:00:00,2026-01-04 09:00:00,9,4,Sunday,1,True,12.994357,77.563399,2026-01-04 03:00:00,0.37420831886043787,0.062368053143406314,6.466268043479022,0.041495782244833454,0.6164910544993973
8,12.993849,77.563069,2026-01-04,09:00:00,2026-01-04 09:00:00,9,4,Sunday,1,True,12.99526,77.560161,2026-01-04 09:00:00,0.3598131218118043,0.0,6.826081165290826,0.041495782244833454,0.6164910544993973
8,12.997154,77.5643,2026-01-04,15:00:00,2026-01-04 15:00:00,15,4,Sunday,1,True,12.993849,77.563069,2026-01-04 09:00:00,0.39260444538776057,0.06543407423129342,7.218685610678587,0.041495782244833454,0.6164910544993973
8,12.995728,77.562607,2026-01-04,15:00:00,2026-01-04 15:00:00,15,4,Sunday,1,True,12.997154,77.5643,2026-01-04 15:00:00,0.24641040952236826,0.0,7.465096020200955,0.041495782244833454,0.6164910544993973
8,12.993677,77.564188,2026-01-04,21:00:00,2026-01-04 21:00:00,21,4,Sunday,1,True,12.995728,77.562607,2026-01-04 15:00:00,0.28827714869812665,0.048046191449687775,7.753373168899081,0.041495782244833454,0.6164910544993973
8,12.992997,77.563006,2026-01-05,04:00:00,2026-01-05 04:00:00,4,5,Monday,1,False,12.993677,77.564188,2026-01-04 21:00:00,0.15180081094712025,0.021685830135302894,7.905173979846202,0.041495782244833454,0.6164910544993973
8,12.993802,77.562096,2026-01-05,04:00:00,2026-01-05 04:00:00,4,5,Monday,1,False,12.992997,77.563006,2026-01-05 04:00:00,0.1352492188528232,0.0,8.040423198699024,0.041495782244833454,0.6164910544993973
8,12.996962,77.56186,2026-01-05,10:00:00,2026-01-05 10:00:00,10,5,Monday,1,False,12.993802,77.562096,2026-01-05 04:00:00,0.35275086096635994,0.05879181016105999,8.393174059665384,0.041495782244833454,0.6164910544993973
8,12.992131,77.562372,2026-01-05,10:00:00,2026-01-05 10:00:00,10,5,Monday,1,False,12.996962,77.56186,2026-01-05 10:00:00,0.5407987584123343,0.0,8.933972818077718,0.041495782244833454,0.6164910544993973
8,12.99343,77.567105,2026-01-05,16:00:00,2026-01-05 16:00:00,16,5,Monday,1,False,12.992131,77.562372,2026-01-05 10:00:00,0.546361122985186,0.09106018716419767,9.480333941062906,0.041495782244833454,0.6164910544993973
8,12.990445,77.563165,2026-01-05,16:00:00,2026-01-05 16:00:00,16,5,Monday,1,False,12.99343,77.567105,2026-01-05 16:00:00,0.550261245933907,0.0,10.030595186996813,0.041495782244833454,0.6164910544993973
8,12.99409,77.565987,2026-01-05,22:00:00,2026-01-05 22:00:00,22,5,Monday,1,False,12.990445,77.563165,2026-01-05 16:00:00,0.5131563308459138,0.08552605514098564,10.543751517842725,0.041495782244833454,0.6164910544993973
8,12.995561,77.563529,2026-01-06,05:00:00,2026-01-06 05:00:00,5,6,Tuesday,1,False,12.99409,77.565987,2026-01-05 22:00:00,0.31888089569372063,0.04555441367053152,10.862632413536447,0.041495782244833454,0.6164910544993973
8,12.993616,77.564719,2026-01-06,05:00:00,2026-01-06 05:00:00,5,6,Tuesday,1,False,12.995561,77.563529,2026-01-06 05:00:00,0.2538272982861986,0.0,11.116459711822646,0.041495782244833454,0.6164910544993973
8,12.994515,77.563857,2026-01-06,11:00:00,2026-01-06 11:00:00,11,6,Tuesday,1,False,12.993616,77.564719,2026-01-06 05:00:00,0.13864793160106312,0.023107988600177185,11.255107643423708,0.041495782244833454,0.6164910544993973
8,12.997084,77.563875,2026-01-06,11:00:00,2026-01-06 11:00:00,11,6,Tuesday,1,False,12.994515,77.563857,2026-01-06 11:00:00,0.28598809970357697,0.0,11.541095743127284,0.041495782244833454,0.6164910544993973
8,12.996523,77.563172,2026-01-06,17:00:00,2026-01-06 17:00:00,17,6,Tuesday,1,False,12.997084,77.563875,2026-01-06 11:00:00,0.10012180457646831,0.016686967429411385,11.641217547703754,0.041495782244833454,0.6164910544993973
8,12.993122,77.563777,2026-01-06,17:00:00,2026-01-06 17:00:00,17,6,Tuesday,1,False,12.996523,77.563172,2026-01-06 17:00:00,0.38454294822106594,0.0,12.02576049592482,0.041495782244833454,0.6164910544993973
8,12.994163,77.563711,2026-01-06,23:00:00,2026-01-06 23:00:00,23,6,Tuesday,1,False,12.993122,77.563777,2026-01-06 17:00:00,0.1161167922416657,0.019352798706944282,12.141877288166485,0.041495782244833454,0.6164910544993973
8,12.995515,77.561146,2026-01-07,00:00:00,2026-01-07 00:00:00,0,7,Wednesday,1,False,12.994163,77.563711,2026-01-06 23:00:00,0.32277289189675873,0.32277289189675873,12.464650180063243,0.041495782244833454,0.6164910544993973
8,12.99487,77.56398,2026-01-07,06:00:00,2026-01-07 06:00:00,6,7,Wednesday,1,False,12.995515,77.561146,2026-01-07 00:00:00,0.3235484920193764,0.05392474866989607,12.78819867208262,0.041495782244833454,0.6164910544993973
8,12.992553,77.562815,2026-01-07,06:00:00,2026-01-07 06:00:00,6,7,Wednesday,1,False,12.99487,77.56398,2026-01-07 06:00:00,0.28869708282171136,0.0,13.076895754904331,0.041495782244833454,0.6164910544993973
8,12.995739,77.564303,2026-01-07,12:00:00,2026-01-07 12:00:00,12,7,Wednesday,1,False,12.992553,77.562815,2026-01-07 06:00:00,0.3914404409599031,0.06524007349331719,13.468336195864234,0.041495782244833454,0.6164910544993973
8,12.997107,77.564861,2026-01-07,12:00:00,2026-01-07 12:00:00,12,7,Wednesday,1,False,12.995739,77.564303,2026-01-07 12:00:00,0.16446707793647639,0.0,13.632803273800711,0.041495782244833454,0.6164910544993973
8,12.992377,77.559928,2026-01-07,18:00:00,2026-01-07 18:00:00,18,7,Wednesday,1,False,12.997107,77.564861,2026-01-07 12:00:00,0.7607920975006972,0.12679868291678287,14.393595371301409,0.041495782244833454,0.6164910544993973
8,12.992055,77.562339,2026-01-07,18:00:00,2026-01-07 18:00:00,18,7,Wednesday,1,False,12.992377,77.559928,2026-01-07 18:00:00,0.27077557438633043,0.0,14.66437094568774,0.041495782244833454,0.6164910544993973
8,12.993942,77.565809,2026-01-08,01:00:00,2026-01-08 01:00:00,1,8,Thursday,1,False,12.992055,77.562339,2026-01-07 18:00:00,0.4397022901080714,0.06281461287258162,15.104073235795811,0.041495782244833454,0.6164910544993973
8,12.99438,77.560986,2026-01-08,07:00:00,2026-01-08 07:00:00,7,8,Thursday,1,False,12.993942,77.565809,2026-01-08 01:00:00,0.5391057962478606,0.0898509660413101,15.64317903204367,0.041495782244833454,0.6164910544993973
8,12.992918,77.561661,2026-01-08,07:00:00,2026-01-08 07:00:00,7,8,Thursday,1,False,12.99438,77.560986,2026-01-08 07:00:00,0.17925869658414498,0.0,15.822437728627817,0.041495782244833454,0.6164910544993973
8,12.996363,77.567747,2026-01-08,13:00:00,2026-01-08 13:00:00,13,8,Thursday,1,False,12.992918,77.561661,2026-01-08 07:00:00,0.7785035166576155,0.12975058610960258,16.60094124528543,0.041495782244833454,0.6164910544993973
8,12.997744,77.564162,2026-01-08,13:00:00,2026-01-08 13:00:00,13,8,Thursday,1,False,12.996363,77.567747,2026-01-08 13:00:00,0.42766857851456747,0.0,17.0286098238,0.041495782244833454,0.6164910544993973
8,12.998654,77.565974,2026-01-08,19:00:00,2026-01-08 19:00:00,19,8,Thursday,1,False,12.997744,77.564162,2026-01-08 13:00:00,0.22572017968639022,0.037620029947731705,17.254330003486388,0.041495782244833454,0.6164910544993973
8,12.993568,77.5648,2026-01-08,19:00:00,2026-01-08 19:00:00,19,8,Thursday,1,False,12.998654,77.565974,2026-01-08 19:00:00,0.5810613110571898,0.0,17.83539131454358,0.041495782244833454,0.6164910544993973
8,12.996318,77.563382,2026-01-09,02:00:00,2026-01-09 02:00:00,2,9,Friday,1,False,12.993568,77.5648,2026-01-08 19:00:00,0.3444310599164675,0.04920443713092393,18.179822374460045,0.041495782244833454,0.6164910544993973
8,12.993058,77.563736,2026-01-09,08:00:00,2026-01-09 08:00:00,8,9,Friday,1,False,12.996318,77.563382,2026-01-09 02:00:00,0.3650365273329873,0.06083942122216455,18.544858901793035,0.041495782244833454,0.6164910544993973
8,12.994708,77.56359,2026-01-09,08:00:00,2026-01-09 08:00:00,8,9,Friday,1,False,12.993058,77.563736,2026-01-09 08:00:00,0.18439565773463748,0.0,18.72925455952767,0.041495782244833454,0.6164910544993973
8,12.998279,77.565171,2026-01-09,14:00:00,2026-01-09 14:00:00,14,9,Friday,1,False,12.994708,77.56359,2026-01-09 08:00:00,0.4347413297723896,0.07245688829539827,19.16399588930006,0.041495782244833454,0.6164910544993973
8,12.997214,77.560595,2026-01-09,14:00:00,2026-01-09 14:00:00,14,9,Friday,1,False,12.998279,77.565171,2026-01-09 14:00:00,0.5230144966726753,0.0,19.687010385972737,0.041495782244833454,0.6164910544993973
8,12.995034,77.564981,2026-01-09,20:00:00,2026-01-09 20:00:00,20,9,Friday,1,False,12.997214,77.560595,2026-01-09 14:00:00,0.5452339051467583,0.09087231752445972,20.232244291119493,0.041495782244833454,0.6164910544993973
8,12.993956,77.562726,2026-01-09,20:00:00,2026-01-09 20:00:00,20,9,Friday,1,False,12.995034,77.564981,2026-01-09 20:00:00,0.27823562733159346,0.0,20.510479918451086,0.041495782244833454,0.6164910544993973
8,12.996739,77.561167,2026-01-10,03:00:00,2026-01-10 03:00:00,3,10,Saturday,1,True,12.993956,77.562726,2026-01-09 20:00:00,0.3551015522933085,0.050728793184758356,20.865581470744395,0.041495782244833454,0.6164910544993973
8,12.995086,77.561122,2026-01-10,09:00:00,2026-01-10 09:00:00,9,10,Saturday,1,True,12.996739,77.561167,2026-01-10 03:00:00,0.18408013339676413,0.03068002223279402,21.04966160414116,0.041495782244833454,0.6164910544993973
8,12.995679,77.566548,2026-01-10,09:00:00,2026-01-10 09:00:00,9,10,Saturday,1,True,12.995086,77.561122,2026-01-10 09:00:00,0.6076188340900855,0.0,21.657280438231247,0.041495782244833454,0.6164910544993973
8,12.992164,77.562937,2026-01-10,15:00:00,2026-01-10 15:00:00,15,10,Saturday,1,True,12.995679,77.566548,2026-01-10 09:00:00,0.5609748926776236,0.0934958154462706,22.21825533090887,0.041495782244833454,0.6164910544993973
8,12.996557,77.560201,2026-01-10,15:00:00,2026-01-10 15:00:00,15,10,Saturday,1,True,12.992164,77.562937,2026-01-10 15:00:00,0.5761188583113759,0.0,22.794374189220246,0.041495782244833454,0.6164910544993973
8,12.993767,77.566711,2026-01-10,21:00:00,2026-01-10 21:00:00,21,10,Saturday,1,True,12.996557,77.560201,2026-01-10 15:00:00,0.7884427117937387,0.1314071186322898,23.582816901013985,0.041495782244833454,0.6164910544993973
8,12.995199,77.563696,2026-01-10,21:00:00,2026-01-10 21:00:00,21,10,Saturday,1,True,12.993767,77.566711,2026-01-10 21:00:00,0.37156289812795057,0.0,23.954379799141936,0.041495782244833454,0.6164910544993973
8,12.993618,77.562354,2026-01-11,04:00:00,2026-01-11 04:00:00,4,11,Sunday,1,True,12.995199,77.563696,2026-01-10 21:00:00,0.23085215657331967,0.03297887951047424,24.185231955715253,0.041495782244833454,0.6164910544993973
8,12.992065,77.564609,2026-01-11,10:00:00,2026-01-11 10:00:00,10,11,Sunday,1,True,12.993618,77.562354,2026-01-11 04:00:00,0.304798022430319,0.05079967040505317,24.49002997814557,0.041495782244833454,0.6164910544993973
8,12.995702,77.563567,2026-01-11,10:00:00,2026-01-11 10:00:00,10,11,Sunday,1,True,12.992065,77.564609,2026-01-11 10:00:00,0.4211595175025765,0.0,24.91118949564815,0.041495782244833454,0.6164910544993973
8,12.996464,77.559985,2026-01-11,16:00:00,2026-01-11 16:00:00,16,11,Sunday,1,True,12.995702,77.563567,2026-01-11 10:00:00,0.40767092370632513,0.06794515395105419,25.318860419354476,0.041495782244833454,0.6164910544993973
8,12.99503,77.569794,2026-01-11,16:00:00,2026-01-11 16:00:00,16,11,Sunday,1,True,12.996464,77.559985,2026-01-11 16:00:00,1.1035447386295643,0.0,26.422405157984038,0.041495782244833454,0.6164910544993973
8,12.991437,77.561295,2026-01-11,22:00:00,2026-01-11 22:00:00,22,11,Sunday,1,True,12.99503,77.569794,2026-01-11 16:00:00,1.0271805309260376,0.1711967551543396,27.449585688910076,0.041495782244833454,0.6164910544993973
8,12.991598,77.56026,2026-01-11,22:00:00,2026-01-11 22:00:00,22,11,Sunday,1,True,12.991437,77.561295,2026-01-11 22:00:00,0.11660184160481565,0.0,27.566187530514892,0.041495782244833454,0.6164910544993973
8,12.99432,77.5671,2026-01-12,05:00:00,2026-01-12 05:00:00,5,12,Monday,1,False,12.991598,77.56026,2026-01-11 22:00:00,0.819506387942748,0.11707234113467828,28.38569391845764,0.041495782244833454,0.6164910544993973
8,12.99452,77.560692,2026-01-12,11:00:00,2026-01-12 11:00:00,11,12,Monday,1,False,12.99432,77.5671,2026-01-12 05:00:00,0.7136859161268411,0.11894765268780684,29.099379834584482,0.041495782244833454,0.6164910544993973
8,12.993117,77.562678,2026-01-12,11:00:00,2026-01-12 11:00:00,11,12,Monday,1,False,12.99452,77.560692,2026-01-12 11:00:00,0.27068402818610704,0.0,29.37006386277059,0.041495782244833454,0.6164910544993973
8,12.992468,77.563013,2026-01-12,17:00:00,2026-01-12 17:00:00,17,12,Monday,1,False,12.993117,77.562678,2026-01-12 11:00:00,0.08130369580645776,0.013550615967742959,29.451367558577047,0.041495782244833454,0.6164910544993973
8,12.993009,77.566142,2026-01-12,17:00:00,2026-01-12 17:00:00,17,12,Monday,1,False,12.992468,77.563013,2026-01-12 17:00:00,0.3534882771594454,0.0,29.804855835736493,0.041495782244833454,0.6164910544993973
8,12.996075,77.5618,2026-01-12,23:00:00,2026-01-12 23:00:00,23,12,Monday,1,False,12.993009,77.566142,2026-01-12 17:00:00,0.5917086823023894,0.0986181137170649,30.396564518038883,0.041495782244833454,0.6164910544993973
8,12.991488,77.56344,2026-01-12,23:00:00,2026-01-12 23:00:00,23,12,Monday,1,False,12.996075,77.5618,2026-01-12 23:00:00,0.5422800322930392,0.0,30.938844550331922,0.041495782244833454,0.6164910544993973
8,12.993707,77.565908,2026-01-13,00:00:00,2026-01-13 00:00:00,0,13,Tuesday,1,False,12.991488,77.56344,2026-01-12 23:00:00,0.3694580661637555,0.3694580661637555,31.308302616495677,0.041495782244833454,0.6164910544993973
8,12.994241,77.566585,2026-01-13,00:00:00,2026-01-13 00:00:00,0,13,Tuesday,1,False,12.993707,77.565908,2026-01-13 00:00:00,0.09598631148469289,0.0,31.404288927980367,0.041495782244833454,0.6164910544993973
8,12.991318,77.567164,2026-01-13,06:00:00,2026-01-13 06:00:00,6,13,Tuesday,1,False,12.994241,77.566585,2026-01-13 00:00:00,0.3317106254461861,0.05528510424103102,31.735999553426556,0.041495782244833454,0.6164910544993973
8,12.994901,77.560446,2026-01-13,12:00:00,2026-01-13 12:00:00,12,13,Tuesday,1,False,12.991318,77.567164,2026-01-13 06:00:00,0.8475642870847926,0.1412607145141321,32.583563840511346,0.041495782244833454,0.6164910544993973
8,12.99707,77.56675,2026-01-13,12:00:00,2026-01-13 12:00:00,12,13,Tuesday,1,False,12.994901,77.560446,2026-01-13 12:00:00,0.7421377796263676,0.0,33.325701620137714,0.041495782244833454,0.6164910544993973
8,12.997986,77.562151,2026-01-13,18:00:00,2026-01-13 18:00:00,18,13,Tuesday,1,False,12.99707,77.56675,2026-01-13 12:00:00,0.5220167040425768,0.08700278400709614,33.84771832418029,0.041495782244833454,0.6164910544993973
8,12.99557,77.562959,2026-01-13,18:00:00,2026-01-13 18:00:00,18,13,Tuesday,1,False,12.997986,77.562151,2026-01-13 18:00:00,0.2835912777301881,0.0,34.13130960191048,0.041495782244833454,0.6164910544993973
8,12.99456,77.566229,2026-01-14,01:00:00,2026-01-14 01:00:00,1,14,Wednesday,1,False,12.99557,77.562959,2026-01-13 18:00:00,0.3809844667847571,0.054426352397822446,34.51229406869524,0.041495782244833454,0.6164910544993973
8,12.99154,77.562318,2026-01-14,01:00:00,2026-01-14 01:00:00,1,14,Wednesday,1,False,12.99456,77.566229,2026-01-14 01:00:00,0.5500641114599981,0.0,35.062358180155236,0.041495782244833454,0.6164910544993973
8,12.992873,77.565256,2026-01-14,07:00:00,2026-01-14 07:00:00,7,14,Wednesday,1,False,12.99154,77.562318,2026-01-14 01:00:00,0.35914690801894344,0.05985781800315724,35.42150508817418,0.041495782244833454,0.6164910544993973
8,12.99288,77.566126,2026-01-14,13:00:00,2026-01-14 13:00:00,13,14,Wednesday,1,False,12.992873,77.565256,2026-01-14 07:00:00,0.09685153482193076,0.016141922470321795,35.51835662299611,0.041495782244833454,0.6164910544993973
8,12.992125,77.563017,2026-01-14,13:00:00,2026-01-14 13:00:00,13,14,Wednesday,1,False,12.99288,77.566126,2026-01-14 13:00:00,0.356152782867999,0.0,35.87450940586411,0.041495782244833454,0.6164910544993973
8,12.994276,77.562047,2026-01-14,19:00:00,2026-01-14 19:00:00,19,14,Wednesday,1,False,12.992125,77.563017,2026-01-14 13:00:00,0.26267040874922576,0.043778401458204295,36.13717981461333,0.041495782244833454,0.6164910544993973
8,12.993159,77.564693,2026-01-14,19:00:00,2026-01-14 19:00:00,19,14,Wednesday,1,False,12.994276,77.562047,2026-01-14 19:00:00,0.3197230748916787,0.0,36.45690288950501,0.041495782244833454,0.6164910544993973
8,12.992291,77.563882,2026-01-15,02:00:00,2026-01-15 02:00:00,2,15,Thursday,1,False,12.993159,77.564693,2026-01-14 19:00:00,0.13223883615275464,0.018891262307536377,36.58914172565777,0.041495782244833454,0.6164910544993973
8,12.995966,77.562478,2026-01-15,02:00:00,2026-01-15 02:00:00,2,15,Thursday,1,False,12.992291,77.563882,2026-01-15 02:00:00,0.4379397419444633,0.0,37.02708146760223,0.041495782244833454,0.6164910544993973
8,12.99247,77.563764,2026-01-15,08:00:00,2026-01-15 08:00:00,8,15,Thursday,1,False,12.995966,77.562478,2026-01-15 02:00:00,0.4146697941974151,0.06911163236623585,37.441751261799645,0.041495782244833454,0.6164910544993973
8,12.992261,77.56502,2026-01-15,14:00:00,2026-01-15 14:00:00,14,15,Thursday,1,False,12.99247,77.563764,2026-01-15 08:00:00,0.14174043856728016,0.023623406427880026,37.58349170036693,0.041495782244833454,0.6164910544993973
8,12.997088,77.56264,2026-01-15,14:00:00,2026-01-15 14:00:00,14,15,Thursday,1,False,12.992261,77.56502,2026-01-15 14:00:00,0.5991077444739409,0.0,38.18259944484087,0.041495782244833454,0.6164910544993973
8,12.99124,77.563669,2026-01-15,20:00:00,2026-01-15 20:00:00,20,15,Thursday,1,False,12.997088,77.56264,2026-01-15 14:00:00,0.6610003594336977,0.11016672657228295,38.84359980427457,0.041495782244833454,0.6164910544993973
8,12.994734,77.564135,2026-01-15,20:00:00,2026-01-15 20:00:00,20,15,Thursday,1,False,12.99124,77.563669,2026-01-15 20:00:00,0.3923961628395479,0.0,39.235995967114114,0.041495782244833454,0.6164910544993973
8,12.996369,77.564885,2026-01-16,03:00:00,2026-01-16 03:00:00,3,16,Friday,1,False,12.994734,77.564135,2026-01-15 20:00:00,0.20024376386656786,0.028606251980938267,39.43623973098068,0.041495782244833454,0.6164910544993973
8,12.995305,77.565711,2026-01-16,03:00:00,2026-01-16 03:00:00,3,16,Friday,1,False,12.996369,77.564885,2026-01-16 03:00:00,0.1499465110975962,0.0,39.58618624207828,0.041495782244833454,0.6164910544993973
8,12.992421,77.565737,2026-01-16,09:00:00,2026-01-16 09:00:00,9,16,Friday,1,False,12.995305,77.565711,2026-01-16 03:00:00,0.3210599262536391,0.05350998770893985,39.907246168331916,0.041495782244833454,0.6164910544993973
8,12.994946,77.56717,2026-01-16,15:00:00,2026-01-16 15:00:00,15,16,Friday,1,False,12.992421,77.565737,2026-01-16 09:00:00,0.323194648770768,0.053865774795127996,40.23044081710268,0.041495782244833454,0.6164910544993973
8,12.993794,77.565596,2026-01-16,15:00:00,2026-01-16 15:00:00,15,16,Friday,1,False,12.994946,77.56717,2026-01-16 15:00:00,0.21713336255035226,0.0,40.44757417965304,0.041495782244833454,0.6164910544993973
8,12.993107,77.561826,2026-01-16,21:00:00,2026-01-16 21:00:00,21,16,Friday,1,False,12.993794,77.565596,2026-01-16 15:00:00,0.42658760855609335,0.07109793475934889,40.87416178820913,0.041495782244833454,0.6164910544993973
8,12.994444,77.56331,2026-01-16,21:00:00,2026-01-16 21:00:00,21,16,Friday,1,False,12.993107,77.561826,2026-01-16 21:00:00,0.22235664944238537,0.0,41.09651843765151,0.041495782244833454,0.6164910544993973
8,12.995257,77.563727,2026-01-17,04:00:00,2026-01-17 04:00:00,4,17,Saturday,1,True,12.994444,77.56331,2026-01-16 21:00:00,0.10171371205389924,0.014530530293414178,41.19823214970541,0.041495782244833454,0.6164910544993973
8,12.99453,77.564441,2026-01-17,04:00:00,2026-01-17 04:00:00,4,17,Saturday,1,True,12.995257,77.563727,2026-01-17 04:00:00,0.11343311358478968,0.0,41.3116652632902,0.041495782244833454,0.6164910544993973
8,12.999124,77.562306,2026-01-17,10:00:00,2026-01-17 10:00:00,10,17,Saturday,1,True,12.99453,77.564441,2026-01-17 04:00:00,0.5639328916916896,0.09398881528194826,41.875598154981894,0.041495782244833454,0.6164910544993973
8,12.998188,77.564365,2026-01-17,16:00:00,2026-01-17 16:00:00,16,17,Saturday,1,True,12.999124,77.562306,2026-01-17 10:00:00,0.2517795834486246,0.0419632639081041,42.12737773843052,0.041495782244833454,0.6164910544993973
8,12.99383,77.568167,2026-01-17,16:00:00,2026-01-17 16:00:00,16,17,Saturday,1,True,12.998188,77.564365,2026-01-17 16:00:00,0.6438047430408435,0.0,42.771182481471364,0.041495782244833454,0.6164910544993973
8,12.994634,77.562484,2026-01-17,22:00:00,2026-01-17 22:00:00,22,17,Saturday,1,True,12.99383,77.568167,2026-01-17 16:00:00,0.6389312716015061,0.10648854526691769,43.41011375307287,0.041495782244833454,0.6164910544993973
8,12.993187,77.561128,2026-01-17,22:00:00,2026-01-17 22:00:00,22,17,Saturday,1,True,12.994634,77.562484,2026-01-17 22:00:00,0.2207547454402944,0.0,43.63086849851316,0.041495782244833454,0.6164910544993973
8,12.994823,77.562336,2026-01-18,05:00:00,2026-01-18 05:00:00,5,18,Sunday,1,True,12.993187,77.561128,2026-01-17 22:00:00,0.2263866755186075,0.032340953645515355,43.85725517403177,0.041495782244833454,0.6164910544993973
8,12.998516,77.564728,2026-01-18,05:00:00,2026-01-18 05:00:00,5,18,Sunday,1,True,12.994823,77.562336,2026-01-18 05:00:00,0.48980689944880307,0.0,44.34706207348057,0.041495782244833454,0.6164910544993973
8,12.994641,77.566046,2026-01-18,11:00:00,2026-01-18 11:00:00,11,18,Sunday,1,True,12.998516,77.564728,2026-01-18 05:00:00,0.455634119880693,0.0759390199801155,44.802696193361264,0.041495782244833454,0.6164910544993973
8,12.994824,77.566383,2026-01-18,17:00:00,2026-01-18 17:00:00,17,18,Sunday,1,True,12.994641,77.566046,2026-01-18 11:00:00,0.04268915174928515,0.007114858624880858,44.84538534511055,0.041495782244833454,0.6164910544993973
8,12.996025,77.563128,2026-01-18,17:00:00,2026-01-18 17:00:00,17,18,Sunday,1,True,12.994824,77.566383,2026-01-18 17:00:00,0.3862246718182603,0.0,45.23161001692881,0.041495782244833454,0.6164910544993973
8,12.994488,77.56221,2026-01-18,23:00:00,2026-01-18 23:00:00,23,18,Sunday,1,True,12.996025,77.563128,2026-01-18 17:00:00,0.19929367491593394,0.03321561248598899,45.43090369184475,0.041495782244833454,0.6164910544993973
8,12.995105,77.56505,2026-01-18,23:00:00,2026-01-18 23:00:00,23,18,Sunday,1,True,12.994488,77.56221,2026-01-18 23:00:00,0.3235237488036841,0.0,45.75442744064843,0.041495782244833454,0.6164910544993973
8,12.994851,77.564684,2026-01-19,00:00:00,2026-01-19 00:00:00,0,19,Monday,1,False,12.995105,77.56505,2026-01-18 23:00:00,0.04959327864145933,0.04959327864145933,45.80402071928989,0.041495782244833454,0.6164910544993973
8,12.992758,77.561711,2026-01-19,00:00:00,2026-01-19 00:00:00,0,19,Monday,1,False,12.994851,77.564684,2026-01-19 00:00:00,0.4047424052594944,0.0,46.208763124549385,0.041495782244833454,0.6164910544993973
8,12.996951,77.561169,2026-01-19,06:00:00,2026-01-19 06:00:00,6,19,Monday,1,False,12.992758,77.561711,2026-01-19 00:00:00,0.470648176983287,0.07844136283054783,46.67941130153267,0.041495782244833454,0.6164910544993973
8,12.996834,77.566274,2026-01-19,06:00:00,2026-01-19 06:00:00,6,19,Monday,1,False,12.996951,77.561169,2026-01-19 06:00:00,0.5684378320690113,0.0,47.24784913360168,0.041495782244833454,0.6164910544993973
8,12.994023,77.561225,2026-01-19,12:00:00,2026-01-19 12:00:00,12,19,Monday,1,False,12.996834,77.566274,2026-01-19 06:00:00,0.6432920916260882,0.10721534860434805,47.89114122522777,0.041495782244833454,0.6164910544993973
8,12.99634,77.565541,2026-01-19,18:00:00,2026-01-19 18:00:00,18,19,Monday,1,False,12.994023,77.561225,2026-01-19 12:00:00,0.5453128682873869,0.09088547804789782,48.43645409351515,0.041495782244833454,0.6164910544993973
8,12.990061,77.565838,2026-01-19,18:00:00,2026-01-19 18:00:00,18,19,Monday,1,False,12.99634,77.565541,2026-01-19 18:00:00,0.6997597690640902,0.0,49.13621386257925,0.041495782244833454,0.6164910544993973
8,12.99503,77.564869,2026-01-20,01:00:00,2026-01-20 01:00:00,1,20,Tuesday,1,False,12.990061,77.565838,2026-01-19 18:00:00,0.563568667621551,0.08050980966022157,49.6997825302008,0.041495782244833454,0.6164910544993973
8,12.992706,77.56496,2026-01-20,01:00:00,2026-01-20 01:00:00,1,20,Tuesday,1,False,12.99503,77.564869,2026-01-20 01:00:00,0.2589059346986434,0.0,49.95868846489944,0.041495782244833454,0.6164910544993973
8,12.995817,77.56445,2026-01-20,07:00:00,2026-01-20 07:00:00,7,20,Tuesday,1,False,12.992706,77.56496,2026-01-20 01:00:00,0.350939208785883,0.0584898681309805,50.30962767368533,0.041495782244833454,0.6164910544993973
8,12.998436,77.566814,2026-01-20,07:00:00,2026-01-20 07:00:00,7,20,Tuesday,1,False,12.995817,77.56445,2026-01-20 07:00:00,0.39275073276864897,0.0,50.702378406453974,0.041495782244833454,0.6164910544993973
8,12.997321,77.564047,2026-01-20,13:00:00,2026-01-20 13:00:00,13,20,Tuesday,1,False,12.998436,77.566814,2026-01-20 07:00:00,0.3320904165708852,0.05534840276181421,51.03446882302486,0.041495782244833454,0.6164910544993973
8,12.996937,77.564771,2026-01-20,19:00:00,2026-01-20 19:00:00,19,20,Tuesday,1,False,12.997321,77.564047,2026-01-20 13:00:00,0.0912302547635554,0.015205042460592566,51.12569907778841,0.041495782244833454,0.6164910544993973
8,12.99321,77.565141,2026-01-20,19:00:00,2026-01-20 19:00:00,19,20,Tuesday,1,False,12.996937,77.564771,2026-01-20 19:00:00,0.41692912787912817,0.0,51.54262820566754,0.041495782244833454,0.6164910544993973
8,12.992705,77.565602,2026-01-21,02:00:00,2026-01-21 02:00:00,2,21,Wednesday,1,False,12.99321,77.565141,2026-01-20 19:00:00,0.0761176497965431,0.01087394997093473,51.618745855464084,0.041495782244833454,0.6164910544993973
8,12.995333,77.562515,2026-01-21,02:00:00,2026-01-21 02:00:00,2,21,Wednesday,1,False,12.992705,77.565602,2026-01-21 02:00:00,0.451305517421619,0.0,52.0700513728857,0.041495782244833454,0.6164910544993973
8,12.992792,77.565215,2026-01-21,08:00:00,2026-01-21 08:00:00,8,21,Wednesday,1,False,12.995333,77.562515,2026-01-21 02:00:00,0.4127357853140014,0.06878929755233357,52.482787158199706,0.041495782244833454,0.6164910544993973
8,12.995825,77.564222,2026-01-21,14:00:00,2026-01-21 14:00:00,14,21,Wednesday,1,False,12.992792,77.565215,2026-01-21 08:00:00,0.3552684625174681,0.05921141041957801,52.83805562071717,0.041495782244833454,0.6164910544993973
8,12.991026,77.566245,2026-01-21,20:00:00,2026-01-21 20:00:00,20,21,Wednesday,1,False,12.995825,77.564222,2026-01-21 14:00:00,0.5797509903958448,0.09662516506597413,53.417806611113015,0.041495782244833454,0.6164910544993973
8,12.993911,77.564309,2026-01-21,20:00:00,2026-01-21 20:00:00,20,21,Wednesday,1,False,12.991026,77.566245,2026-01-21 20:00:00,0.3867680555426013,0.0,53.80457466665562,0.041495782244833454,0.6164910544993973
8,12.993883,77.561932,2026-01-22,03:00:00,2026-01-22 03:00:00,3,22,Thursday,1,False,12.993911,77.564309,2026-01-21 20:00:00,0.26462599756213323,0.0378037139374476,54.06920066421775,0.041495782244833454,0.6164910544993973
8,12.993276,77.56444,2026-01-22,03:00:00,2026-01-22 03:00:00,3,22,Thursday,1,False,12.993883,77.561932,2026-01-22 03:00:00,0.287251181492136,0.0,54.35645184570989,0.041495782244833454,0.6164910544993973
8,12.992219,77.565833,2026-01-22,09:00:00,2026-01-22 09:00:00,9,22,Thursday,1,False,12.993276,77.56444,2026-01-22 03:00:00,0.19465720904179626,0.03244286817363271,54.551109054751684,0.041495782244833454,0.6164910544993973
8,12.990051,77.568338,2026-01-22,15:00:00,2026-01-22 15:00:00,15,22,Thursday,1,False,12.992219,77.565833,2026-01-22 09:00:00,0.36879106345391804,0.061465177242319674,54.919900118205604,0.041495782244833454,0.6164910544993973
8,12.992286,77.566087,2026-01-22,21:00:00,2026-01-22 21:00:00,21,22,Thursday,1,False,12.990051,77.568338,2026-01-22 15:00:00,0.3531183051798373,0.058853050863306215,55.27301842338544,0.041495782244833454,0.6164910544993973
8,12.990447,77.562048,2026-01-22,21:00:00,2026-01-22 21:00:00,21,22,Thursday,1,False,12.992286,77.566087,2026-01-22 21:00:00,0.49403311821590007,0.0,55.76705154160134,0.041495782244833454,0.6164910544993973
8,12.996318,77.564176,2026-01-23,04:00:00,2026-01-23 04:00:00,4,23,Friday,1,False,12.990447,77.562048,2026-01-22 21:00:00,0.6951666612952837,0.09930952304218339,56.46221820289662,0.041495782244833454,0.6164910544993973
8,12.9933,77.565081,2026-01-23,04:00:00,2026-01-23 04:00:00,4,23,Friday,1,False,12.996318,77.564176,2026-01-23 04:00:00,0.3507436705952506,0.0,56.81296187349187,0.041495782244833454,0.6164910544993973
8,12.996547,77.563001,2026-01-23,10:00:00,2026-01-23 10:00:00,10,23,Friday,1,False,12.9933,77.565081,2026-01-23 04:00:00,0.4292596344081024,0.0715432724013504,57.24222150789998,0.041495782244833454,0.6164910544993973
8,12.993093,77.564481,2026-01-23,16:00:00,2026-01-23 16:00:00,16,23,Friday,1,False,12.996547,77.563001,2026-01-23 10:00:00,0.4183102258294387,0.06971837097157312,57.660531733729414,0.041495782244833454,0.6164910544993973
8,12.992742,77.563659,2026-01-23,22:00:00,2026-01-23 22:00:00,22,23,Friday,1,False,12.993093,77.564481,2026-01-23 16:00:00,0.0994982245128742,0.016583037418812365,57.76002995824229,0.041495782244833454,0.6164910544993973
8,12.994868,77.564813,2026-01-23,22:00:00,2026-01-23 22:00:00,22,23,Friday,1,False,12.992742,77.563659,2026-01-23 22:00:00,0.2692837932938374,0.0,58.02931375153613,0.041495782244833454,0.6164910544993973
8,12.997002,77.567065,2026-01-24,05:00:00,2026-01-24 05:00:00,5,24,Saturday,1,True,12.994868,77.564813,2026-01-23 22:00:00,0.3453694702567349,0.04933849575096213,58.374683221792864,0.041495782244833454,0.6164910544993973
8,12.997681,77.566208,2026-01-24,05:00:00,2026-01-24 05:00:00,5,24,Saturday,1,True,12.997002,77.567065,2026-01-24 05:00:00,0.12171557960136406,0.0,58.49639880139423,0.041495782244833454,0.6164910544993973
8,12.992848,77.561319,2026-01-24,11:00:00,2026-01-24 11:00:00,11,24,Saturday,1,True,12.997681,77.566208,2026-01-24 05:00:00,0.7652811589047198,0.1275468598174533,59.26167996029895,0.041495782244833454,0.6164910544993973
8,12.994223,77.560869,2026-01-24,17:00:00,2026-01-24 17:00:00,17,24,Saturday,1,True,12.992848,77.561319,2026-01-24 11:00:00,0.1610537272496036,0.026842287874933934,59.42273368754855,0.041495782244833454,0.6164910544993973
8,12.99718,77.564442,2026-01-24,23:00:00,2026-01-24 23:00:00,23,24,Saturday,1,True,12.994223,77.560869,2026-01-24 17:00:00,0.5162917671487999,0.08604862785813332,59.93902545469735,0.041495782244833454,0.6164910544993973
8,12.997126,77.562373,2026-01-24,23:00:00,2026-01-24 23:00:00,23,24,Saturday,1,True,12.99718,77.564442,2026-01-24 23:00:00,0.23039951254268415,0.0,60.16942496724003,0.041495782244833454,0.6164910544993973
8,12.992753,77.565771,2026-01-25,00:00:00,2026-01-25 00:00:00,0,25,Sunday,1,True,12.997126,77.562373,2026-01-24 23:00:00,0.6164910544993973,0.6164910544993973,60.78591602173943,0.041495782244833454,0.6164910544993973
8,12.991684,77.560814,2026-01-25,00:00:00,2026-01-25 00:00:00,0,25,Sunday,1,True,12.992753,77.565771,2026-01-25 00:00:00,0.5644989892648621,0.0,61.350415011004294,0.041495782244833454,0.6164910544993973
8,12.993327,77.565503,2026-01-25,06:00:00,2026-01-25 06:00:00,6,25,Sunday,1,True,12.991684,77.560814,2026-01-25 00:00:00,0.5530954112557853,0.09218256854263089,61.90351042226008,0.041495782244833454,0.6164910544993973
8,12.996017,77.56808,2026-01-25,06:00:00,2026-01-25 06:00:00,6,25,Sunday,1,True,12.993327,77.565503,2026-01-25 06:00:00,0.4146879784321316,0.0,62.31819840069221,0.041495782244833454,0.6164910544993973
8,12.994964,77.567462,2026-01-25,12:00:00,2026-01-25 12:00:00,12,25,Sunday,1,True,12.996017,77.56808,2026-01-25 06:00:00,0.1359167966670142,0.022652799444502367,62.45411519735922,0.041495782244833454,0.6164910544993973
8,12.990788,77.566051,2026-01-25,18:00:00,2026-01-25 18:00:00,18,25,Sunday,1,True,12.994964,77.567462,2026-01-25 12:00:00,0.4906914004151861,0.08178190006919768,62.94480659777441,0.041495782244833454,0.6164910544993973
8,12.994581,77.565473,2026-01-26,01:00:00,2026-01-26 01:00:00,1,26,Monday,1,False,12.990788,77.566051,2026-01-25 18:00:00,0.42711110732093616,0.061015872474419454,63.37191770509535,0.041495782244833454,0.6164910544993973
8,12.994944,77.566378,2026-01-26,01:00:00,2026-01-26 01:00:00,1,26,Monday,1,False,12.994581,77.565473,2026-01-26 01:00:00,0.10854664730490231,0.0,63.48046435240025,0.041495782244833454,0.6164910544993973
8,12.993352,77.563259,2026-01-26,07:00:00,2026-01-26 07:00:00,7,26,Monday,1,False,12.994944,77.566378,2026-01-26 01:00:00,0.3898207218679784,0.06497012031132973,63.870285074268224,0.041495782244833454,0.6164910544993973
8,12.992162,77.563895,2026-01-26,07:00:00,2026-01-26 07:00:00,7,26,Monday,1,False,12.993352,77.563259,2026-01-26 07:00:00,0.15020347827148595,0.0,64.02048855253972,0.041495782244833454,0.6164910544993973
8,12.99407,77.563308,2026-01-26,13:00:00,2026-01-26 13:00:00,13,26,Monday,1,False,12.992162,77.563895,2026-01-26 07:00:00,0.22222307801992794,0.03703717966998799,64.24271163055964,0.041495782244833454,0.6164910544993973
8,12.995885,77.567524,2026-01-26,19:00:00,2026-01-26 19:00:00,19,26,Monday,1,False,12.99407,77.563308,2026-01-26 13:00:00,0.5109682706005856,0.08516137843343093,64.75367990116023,0.041495782244833454,0.6164910544993973
8,12.994154,77.564792,2026-01-27,02:00:00,2026-01-27 02:00:00,2,27,Tuesday,1,False,12.995885,77.567524,2026-01-26 19:00:00,0.36003347351450565,0.051433353359215096,65.11371337467473,0.041495782244833454,0.6164910544993973
8,12.994005,77.563215,2026-01-27,02:00:00,2026-01-27 02:00:00,2,27,Tuesday,1,False,12.994154,77.564792,2026-01-27 02:00:00,0.17633348025833223,0.0,65.29004685493307,0.041495782244833454,0.6164910544993973
8,12.993345,77.566847,2026-01-27,08:00:00,2026-01-27 08:00:00,8,27,Tuesday,1,False,12.994005,77.563215,2026-01-27 02:00:00,0.41093554469753896,0.06848925744958982,65.7009823996306,0.041495782244833454,0.6164910544993973
8,12.991696,77.566888,2026-01-27,08:00:00,2026-01-27 08:00:00,8,27,Tuesday,1,False,12.993345,77.566847,2026-01-27 08:00:00,0.18362341135494067,0.0,65.88460581098555,0.041495782244833454,0.6164910544993973
8,12.991405,77.56216,2026-01-27,14:00:00,2026-01-27 14:00:00,14,27,Tuesday,1,False,12.991696,77.566888,2026-01-27 08:00:00,0.5273169179401472,0.08788615299002454,66.41192272892569,0.041495782244833454,0.6164910544993973
8,12.99536,77.564376,2026-01-27,20:00:00,2026-01-27 20:00:00,20,27,Tuesday,1,False,12.991405,77.56216,2026-01-27 14:00:00,0.5046699413014163,0.08411165688356938,66.9165926702271,0.041495782244833454,0.6164910544993973
8,12.998425,77.564395,2026-01-28,03:00:00,2026-01-28 03:00:00,3,28,Wednesday,1,False,12.99536,77.564376,2026-01-27 20:00:00,0.3412023556498507,0.048743193664264384,67.25779502587696,0.041495782244833454,0.6164910544993973
8,12.99697,77.563307,2026-01-28,03:00:00,2026-01-28 03:00:00,3,28,Wednesday,1,False,12.998425,77.564395,2026-01-28 03:00:00,0.20224638310183413,0.0,67.4600414089788,0.041495782244833454,0.6164910544993973
8,12.998333,77.566376,2026-01-28,09:00:00,2026-01-28 09:00:00,9,28,Wednesday,1,False,12.99697,77.563307,2026-01-28 03:00:00,0.3738186265272598,0.06230310442120996,67.83386003550605,0.041495782244833454,0.6164910544993973
8,12.99677,77.563449,2026-01-28,09:00:00,2026-01-28 09:00:00,9,28,Wednesday,1,False,12.998333,77.566376,2026-01-28 09:00:00,0.3693794535196099,0.0,68.20323948902566,0.041495782244833454,0.6164910544993973
8,12.997105,77.56601,2026-01-28,15:00:00,2026-01-28 15:00:00,15,28,Wednesday,1,False,12.99677,77.563449,2026-01-28 09:00:00,0.2875192389644745,0.04791987316074575,68.49075872799014,0.041495782244833454,0.6164910544993973
8,12.994517,77.560995,2026-01-28,21:00:00,2026-01-28 21:00:00,21,28,Wednesday,1,False,12.997105,77.56601,2026-01-28 15:00:00,0.6282233416538832,0.1047038902756472,69.11898206964402,0.041495782244833454,0.6164910544993973
8,13.000118,77.565837,2026-01-29,04:00:00,2026-01-29 04:00:00,4,29,Thursday,1,False,12.994517,77.560995,2026-01-28 21:00:00,0.8241903436109453,0.11774147765870648,69.94317241325497,0.041495782244833454,0.6164910544993973
8,12.995083,77.562415,2026-01-29,04:00:00,2026-01-29 04:00:00,4,29,Thursday,1,False,13.000118,77.565837,2026-01-29 04:00:00,0.6776938974630037,0.0,70.62086631071797,0.041495782244833454,0.6164910544993973
8,12.993067,77.564826,2026-01-29,10:00:00,2026-01-29 10:00:00,10,29,Thursday,1,False,12.995083,77.562415,2026-01-29 04:00:00,0.3498562331782542,0.0583093721963757,70.97072254389622,0.041495782244833454,0.6164910544993973
8,12.99469,77.562668,2026-01-29,10:00:00,2026-01-29 10:00:00,10,29,Thursday,1,False,12.993067,77.564826,2026-01-29 10:00:00,0.3005865311476132,0.0,71.27130907504383,0.041495782244833454,0.6164910544993973
8,12.997437,77.566494,2026-01-29,16:00:00,2026-01-29 16:00:00,16,29,Thursday,1,False,12.99469,77.562668,2026-01-29 10:00:00,0.5243193862165402,0.08738656436942337,71.79562846126038,0.041495782244833454,0.6164910544993973
8,12.997065,77.56397,2026-01-29,22:00:00,2026-01-29 22:00:00,22,29,Thursday,1,False,12.997437,77.566494,2026-01-29 16:00:00,0.2840069703306955,0.047334495055115916,72.07963543159107,0.041495782244833454,0.6164910544993973
8,12.997137,77.563612,2026-01-30,05:00:00,2026-01-30 05:00:00,5,30,Friday,1,False,12.997065,77.56397,2026-01-29 22:00:00,0.04065055232934957,0.005807221761335653,72.12028598392043,0.041495782244833454,0.6164910544993973
8,12.996108,77.563005,2026-01-30,05:00:00,2026-01-30 05:00:00,5,30,Friday,1,False,12.997137,77.563612,2026-01-30 05:00:00,0.13299316120068377,0.0,72.2532791451211,0.041495782244833454,0.6164910544993973
8,12.995204,77.562553,2026-01-30,11:00:00,2026-01-30 11:00:00,11,30,Friday,1,False,12.996108,77.563005,2026-01-30 05:00:00,0.11251142743990102,0.018751904573316835,72.36579057256101,0.041495782244833454,0.6164910544993973
8,12.995346,77.560847,2026-01-30,11:00:00,2026-01-30 11:00:00,11,30,Friday,1,False,12.995204,77.562553,2026-01-30 11:00:00,0.19056865565298017,0.0,72.55635922821399,0.041495782244833454,0.6164910544993973
8,12.995438,77.563341,2026-01-30,17:00:00,2026-01-30 17:00:00,17,30,Friday,1,False,12.995346,77.560847,2026-01-30 11:00:00,0.2778209116289096,0.04630348527148493,72.8341801398429,0.041495782244833454,0.6164910544993973
8,12.995964,77.563499,2026-01-30,23:00:00,2026-01-30 23:00:00,23,30,Friday,1,False,12.995438,77.563341,2026-01-30 17:00:00,0.06113890605450086,0.010189817675750144,72.8953190458974,0.041495782244833454,0.6164910544993973
9,12.935747,77.687871,2026-01-01,00:00:00,2026-01-01 00:00:00,0,1,Thursday,1,False,,,,0.0,0.0,0.0,0.04363241818908449,0.6238513934839217
9,12.935512,77.69039,2026-01-01,00:00:00,2026-01-01 00:00:00,0,1,Thursday,1,False,12.935747,77.687871,2026-01-01 00:00:00,0.28163269191443513,0.0,0.28163269191443513,0.04363241818908449,0.6238513934839217
9,12.93531,77.687184,2026-01-01,06:00:00,2026-01-01 06:00:00,6,1,Thursday,1,False,12.935512,77.69039,2026-01-01 00:00:00,0.35759962463502104,0.05959993743917017,0.6392323165494562,0.04363241818908449,0.6238513934839217
9,12.938551,77.686715,2026-01-01,06:00:00,2026-01-01 06:00:00,6,1,Thursday,1,False,12.93531,77.687184,2026-01-01 06:00:00,0.36454609525765397,0.0,1.0037784118071102,0.04363241818908449,0.6238513934839217
9,12.939533,77.689451,2026-01-01,12:00:00,2026-01-01 12:00:00,12,1,Thursday,1,False,12.938551,77.686715,2026-01-01 06:00:00,0.3235951963839609,0.05393253273066015,1.327373608191071,0.04363241818908449,0.6238513934839217
9,12.934988,77.688112,2026-01-01,12:00:00,2026-01-01 12:00:00,12,1,Thursday,1,False,12.939533,77.689451,2026-01-01 12:00:00,0.5274494551181077,0.0,1.8548230633091787,0.04363241818908449,0.6238513934839217
9,12.934896,77.689088,2026-01-01,18:00:00,2026-01-01 18:00:00,18,1,Thursday,1,False,12.934988,77.688112,2026-01-01 12:00:00,0.10912994333343826,0.018188323888906375,1.963953006642617,0.04363241818908449,0.6238513934839217
9,12.935789,77.68789,2026-01-02,01:00:00,2026-01-02 01:00:00,1,2,Friday,1,False,12.934896,77.689088,2026-01-01 18:00:00,0.1663350651722149,0.023762152167459274,2.130288071814832,0.04363241818908449,0.6238513934839217
9,12.93661,77.691977,2026-01-02,01:00:00,2026-01-02 01:00:00,1,2,Friday,1,False,12.935789,77.68789,2026-01-02 01:00:00,0.46405367975214395,0.0,2.5943417515669758,0.04363241818908449,0.6238513934839217
9,12.940455,77.687353,2026-01-02,07:00:00,2026-01-02 07:00:00,7,2,Friday,1,False,12.93661,77.691977,2026-01-02 01:00:00,0.6694526115747608,0.11157543526246012,3.2637943631417365,0.04363241818908449,0.6238513934839217
9,12.937504,77.687833,2026-01-02,07:00:00,2026-01-02 07:00:00,7,2,Friday,1,False,12.940455,77.687353,2026-01-02 07:00:00,0.3328226177368019,0.0,3.5966169808785384,0.04363241818908449,0.6238513934839217
9,12.936901,77.689479,2026-01-02,13:00:00,2026-01-02 13:00:00,13,2,Friday,1,False,12.937504,77.687833,2026-01-02 07:00:00,0.19514129287479423,0.032523548812465705,3.7917582737533326,0.04363241818908449,0.6238513934839217
9,12.937528,77.687443,2026-01-02,13:00:00,2026-01-02 13:00:00,13,2,Friday,1,False,12.936901,77.689479,2026-01-02 13:00:00,0.23715144712169373,0.0,4.028909720875026,0.04363241818908449,0.6238513934839217
9,12.938601,77.691476,2026-01-02,19:00:00,2026-01-02 19:00:00,19,2,Friday,1,False,12.937528,77.687443,2026-01-02 13:00:00,0.46457155740874073,0.07742859290145679,4.493481278283767,0.04363241818908449,0.6238513934839217
9,12.934771,77.686593,2026-01-03,02:00:00,2026-01-03 02:00:00,2,3,Saturday,1,True,12.938601,77.691476,2026-01-02 19:00:00,0.690835354538127,0.09869076493401814,5.184316632821894,0.04363241818908449,0.6238513934839217
9,12.937377,77.689047,2026-01-03,02:00:00,2026-01-03 02:00:00,2,3,Saturday,1,True,12.934771,77.686593,2026-01-03 02:00:00,0.39847820844475623,0.0,5.58279484126665,0.04363241818908449,0.6238513934839217
9,12.935546,77.689754,2026-01-03,08:00:00,2026-01-03 08:00:00,8,3,Saturday,1,True,12.937377,77.689047,2026-01-03 02:00:00,0.2184939662851092,0.0364156610475182,5.801288807551759,0.04363241818908449,0.6238513934839217
9,12.938425,77.69214,2026-01-03,08:00:00,2026-01-03 08:00:00,8,3,Saturday,1,True,12.935546,77.689754,2026-01-03 08:00:00,0.4162480470695243,0.0,6.217536854621284,0.04363241818908449,0.6238513934839217
9,12.93793,77.69074,2026-01-03,14:00:00,2026-01-03 14:00:00,14,3,Saturday,1,True,12.938425,77.69214,2026-01-03 08:00:00,0.16530270353267082,0.02755045058877847,6.382839558153955,0.04363241818908449,0.6238513934839217
9,12.938264,77.685544,2026-01-03,14:00:00,2026-01-03 14:00:00,14,3,Saturday,1,True,12.93793,77.69074,2026-01-03 14:00:00,0.5796124856191306,0.0,6.9624520437730855,0.04363241818908449,0.6238513934839217
9,12.936914,77.687156,2026-01-03,20:00:00,2026-01-03 20:00:00,20,3,Saturday,1,True,12.938264,77.685544,2026-01-03 14:00:00,0.234064535555951,0.03901075592599183,7.196516579329036,0.04363241818908449,0.6238513934839217
9,12.937264,77.685649,2026-01-04,03:00:00,2026-01-04 03:00:00,3,4,Sunday,1,True,12.936914,77.687156,2026-01-03 20:00:00,0.1722242725330089,0.024603467504715558,7.368740851862045,0.04363241818908449,0.6238513934839217
9,12.936696,77.691446,2026-01-04,03:00:00,2026-01-04 03:00:00,3,4,Sunday,1,True,12.937264,77.685649,2026-01-04 03:00:00,0.6484123208727635,0.0,8.017153172734808,0.04363241818908449,0.6238513934839217
9,12.934489,77.686461,2026-01-04,09:00:00,2026-01-04 09:00:00,9,4,Sunday,1,True,12.936696,77.691446,2026-01-04 03:00:00,0.6068836637194638,0.1011472772865773,8.624036836454271,0.04363241818908449,0.6238513934839217
9,12.935136,77.689757,2026-01-04,09:00:00,2026-01-04 09:00:00,9,4,Sunday,1,True,12.934489,77.686461,2026-01-04 09:00:00,0.37391300965510493,0.0,8.997949846109377,0.04363241818908449,0.6238513934839217
9,12.938841,77.687172,2026-01-04,15:00:00,2026-01-04 15:00:00,15,4,Sunday,1,True,12.935136,77.689757,2026-01-04 09:00:00,0.5029058880913688,0.08381764801522813,9.500855734200746,0.04363241818908449,0.6238513934839217
9,12.936004,77.691786,2026-01-04,15:00:00,2026-01-04 15:00:00,15,4,Sunday,1,True,12.938841,77.687172,2026-01-04 15:00:00,0.6029554570181929,0.0,10.10381119121894,0.04363241818908449,0.6238513934839217
9,12.936703,77.687976,2026-01-04,21:00:00,2026-01-04 21:00:00,21,4,Sunday,1,True,12.936004,77.691786,2026-01-04 15:00:00,0.431208060523223,0.07186801008720384,10.535019251742161,0.04363241818908449,0.6238513934839217
9,12.936658,77.686807,2026-01-05,04:00:00,2026-01-05 04:00:00,4,5,Monday,1,False,12.936703,77.687976,2026-01-04 21:00:00,0.13022946133181398,0.018604208761687713,10.665248713073975,0.04363241818908449,0.6238513934839217
9,12.935304,77.690946,2026-01-05,04:00:00,2026-01-05 04:00:00,4,5,Monday,1,False,12.936658,77.686807,2026-01-05 04:00:00,0.48478086004685605,0.0,11.150029573120833,0.04363241818908449,0.6238513934839217
9,12.939478,77.690753,2026-01-05,10:00:00,2026-01-05 10:00:00,10,5,Monday,1,False,12.935304,77.690946,2026-01-05 04:00:00,0.4651461276160838,0.07752435460268063,11.615175700736916,0.04363241818908449,0.6238513934839217
9,12.938964,77.687262,2026-01-05,10:00:00,2026-01-05 10:00:00,10,5,Monday,1,False,12.939478,77.690753,2026-01-05 10:00:00,0.3928078380653262,0.0,12.007983538802241,0.04363241818908449,0.6238513934839217
9,12.937176,77.690452,2026-01-05,16:00:00,2026-01-05 16:00:00,16,5,Monday,1,False,12.938964,77.687262,2026-01-05 10:00:00,0.4070880317187913,0.06784800528646522,12.415071570521034,0.04363241818908449,0.6238513934839217
9,12.938331,77.689628,2026-01-05,16:00:00,2026-01-05 16:00:00,16,5,Monday,1,False,12.937176,77.690452,2026-01-05 16:00:00,0.15794111258075677,0.0,12.57301268310179,0.04363241818908449,0.6238513934839217
9,12.937776,77.686365,2026-01-05,22:00:00,2026-01-05 22:00:00,22,5,Monday,1,False,12.938331,77.689628,2026-01-05 16:00:00,0.36845396465224023,0.061408994108706705,12.94146664775403,0.04363241818908449,0.6238513934839217
9,12.94002,77.691485,2026-01-06,05:00:00,2026-01-06 05:00:00,5,6,Tuesday,1,False,12.937776,77.686365,2026-01-05 22:00:00,0.6222970809055696,0.08889958298650993,13.5637637286596,0.04363241818908449,0.6238513934839217
9,12.937578,77.687226,2026-01-06,05:00:00,2026-01-06 05:00:00,5,6,Tuesday,1,False,12.94002,77.691485,2026-01-06 05:00:00,0.5465170908843366,0.0,14.110280819543936,0.04363241818908449,0.6238513934839217
9,12.939211,77.693132,2026-01-06,11:00:00,2026-01-06 11:00:00,11,6,Tuesday,1,False,12.937578,77.687226,2026-01-06 05:00:00,0.6821248247711338,0.11368747079518897,14.792405644315071,0.04363241818908449,0.6238513934839217
9,12.938755,77.690214,2026-01-06,11:00:00,2026-01-06 11:00:00,11,6,Tuesday,1,False,12.939211,77.693132,2026-01-06 11:00:00,0.3287741547436082,0.0,15.121179799058678,0.04363241818908449,0.6238513934839217
9,12.941237,77.688662,2026-01-06,17:00:00,2026-01-06 17:00:00,17,6,Tuesday,1,False,12.938755,77.690214,2026-01-06 11:00:00,0.3258659466800055,0.054310991113334255,15.447045745738684,0.04363241818908449,0.6238513934839217
9,12.93724,77.69067,2026-01-06,17:00:00,2026-01-06 17:00:00,17,6,Tuesday,1,False,12.941237,77.688662,2026-01-06 17:00:00,0.497938640563047,0.0,15.944984386301732,0.04363241818908449,0.6238513934839217
9,12.939887,77.684966,2026-01-06,23:00:00,2026-01-06 23:00:00,23,6,Tuesday,1,False,12.93724,77.69067,2026-01-06 17:00:00,0.7000092020910419,0.11666820034850699,16.644993588392772,0.04363241818908449,0.6238513934839217
9,12.935301,77.688187,2026-01-07,00:00:00,2026-01-07 00:00:00,0,7,Wednesday,1,False,12.939887,77.684966,2026-01-06 23:00:00,0.6238513934839217,0.6238513934839217,17.268844981876693,0.04363241818908449,0.6238513934839217
9,12.939496,77.690951,2026-01-07,06:00:00,2026-01-07 06:00:00,6,7,Wednesday,1,False,12.935301,77.688187,2026-01-07 00:00:00,0.5592400490695693,0.09320667484492821,17.828085030946262,0.04363241818908449,0.6238513934839217
9,12.93902,77.686652,2026-01-07,06:00:00,2026-01-07 06:00:00,6,7,Wednesday,1,False,12.939496,77.690951,2026-01-07 06:00:00,0.48148926779344847,0.0,18.30957429873971,0.04363241818908449,0.6238513934839217
9,12.940186,77.690891,2026-01-07,12:00:00,2026-01-07 12:00:00,12,7,Wednesday,1,False,12.93902,77.686652,2026-01-07 06:00:00,0.4894116036502072,0.08156860060836786,18.79898590238992,0.04363241818908449,0.6238513934839217
9,12.939192,77.687927,2026-01-07,12:00:00,2026-01-07 12:00:00,12,7,Wednesday,1,False,12.940186,77.690891,2026-01-07 12:00:00,0.34801224384475893,0.0,19.14699814623468,0.04363241818908449,0.6238513934839217
9,12.938019,77.689987,2026-01-07,18:00:00,2026-01-07 18:00:00,18,7,Wednesday,1,False,12.939192,77.687927,2026-01-07 12:00:00,0.2638901354521009,0.043981689242016814,19.41088828168678,0.04363241818908449,0.6238513934839217
9,12.938354,77.68713,2026-01-07,18:00:00,2026-01-07 18:00:00,18,7,Wednesday,1,False,12.938019,77.689987,2026-01-07 18:00:00,0.3202201407188375,0.0,19.731108422405615,0.04363241818908449,0.6238513934839217
9,12.940086,77.688047,2026-01-08,01:00:00,2026-01-08 01:00:00,1,8,Thursday,1,False,12.938354,77.68713,2026-01-07 18:00:00,0.21816200955615453,0.031166001365164932,19.94927043196177,0.04363241818908449,0.6238513934839217
9,12.94161,77.689963,2026-01-08,07:00:00,2026-01-08 07:00:00,7,8,Thursday,1,False,12.940086,77.688047,2026-01-08 01:00:00,0.2725324590532172,0.045422076508869536,20.22180289101499,0.04363241818908449,0.6238513934839217
9,12.941563,77.687457,2026-01-08,07:00:00,2026-01-08 07:00:00,7,8,Thursday,1,False,12.94161,77.689963,2026-01-08 07:00:00,0.2790169791112569,0.0,20.500819870126247,0.04363241818908449,0.6238513934839217
9,12.936674,77.688216,2026-01-08,13:00:00,2026-01-08 13:00:00,13,8,Thursday,1,False,12.941563,77.687457,2026-01-08 07:00:00,0.5507629647212401,0.09179382745354002,21.051582834847487,0.04363241818908449,0.6238513934839217
9,12.940996,77.692323,2026-01-08,13:00:00,2026-01-08 13:00:00,13,8,Thursday,1,False,12.936674,77.688216,2026-01-08 13:00:00,0.6637056079680503,0.0,21.715288442815535,0.04363241818908449,0.6238513934839217
9,12.940935,77.68959,2026-01-08,19:00:00,2026-01-08 19:00:00,19,8,Thursday,1,False,12.940996,77.692323,2026-01-08 13:00:00,0.304313332072475,0.050718888678745834,22.01960177488801,0.04363241818908449,0.6238513934839217
9,12.941959,77.690027,2026-01-08,19:00:00,2026-01-08 19:00:00,19,8,Thursday,1,False,12.940935,77.68959,2026-01-08 19:00:00,0.12393796089693233,0.0,22.143539735784945,0.04363241818908449,0.6238513934839217
9,12.939929,77.688528,2026-01-09,02:00:00,2026-01-09 02:00:00,2,9,Friday,1,False,12.941959,77.690027,2026-01-08 19:00:00,0.2809126839090755,0.04013038341558221,22.424452419694017,0.04363241818908449,0.6238513934839217
9,12.940141,77.685492,2026-01-09,08:00:00,2026-01-09 08:00:00,8,9,Friday,1,False,12.939929,77.688528,2026-01-09 02:00:00,0.3387904913418275,0.05646508189030458,22.763242911035846,0.04363241818908449,0.6238513934839217
9,12.936958,77.686319,2026-01-09,08:00:00,2026-01-09 08:00:00,8,9,Friday,1,False,12.940141,77.685492,2026-01-09 08:00:00,0.36609588903938683,0.0,23.12933880007523,0.04363241818908449,0.6238513934839217
9,12.937245,77.689576,2026-01-09,14:00:00,2026-01-09 14:00:00,14,9,Friday,1,False,12.936958,77.686319,2026-01-09 08:00:00,0.36397415041720177,0.06066235840286696,23.493312950492435,0.04363241818908449,0.6238513934839217
9,12.939644,77.691469,2026-01-09,14:00:00,2026-01-09 14:00:00,14,9,Friday,1,False,12.937245,77.689576,2026-01-09 14:00:00,0.34018506819593236,0.0,23.833498018688367,0.04363241818908449,0.6238513934839217
9,12.93953,77.691292,2026-01-09,20:00:00,2026-01-09 20:00:00,20,9,Friday,1,False,12.939644,77.691469,2026-01-09 14:00:00,0.02343675984115583,0.0039061266401926383,23.856934778529524,0.04363241818908449,0.6238513934839217
9,12.941445,77.689162,2026-01-09,20:00:00,2026-01-09 20:00:00,20,9,Friday,1,False,12.93953,77.691292,2026-01-09 20:00:00,0.31885213699746107,0.0,24.175786915526984,0.04363241818908449,0.6238513934839217
9,12.936092,77.691075,2026-01-10,03:00:00,2026-01-10 03:00:00,3,10,Saturday,1,True,12.941445,77.689162,2026-01-09 20:00:00,0.6328047845228156,0.09040068350325937,24.8085917000498,0.04363241818908449,0.6238513934839217
9,12.936061,77.688725,2026-01-10,09:00:00,2026-01-10 09:00:00,9,10,Saturday,1,True,12.936092,77.691075,2026-01-10 03:00:00,0.2616247603963048,0.04360412673271746,25.070216460446105,0.04363241818908449,0.6238513934839217
9,12.942631,77.689436,2026-01-10,09:00:00,2026-01-10 09:00:00,9,10,Saturday,1,True,12.936061,77.688725,2026-01-10 09:00:00,0.7356426277071392,0.0,25.805859088153245,0.04363241818908449,0.6238513934839217
9,12.940378,77.688319,2026-01-10,15:00:00,2026-01-10 15:00:00,15,10,Saturday,1,True,12.942631,77.689436,2026-01-10 09:00:00,0.2799360035979589,0.04665600059965982,26.0857950917512,0.04363241818908449,0.6238513934839217
9,12.940256,77.686962,2026-01-10,15:00:00,2026-01-10 15:00:00,15,10,Saturday,1,True,12.940378,77.688319,2026-01-10 15:00:00,0.15167050760862288,0.0,26.237465599359826,0.04363241818908449,0.6238513934839217
9,12.940546,77.691817,2026-01-10,21:00:00,2026-01-10 21:00:00,21,10,Saturday,1,True,12.940256,77.686962,2026-01-10 15:00:00,0.5414219034085639,0.09023698390142731,26.778887502768388,0.04363241818908449,0.6238513934839217
9,12.937761,77.689331,2026-01-10,21:00:00,2026-01-10 21:00:00,21,10,Saturday,1,True,12.940546,77.691817,2026-01-10 21:00:00,0.4155744380716812,0.0,27.19446194084007,0.04363241818908449,0.6238513934839217
9,12.936488,77.688943,2026-01-11,04:00:00,2026-01-11 04:00:00,4,11,Sunday,1,True,12.937761,77.689331,2026-01-10 21:00:00,0.14814651132168372,0.021163787331669102,27.342608452161755,0.04363241818908449,0.6238513934839217
9,12.93871,77.689289,2026-01-11,10:00:00,2026-01-11 10:00:00,10,11,Sunday,1,True,12.936488,77.688943,2026-01-11 04:00:00,0.2503339052482687,0.04172231754137812,27.592942357410024,0.04363241818908449,0.6238513934839217
9,12.935861,77.690591,2026-01-11,10:00:00,2026-01-11 10:00:00,10,11,Sunday,1,True,12.93871,77.689289,2026-01-11 10:00:00,0.3487001049461435,0.0,27.941642462356167,0.04363241818908449,0.6238513934839217
9,12.936742,77.690777,2026-01-11,16:00:00,2026-01-11 16:00:00,16,11,Sunday,1,True,12.935861,77.690591,2026-01-11 10:00:00,0.10023480531145747,0.01670580088524291,28.041877267667623,0.04363241818908449,0.6238513934839217
9,12.938577,77.692023,2026-01-11,16:00:00,2026-01-11 16:00:00,16,11,Sunday,1,True,12.936742,77.690777,2026-01-11 16:00:00,0.24691320548603,0.0,28.288790473153654,0.04363241818908449,0.6238513934839217
9,12.937057,77.688051,2026-01-11,22:00:00,2026-01-11 22:00:00,22,11,Sunday,1,True,12.938577,77.692023,2026-01-11 16:00:00,0.47343316291055043,0.0789055271517584,28.762223636064203,0.04363241818908449,0.6238513934839217
9,12.937783,77.689621,2026-01-11,22:00:00,2026-01-11 22:00:00,22,11,Sunday,1,True,12.937057,77.688051,2026-01-11 22:00:00,0.19255386947403524,0.0,28.95477750553824,0.04363241818908449,0.6238513934839217
9,12.934258,77.688773,2026-01-12,05:00:00,2026-01-12 05:00:00,5,12,Monday,1,False,12.937783,77.689621,2026-01-11 22:00:00,0.4035980098780122,0.057656858554001746,29.358375515416252,0.04363241818908449,0.6238513934839217
9,12.937482,77.686734,2026-01-12,11:00:00,2026-01-12 11:00:00,11,12,Monday,1,False,12.934258,77.688773,2026-01-12 05:00:00,0.42464891544124345,0.07077481924020725,29.783024430857495,0.04363241818908449,0.6238513934839217
9,12.93699,77.689317,2026-01-12,11:00:00,2026-01-12 11:00:00,11,12,Monday,1,False,12.937482,77.686734,2026-01-12 11:00:00,0.29270922452663906,0.0,30.075733655384134,0.04363241818908449,0.6238513934839217
9,12.937784,77.69095,2026-01-12,17:00:00,2026-01-12 17:00:00,17,12,Monday,1,False,12.93699,77.689317,2026-01-12 11:00:00,0.20213471376917086,0.03368911896152848,30.277868369153307,0.04363241818908449,0.6238513934839217
9,12.939749,77.688275,2026-01-12,17:00:00,2026-01-12 17:00:00,17,12,Monday,1,False,12.937784,77.69095,2026-01-12 17:00:00,0.3694893421997634,0.0,30.64735771135307,0.04363241818908449,0.6238513934839217
9,12.936592,77.686262,2026-01-12,23:00:00,2026-01-12 23:00:00,23,12,Monday,1,False,12.939749,77.688275,2026-01-12 17:00:00,0.4168011383574518,0.06946685639290863,31.06415884971052,0.04363241818908449,0.6238513934839217
9,12.938485,77.687394,2026-01-12,23:00:00,2026-01-12 23:00:00,23,12,Monday,1,False,12.936592,77.686262,2026-01-12 23:00:00,0.24553248048660917,0.0,31.30969133019713,0.04363241818908449,0.6238513934839217
9,12.938566,77.687824,2026-01-13,00:00:00,2026-01-13 00:00:00,0,13,Tuesday,1,False,12.938485,77.687394,2026-01-12 23:00:00,0.04870946495433404,0.04870946495433404,31.358400795151464,0.04363241818908449,0.6238513934839217
9,12.941274,77.690396,2026-01-13,00:00:00,2026-01-13 00:00:00,0,13,Tuesday,1,False,12.938566,77.687824,2026-01-13 00:00:00,0.41575371781266035,0.0,31.774154512964124,0.04363241818908449,0.6238513934839217
9,12.93916,77.688717,2026-01-13,06:00:00,2026-01-13 06:00:00,6,13,Tuesday,1,False,12.941274,77.690396,2026-01-13 00:00:00,0.3005235303947367,0.050087255065789454,32.07467804335886,0.04363241818908449,0.6238513934839217
9,12.93605,77.692219,2026-01-13,12:00:00,2026-01-13 12:00:00,12,13,Tuesday,1,False,12.93916,77.688717,2026-01-13 06:00:00,0.5213782930550044,0.08689638217583406,32.59605633641387,0.04363241818908449,0.6238513934839217
9,12.939383,77.691093,2026-01-13,12:00:00,2026-01-13 12:00:00,12,13,Tuesday,1,False,12.93605,77.692219,2026-01-13 12:00:00,0.3916307372146396,0.0,32.98768707362851,0.04363241818908449,0.6238513934839217
9,12.937184,77.68698,2026-01-13,18:00:00,2026-01-13 18:00:00,18,13,Tuesday,1,False,12.939383,77.691093,2026-01-13 12:00:00,0.5191902026968368,0.0865317004494728,33.50687727632534,0.04363241818908449,0.6238513934839217
9,12.942905,77.689975,2026-01-13,18:00:00,2026-01-13 18:00:00,18,13,Tuesday,1,False,12.937184,77.68698,2026-01-13 18:00:00,0.7188537247122859,0.0,34.22573100103763,0.04363241818908449,0.6238513934839217
9,12.940783,77.687241,2026-01-14,01:00:00,2026-01-14 01:00:00,1,14,Wednesday,1,False,12.942905,77.689975,2026-01-13 18:00:00,0.3852643514474062,0.055037764492486596,34.610995352485034,0.04363241818908449,0.6238513934839217
9,12.939475,77.685449,2026-01-14,01:00:00,2026-01-14 01:00:00,1,14,Wednesday,1,False,12.940783,77.687241,2026-01-14 01:00:00,0.24697309790093905,0.0,34.857968450385975,0.04363241818908449,0.6238513934839217
9,12.935951,77.689291,2026-01-14,07:00:00,2026-01-14 07:00:00,7,14,Wednesday,1,False,12.939475,77.685449,2026-01-14 01:00:00,0.5803556926969444,0.09672594878282408,35.438324143082916,0.04363241818908449,0.6238513934839217
9,12.93697,77.688992,2026-01-14,13:00:00,2026-01-14 13:00:00,13,14,Wednesday,1,False,12.935951,77.689291,2026-01-14 07:00:00,0.11821754225717368,0.019702923709528947,35.55654168534009,0.04363241818908449,0.6238513934839217
9,12.934479,77.688516,2026-01-14,13:00:00,2026-01-14 13:00:00,13,14,Wednesday,1,False,12.93697,77.688992,2026-01-14 13:00:00,0.2823154430985271,0.0,35.83885712843862,0.04363241818908449,0.6238513934839217
9,12.935697,77.686838,2026-01-14,19:00:00,2026-01-14 19:00:00,19,14,Wednesday,1,False,12.934479,77.688516,2026-01-14 13:00:00,0.23081680559207707,0.03846946759867951,36.069673934030696,0.04363241818908449,0.6238513934839217
9,12.937832,77.686441,2026-01-14,19:00:00,2026-01-14 19:00:00,19,14,Wednesday,1,False,12.935697,77.686838,2026-01-14 19:00:00,0.24174219007598577,0.0,36.31141612410668,0.04363241818908449,0.6238513934839217
9,12.938038,77.687615,2026-01-15,02:00:00,2026-01-15 02:00:00,2,15,Thursday,1,False,12.937832,77.686441,2026-01-14 19:00:00,0.13268634222538467,0.018955191746483524,36.44410246633206,0.04363241818908449,0.6238513934839217
9,12.934838,77.687338,2026-01-15,02:00:00,2026-01-15 02:00:00,2,15,Thursday,1,False,12.938038,77.687615,2026-01-15 02:00:00,0.3575561142957868,0.0,36.80165858062785,0.04363241818908449,0.6238513934839217
9,12.937943,77.691388,2026-01-15,08:00:00,2026-01-15 08:00:00,8,15,Thursday,1,False,12.934838,77.687338,2026-01-15 02:00:00,0.5680977648246208,0.09468296080410347,37.36975634545247,0.04363241818908449,0.6238513934839217
9,12.936211,77.691629,2026-01-15,14:00:00,2026-01-15 14:00:00,14,15,Thursday,1,False,12.937943,77.691388,2026-01-15 08:00:00,0.19466379788165405,0.03244396631360901,37.564420143334125,0.04363241818908449,0.6238513934839217
9,12.939769,77.689257,2026-01-15,14:00:00,2026-01-15 14:00:00,14,15,Thursday,1,False,12.936211,77.691629,2026-01-15 14:00:00,0.47602478203030163,0.0,38.040444925364426,0.04363241818908449,0.6238513934839217
9,12.939213,77.689784,2026-01-15,20:00:00,2026-01-15 20:00:00,20,15,Thursday,1,False,12.939769,77.689257,2026-01-15 14:00:00,0.08527903991977612,0.014213173319962686,38.1257239652842,0.04363241818908449,0.6238513934839217
9,12.936346,77.687812,2026-01-15,20:00:00,2026-01-15 20:00:00,20,15,Thursday,1,False,12.939213,77.689784,2026-01-15 20:00:00,0.38736277784915873,0.0,38.513086743133364,0.04363241818908449,0.6238513934839217
9,12.938245,77.687378,2026-01-16,03:00:00,2026-01-16 03:00:00,3,16,Friday,1,False,12.936346,77.687812,2026-01-15 20:00:00,0.21684715974366506,0.030978165677666435,38.72993390287703,0.04363241818908449,0.6238513934839217
9,12.93498,77.68901,2026-01-16,03:00:00,2026-01-16 03:00:00,3,16,Friday,1,False,12.938245,77.687378,2026-01-16 03:00:00,0.40633552108535564,0.0,39.13626942396238,0.04363241818908449,0.6238513934839217
9,12.940549,77.690759,2026-01-16,09:00:00,2026-01-16 09:00:00,9,16,Friday,1,False,12.93498,77.68901,2026-01-16 03:00:00,0.6497957514986131,0.10829929191643552,39.786065175461,0.04363241818908449,0.6238513934839217
9,12.936426,77.690076,2026-01-16,15:00:00,2026-01-16 15:00:00,15,16,Friday,1,False,12.940549,77.690759,2026-01-16 09:00:00,0.46522728355064014,0.07753788059177336,40.25129245901164,0.04363241818908449,0.6238513934839217
9,12.938621,77.684624,2026-01-16,15:00:00,2026-01-16 15:00:00,15,16,Friday,1,False,12.936426,77.690076,2026-01-16 15:00:00,0.6542579459175838,0.0,40.90555040492922,0.04363241818908449,0.6238513934839217
9,12.937753,77.689236,2026-01-16,21:00:00,2026-01-16 21:00:00,21,16,Friday,1,False,12.938621,77.684624,2026-01-16 15:00:00,0.5224214272676695,0.08707023787794492,41.42797183219689,0.04363241818908449,0.6238513934839217
9,12.93583,77.692756,2026-01-16,21:00:00,2026-01-16 21:00:00,21,16,Friday,1,False,12.937753,77.689236,2026-01-16 21:00:00,0.44650740637406094,0.0,41.87447923857095,0.04363241818908449,0.6238513934839217
9,12.936548,77.689369,2026-01-17,04:00:00,2026-01-17 04:00:00,4,17,Saturday,1,True,12.93583,77.692756,2026-01-16 21:00:00,0.38541956598859844,0.05505993799837121,42.25989880455955,0.04363241818908449,0.6238513934839217
9,12.93942,77.688954,2026-01-17,04:00:00,2026-01-17 04:00:00,4,17,Saturday,1,True,12.936548,77.689369,2026-01-17 04:00:00,0.3230315554597723,0.0,42.582930360019326,0.04363241818908449,0.6238513934839217
9,12.938695,77.692136,2026-01-17,10:00:00,2026-01-17 10:00:00,10,17,Saturday,1,True,12.93942,77.688954,2026-01-17 04:00:00,0.36329822222993263,0.06054970370498877,42.946228582249255,0.04363241818908449,0.6238513934839217
9,12.935691,77.684868,2026-01-17,16:00:00,2026-01-17 16:00:00,16,17,Saturday,1,True,12.938695,77.692136,2026-01-17 10:00:00,0.8754583030700109,0.14590971717833515,43.82168688531927,0.04363241818908449,0.6238513934839217
9,12.940777,77.687629,2026-01-17,16:00:00,2026-01-17 16:00:00,16,17,Saturday,1,True,12.935691,77.684868,2026-01-17 16:00:00,0.6442198814955371,0.0,44.465906766814804,0.04363241818908449,0.6238513934839217
9,12.935487,77.689421,2026-01-17,22:00:00,2026-01-17 22:00:00,22,17,Saturday,1,True,12.940777,77.687629,2026-01-17 16:00:00,0.6217534824250348,0.10362558040417247,45.08766024923984,0.04363241818908449,0.6238513934839217
9,12.940209,77.685231,2026-01-17,22:00:00,2026-01-17 22:00:00,22,17,Saturday,1,True,12.935487,77.689421,2026-01-17 22:00:00,0.7027580021950535,0.0,45.79041825143489,0.04363241818908449,0.6238513934839217
9,12.9401,77.691623,2026-01-18,05:00:00,2026-01-18 05:00:00,5,18,Sunday,1,True,12.940209,77.685231,2026-01-17 22:00:00,0.7116608893736154,0.10166584133908792,46.502079140808505,0.04363241818908449,0.6238513934839217
9,12.940353,77.693683,2026-01-18,05:00:00,2026-01-18 05:00:00,5,18,Sunday,1,True,12.9401,77.691623,2026-01-18 05:00:00,0.23104221287636903,0.0,46.73312135368488,0.04363241818908449,0.6238513934839217
9,12.934925,77.690098,2026-01-18,11:00:00,2026-01-18 11:00:00,11,18,Sunday,1,True,12.940353,77.693683,2026-01-18 05:00:00,0.7241398856858399,0.12068998094763998,47.457261239370716,0.04363241818908449,0.6238513934839217
9,12.939168,77.68805,2026-01-18,17:00:00,2026-01-18 17:00:00,17,18,Sunday,1,True,12.934925,77.690098,2026-01-18 11:00:00,0.5244737927477796,0.0874122987912966,47.98173503211849,0.04363241818908449,0.6238513934839217
9,12.938949,77.690921,2026-01-18,17:00:00,2026-01-18 17:00:00,17,18,Sunday,1,True,12.939168,77.68805,2026-01-18 17:00:00,0.32052818997033267,0.0,48.302263222088826,0.04363241818908449,0.6238513934839217
9,12.939534,77.687444,2026-01-18,23:00:00,2026-01-18 23:00:00,23,18,Sunday,1,True,12.938949,77.690921,2026-01-18 17:00:00,0.3924997654140758,0.06541662756901263,48.694762987502905,0.04363241818908449,0.6238513934839217
9,12.93905,77.690237,2026-01-18,23:00:00,2026-01-18 23:00:00,23,18,Sunday,1,True,12.939534,77.687444,2026-01-18 23:00:00,0.3155505749618304,0.0,49.01031356246473,0.04363241818908449,0.6238513934839217
9,12.940122,77.687537,2026-01-19,00:00:00,2026-01-19 00:00:00,0,19,Monday,1,False,12.93905,77.690237,2026-01-18 23:00:00,0.32338764643560436,0.32338764643560436,49.33370120890034,0.04363241818908449,0.6238513934839217
9,12.939342,77.69398,2026-01-19,00:00:00,2026-01-19 00:00:00,0,19,Monday,1,False,12.940122,77.687537,2026-01-19 00:00:00,0.7224715083564657,0.0,50.05617271725681,0.04363241818908449,0.6238513934839217
9,12.942155,77.68614,2026-01-19,06:00:00,2026-01-19 06:00:00,6,19,Monday,1,False,12.939342,77.69398,2026-01-19 00:00:00,0.9272265670031905,0.15453776116719842,50.983399284259995,0.04363241818908449,0.6238513934839217
9,12.936741,77.687093,2026-01-19,06:00:00,2026-01-19 06:00:00,6,19,Monday,1,False,12.942155,77.68614,2026-01-19 06:00:00,0.6119523252933894,0.0,51.59535160955338,0.04363241818908449,0.6238513934839217
9,12.938554,77.685475,2026-01-19,12:00:00,2026-01-19 12:00:00,12,19,Monday,1,False,12.936741,77.687093,2026-01-19 06:00:00,0.27050743966309615,0.04508457327718269,51.86585904921648,0.04363241818908449,0.6238513934839217
9,12.941364,77.690482,2026-01-19,18:00:00,2026-01-19 18:00:00,18,19,Monday,1,False,12.938554,77.685475,2026-01-19 12:00:00,0.6391566418245226,0.10652610697075376,52.505015691041,0.04363241818908449,0.6238513934839217
9,12.941369,77.687853,2026-01-19,18:00:00,2026-01-19 18:00:00,18,19,Monday,1,False,12.941364,77.690482,2026-01-19 18:00:00,0.29266080928809984,0.0,52.7976765003291,0.04363241818908449,0.6238513934839217
9,12.940651,77.688569,2026-01-20,01:00:00,2026-01-20 01:00:00,1,20,Tuesday,1,False,12.941369,77.687853,2026-01-19 18:00:00,0.11287760173198146,0.01612537167599735,52.910554102061084,0.04363241818908449,0.6238513934839217
9,12.938203,77.692002,2026-01-20,01:00:00,2026-01-20 01:00:00,1,20,Tuesday,1,False,12.940651,77.688569,2026-01-20 01:00:00,0.46937181346012563,0.0,53.37992591552121,0.04363241818908449,0.6238513934839217
9,12.938878,77.69286,2026-01-20,07:00:00,2026-01-20 07:00:00,7,20,Tuesday,1,False,12.938203,77.692002,2026-01-20 01:00:00,0.12152702990956453,0.02025450498492742,53.50145294543078,0.04363241818908449,0.6238513934839217
9,12.941681,77.68782,2026-01-20,07:00:00,2026-01-20 07:00:00,7,20,Tuesday,1,False,12.938878,77.69286,2026-01-20 07:00:00,0.6419835981741995,0.0,54.14343654360498,0.04363241818908449,0.6238513934839217
9,12.937591,77.689677,2026-01-20,13:00:00,2026-01-20 13:00:00,13,20,Tuesday,1,False,12.941681,77.68782,2026-01-20 07:00:00,0.5000306674082887,0.08333844456804812,54.64346721101326,0.04363241818908449,0.6238513934839217
9,12.941923,77.689222,2026-01-20,19:00:00,2026-01-20 19:00:00,19,20,Tuesday,1,False,12.937591,77.689677,2026-01-20 13:00:00,0.48489091907217663,0.0808151531786961,55.12835813008544,0.04363241818908449,0.6238513934839217
9,12.940387,77.688757,2026-01-20,19:00:00,2026-01-20 19:00:00,19,20,Tuesday,1,False,12.941923,77.689222,2026-01-20 19:00:00,0.17865112086478638,0.0,55.30700925095022,0.04363241818908449,0.6238513934839217
9,12.938572,77.690313,2026-01-21,02:00:00,2026-01-21 02:00:00,2,21,Wednesday,1,False,12.940387,77.688757,2026-01-20 19:00:00,0.26613073362476575,0.038018676232109395,55.57313998457499,0.04363241818908449,0.6238513934839217
9,12.936632,77.693368,2026-01-21,02:00:00,2026-01-21 02:00:00,2,21,Wednesday,1,False,12.938572,77.690313,2026-01-21 02:00:00,0.4028588362686244,0.0,55.975998820843614,0.04363241818908449,0.6238513934839217
9,12.935757,77.688473,2026-01-21,08:00:00,2026-01-21 08:00:00,8,21,Wednesday,1,False,12.936632,77.693368,2026-01-21 02:00:00,0.5535487041584616,0.0922581173597436,56.52954752500208,0.04363241818908449,0.6238513934839217
9,12.937315,77.688608,2026-01-21,14:00:00,2026-01-21 14:00:00,14,21,Wednesday,1,False,12.935757,77.688473,2026-01-21 08:00:00,0.1740864358295804,0.02901440597159673,56.70363396083166,0.04363241818908449,0.6238513934839217
9,12.936504,77.689277,2026-01-21,20:00:00,2026-01-21 20:00:00,20,21,Wednesday,1,False,12.937315,77.688608,2026-01-21 14:00:00,0.11703337958121916,0.019505563263536526,56.820667340412875,0.04363241818908449,0.6238513934839217
9,12.936666,77.688593,2026-01-21,20:00:00,2026-01-21 20:00:00,20,21,Wednesday,1,False,12.936504,77.689277,2026-01-21 20:00:00,0.07824932945374319,0.0,56.89891666986662,0.04363241818908449,0.6238513934839217
9,12.940076,77.688,2026-01-22,03:00:00,2026-01-22 03:00:00,3,22,Thursday,1,False,12.936666,77.688593,2026-01-21 20:00:00,0.38529826825990576,0.05504260975141511,57.284214938126524,0.04363241818908449,0.6238513934839217
9,12.931149,77.689493,2026-01-22,03:00:00,2026-01-22 03:00:00,3,22,Thursday,1,False,12.940076,77.688,2026-01-22 03:00:00,1.0075559486389198,0.0,58.29177088676545,0.04363241818908449,0.6238513934839217
9,12.936044,77.690323,2026-01-22,09:00:00,2026-01-22 09:00:00,9,22,Thursday,1,False,12.931149,77.689493,2026-01-22 03:00:00,0.5526892261928249,0.09211487103213749,58.844460112958274,0.04363241818908449,0.6238513934839217
9,12.937617,77.688514,2026-01-22,15:00:00,2026-01-22 15:00:00,15,22,Thursday,1,False,12.936044,77.690323,2026-01-22 09:00:00,0.26686192659515867,0.04447698776585978,59.11132203955343,0.04363241818908449,0.6238513934839217
9,12.941591,77.687463,2026-01-22,21:00:00,2026-01-22 21:00:00,21,22,Thursday,1,False,12.937617,77.688514,2026-01-22 15:00:00,0.45759530456121394,0.07626588409353566,59.568917344114645,0.04363241818908449,0.6238513934839217
9,12.939328,77.687725,2026-01-22,21:00:00,2026-01-22 21:00:00,21,22,Thursday,1,False,12.941591,77.687463,2026-01-22 21:00:00,0.2535998851053955,0.0,59.82251722922004,0.04363241818908449,0.6238513934839217
9,12.939114,77.688414,2026-01-23,04:00:00,2026-01-23 04:00:00,4,23,Friday,1,False,12.939328,77.687725,2026-01-22 21:00:00,0.08031388911962656,0.011473412731375223,59.90283111833966,0.04363241818908449,0.6238513934839217
9,12.94154,77.690443,2026-01-23,04:00:00,2026-01-23 04:00:00,4,23,Friday,1,False,12.939114,77.688414,2026-01-23 04:00:00,0.3520655288356149,0.0,60.25489664717528,0.04363241818908449,0.6238513934839217
9,12.939366,77.689717,2026-01-23,10:00:00,2026-01-23 10:00:00,10,23,Friday,1,False,12.94154,77.690443,2026-01-23 04:00:00,0.2551475770242299,0.04252459617070498,60.51004422419951,0.04363241818908449,0.6238513934839217
9,12.938768,77.689042,2026-01-23,16:00:00,2026-01-23 16:00:00,16,23,Friday,1,False,12.939366,77.689717,2026-01-23 10:00:00,0.10038749708917598,0.016731249514862663,60.610431721288684,0.04363241818908449,0.6238513934839217
9,12.939877,77.685039,2026-01-23,22:00:00,2026-01-23 22:00:00,22,23,Friday,1,False,12.938768,77.689042,2026-01-23 16:00:00,0.4623988125348702,0.0770664687558117,61.072830533823556,0.04363241818908449,0.6238513934839217
9,12.940673,77.689552,2026-01-23,22:00:00,2026-01-23 22:00:00,22,23,Friday,1,False,12.939877,77.685039,2026-01-23 22:00:00,0.5101418608898195,0.0,61.58297239471337,0.04363241818908449,0.6238513934839217
9,12.937839,77.689011,2026-01-24,05:00:00,2026-01-24 05:00:00,5,24,Saturday,1,True,12.940673,77.689552,2026-01-23 22:00:00,0.32117772381582976,0.045882531973689966,61.9041501185292,0.04363241818908449,0.6238513934839217
9,12.935396,77.685881,2026-01-24,05:00:00,2026-01-24 05:00:00,5,24,Saturday,1,True,12.937839,77.689011,2026-01-24 05:00:00,0.4419999676075686,0.0,62.346150086136774,0.04363241818908449,0.6238513934839217
9,12.936367,77.691348,2026-01-24,11:00:00,2026-01-24 11:00:00,11,24,Saturday,1,True,12.935396,77.685881,2026-01-24 05:00:00,0.61811105384534,0.10301850897422334,62.96426113998211,0.04363241818908449,0.6238513934839217
9,12.935511,77.688974,2026-01-24,17:00:00,2026-01-24 17:00:00,17,24,Saturday,1,True,12.936367,77.691348,2026-01-24 11:00:00,0.28092836594860077,0.04682139432476679,63.24518950593072,0.04363241818908449,0.6238513934839217
9,12.933448,77.688689,2026-01-24,23:00:00,2026-01-24 23:00:00,23,24,Saturday,1,True,12.935511,77.688974,2026-01-24 17:00:00,0.231834263353041,0.0386390438921735,63.477023769283754,0.04363241818908449,0.6238513934839217
9,12.93306,77.688945,2026-01-24,23:00:00,2026-01-24 23:00:00,23,24,Saturday,1,True,12.933448,77.688689,2026-01-24 23:00:00,0.0517464407456955,0.0,63.52877021002945,0.04363241818908449,0.6238513934839217
9,12.9362,77.684577,2026-01-25,00:00:00,2026-01-25 00:00:00,0,25,Sunday,1,True,12.93306,77.688945,2026-01-24 23:00:00,0.5988459788000356,0.5988459788000356,64.12761618882949,0.04363241818908449,0.6238513934839217
9,12.934603,77.689927,2026-01-25,00:00:00,2026-01-25 00:00:00,0,25,Sunday,1,True,12.9362,77.684577,2026-01-25 00:00:00,0.6215296673122743,0.0,64.74914585614177,0.04363241818908449,0.6238513934839217
9,12.936268,77.689809,2026-01-25,06:00:00,2026-01-25 06:00:00,6,25,Sunday,1,True,12.934603,77.689927,2026-01-25 00:00:00,0.18581268836023243,0.030968781393372072,64.934958544502,0.04363241818908449,0.6238513934839217
9,12.936435,77.687195,2026-01-25,06:00:00,2026-01-25 06:00:00,6,25,Sunday,1,True,12.936268,77.689809,2026-01-25 06:00:00,0.29158371681155393,0.0,65.22654226131355,0.04363241818908449,0.6238513934839217
9,12.938387,77.685803,2026-01-25,12:00:00,2026-01-25 12:00:00,12,25,Sunday,1,True,12.936435,77.687195,2026-01-25 06:00:00,0.2668888119920794,0.04448146866534657,65.49343107330563,0.04363241818908449,0.6238513934839217
9,12.939675,77.687397,2026-01-25,18:00:00,2026-01-25 18:00:00,18,25,Sunday,1,True,12.938387,77.685803,2026-01-25 12:00:00,0.22813213672896873,0.038022022788161455,65.7215632100346,0.04363241818908449,0.6238513934839217
9,12.942041,77.691616,2026-01-26,01:00:00,2026-01-26 01:00:00,1,26,Monday,1,False,12.939675,77.687397,2026-01-25 18:00:00,0.5384703513904553,0.07692433591292218,66.26003356142505,0.04363241818908449,0.6238513934839217
9,12.938348,77.689471,2026-01-26,01:00:00,2026-01-26 01:00:00,1,26,Monday,1,False,12.942041,77.691616,2026-01-26 01:00:00,0.47541947865076534,0.0,66.73545304007581,0.04363241818908449,0.6238513934839217
9,12.940739,77.689064,2026-01-26,07:00:00,2026-01-26 07:00:00,7,26,Monday,1,False,12.938348,77.689471,2026-01-26 01:00:00,0.26999472111931255,0.04499912018655209,67.00544776119513,0.04363241818908449,0.6238513934839217
9,12.935582,77.691849,2026-01-26,07:00:00,2026-01-26 07:00:00,7,26,Monday,1,False,12.940739,77.689064,2026-01-26 07:00:00,0.6524422749735996,0.0,67.65789003616872,0.04363241818908449,0.6238513934839217
9,12.93651,77.691147,2026-01-26,13:00:00,2026-01-26 13:00:00,13,26,Monday,1,False,12.935582,77.691849,2026-01-26 07:00:00,0.12953305409802285,0.021588842349670474,67.78742309026676,0.04363241818908449,0.6238513934839217
9,12.935487,77.688078,2026-01-26,19:00:00,2026-01-26 19:00:00,19,26,Monday,1,False,12.93651,77.691147,2026-01-26 13:00:00,0.3601213183595561,0.06002021972659268,68.1475444086263,0.04363241818908449,0.6238513934839217
9,12.940801,77.689792,2026-01-27,02:00:00,2026-01-27 02:00:00,2,27,Tuesday,1,False,12.935487,77.688078,2026-01-26 19:00:00,0.6215643886050293,0.08879491265786132,68.76910879723134,0.04363241818908449,0.6238513934839217
9,12.943101,77.688857,2026-01-27,02:00:00,2026-01-27 02:00:00,2,27,Tuesday,1,False,12.940801,77.689792,2026-01-27 02:00:00,0.27638370788742245,0.0,69.04549250511876,0.04363241818908449,0.6238513934839217
9,12.940809,77.683176,2026-01-27,08:00:00,2026-01-27 08:00:00,8,27,Tuesday,1,False,12.943101,77.688857,2026-01-27 02:00:00,0.6819385878858718,0.11365643131431197,69.72743109300463,0.04363241818908449,0.6238513934839217
9,12.938605,77.686761,2026-01-27,08:00:00,2026-01-27 08:00:00,8,27,Tuesday,1,False,12.940809,77.683176,2026-01-27 08:00:00,0.46846864521907655,0.0,70.1958997382237,0.04363241818908449,0.6238513934839217
9,12.941475,77.68879,2026-01-27,14:00:00,2026-01-27 14:00:00,14,27,Tuesday,1,False,12.938605,77.686761,2026-01-27 08:00:00,0.3912663001644204,0.06521105002740339,70.58716603838813,0.04363241818908449,0.6238513934839217
9,12.939897,77.688307,2026-01-27,20:00:00,2026-01-27 20:00:00,20,27,Tuesday,1,False,12.941475,77.68879,2026-01-27 14:00:00,0.18370744683969403,0.030617907806615673,70.77087348522782,0.04363241818908449,0.6238513934839217
9,12.940586,77.688034,2026-01-28,03:00:00,2026-01-28 03:00:00,3,28,Wednesday,1,False,12.939897,77.688307,2026-01-27 20:00:00,0.08250081340897852,0.011785830486996931,70.8533742986368,0.04363241818908449,0.6238513934839217
9,12.939795,77.694726,2026-01-28,03:00:00,2026-01-28 03:00:00,3,28,Wednesday,1,False,12.940586,77.688034,2026-01-28 03:00:00,0.7501394242518985,0.0,71.60351372288869,0.04363241818908449,0.6238513934839217
9,12.942175,77.686302,2026-01-28,09:00:00,2026-01-28 09:00:00,9,28,Wednesday,1,False,12.939795,77.694726,2026-01-28 03:00:00,0.9744676848645906,0.16241128081076509,72.57798140775328,0.04363241818908449,0.6238513934839217
9,12.936623,77.686033,2026-01-28,09:00:00,2026-01-28 09:00:00,9,28,Wednesday,1,False,12.942175,77.686302,2026-01-28 09:00:00,0.6187736494244445,0.0,73.19675505717774,0.04363241818908449,0.6238513934839217
9,12.94052,77.690928,2026-01-28,15:00:00,2026-01-28 15:00:00,15,28,Wednesday,1,False,12.936623,77.686033,2026-01-28 09:00:00,0.6965077567059195,0.11608462611765324,73.89326281388365,0.04363241818908449,0.6238513934839217
9,12.940272,77.686267,2026-01-28,21:00:00,2026-01-28 21:00:00,21,28,Wednesday,1,False,12.94052,77.690928,2026-01-28 15:00:00,0.5195964597519539,0.08659940995865899,74.4128592736356,0.04363241818908449,0.6238513934839217
9,12.939811,77.689087,2026-01-29,04:00:00,2026-01-29 04:00:00,4,29,Thursday,1,False,12.940272,77.686267,2026-01-28 21:00:00,0.31808939579422235,0.04544134225631748,74.73094866942984,0.04363241818908449,0.6238513934839217
9,12.941477,77.689241,2026-01-29,04:00:00,2026-01-29 04:00:00,4,29,Thursday,1,False,12.939811,77.689087,2026-01-29 04:00:00,0.18624977111481283,0.0,74.91719844054464,0.04363241818908449,0.6238513934839217
9,12.940132,77.691687,2026-01-29,10:00:00,2026-01-29 10:00:00,10,29,Thursday,1,False,12.941477,77.689241,2026-01-29 04:00:00,0.3107391871727671,0.05178986452879452,75.22793762771741,0.04363241818908449,0.6238513934839217
9,12.940316,77.689575,2026-01-29,10:00:00,2026-01-29 10:00:00,10,29,Thursday,1,False,12.940132,77.691687,2026-01-29 10:00:00,0.2359983999996343,0.0,75.46393602771704,0.04363241818908449,0.6238513934839217
9,12.938545,77.688664,2026-01-29,16:00:00,2026-01-29 16:00:00,16,29,Thursday,1,False,12.940316,77.689575,2026-01-29 10:00:00,0.2217018780118588,0.036950313001976466,75.6856379057289,0.04363241818908449,0.6238513934839217
9,12.937285,77.690484,2026-01-29,22:00:00,2026-01-29 22:00:00,22,29,Thursday,1,False,12.938545,77.688664,2026-01-29 16:00:00,0.24641732439052405,0.04106955406508734,75.93205523011943,0.04363241818908449,0.6238513934839217
9,12.94233,77.690001,2026-01-30,05:00:00,2026-01-30 05:00:00,5,30,Friday,1,False,12.937285,77.690484,2026-01-29 22:00:00,0.5641773379681715,0.08059676256688164,76.49623256808759,0.04363241818908449,0.6238513934839217
9,12.940568,77.688494,2026-01-30,05:00:00,2026-01-30 05:00:00,5,30,Friday,1,False,12.94233,77.690001,2026-01-30 05:00:00,0.25810143965941634,0.0,76.75433400774702,0.04363241818908449,0.6238513934839217
9,12.936598,77.689776,2026-01-30,11:00:00,2026-01-30 11:00:00,11,30,Friday,1,False,12.940568,77.688494,2026-01-30 05:00:00,0.46441156380704,0.07740192730117333,77.21874557155405,0.04363241818908449,0.6238513934839217
9,12.937891,77.692602,2026-01-30,11:00:00,2026-01-30 11:00:00,11,30,Friday,1,False,12.936598,77.689776,2026-01-30 11:00:00,0.345954997531378,0.0,77.56470056908543,0.04363241818908449,0.6238513934839217
9,12.940463,77.690879,2026-01-30,17:00:00,2026-01-30 17:00:00,17,30,Friday,1,False,12.937891,77.692602,2026-01-30 11:00:00,0.3446232938225038,0.05743721563708396,77.90932386290794,0.04363241818908449,0.6238513934839217
9,12.940069,77.687872,2026-01-30,23:00:00,2026-01-30 23:00:00,23,30,Friday,1,False,12.940463,77.690879,2026-01-30 17:00:00,0.33760045232957625,0.056266742054929375,78.24692431523751,0.04363241818908449,0.6238513934839217
10,12.968897,77.592862,2026-01-01,00:00:00,2026-01-01 00:00:00,0,1,Thursday,1,False,,,,0.0,0.0,0.0,0.05016234913934696,0.5440781939971475
10,12.970834,77.595711,2026-01-01,00:00:00,2026-01-01 00:00:00,0,1,Thursday,1,False,12.968897,77.592862,2026-01-01 00:00:00,0.38350943658882203,0.0,0.38350943658882203,0.05016234913934696,0.5440781939971475
10,12.968983,77.597322,2026-01-01,06:00:00,2026-01-01 06:00:00,6,1,Thursday,1,False,12.970834,77.595711,2026-01-01 00:00:00,0.2731658069546582,0.045527634492443035,0.6566752435434802,0.05016234913934696,0.5440781939971475
10,12.969561,77.593202,2026-01-01,06:00:00,2026-01-01 06:00:00,6,1,Thursday,1,False,12.968983,77.597322,2026-01-01 06:00:00,0.46312978575791164,0.0,1.119805029301392,0.05016234913934696,0.5440781939971475
10,12.96949,77.59484,2026-01-01,12:00:00,2026-01-01 12:00:00,12,1,Thursday,1,False,12.969561,77.593202,2026-01-01 06:00:00,0.18251337513534838,0.030418895855891397,1.3023184044367402,0.05016234913934696,0.5440781939971475
10,12.971217,77.597016,2026-01-01,12:00:00,2026-01-01 12:00:00,12,1,Thursday,1,False,12.96949,77.59484,2026-01-01 12:00:00,0.3092513879228491,0.0,1.6115697923595893,0.05016234913934696,0.5440781939971475
10,12.971299,77.596281,2026-01-01,18:00:00,2026-01-01 18:00:00,18,1,Thursday,1,False,12.971217,77.597016,2026-01-01 12:00:00,0.08232781968076344,0.01372130328012724,1.6938976120403528,0.05016234913934696,0.5440781939971475
10,12.972373,77.594954,2026-01-02,01:00:00,2026-01-02 01:00:00,1,2,Friday,1,False,12.971299,77.596281,2026-01-01 18:00:00,0.19004136857895174,0.027148766939850247,1.8839389806193045,0.05016234913934696,0.5440781939971475
10,12.973463,77.594129,2026-01-02,01:00:00,2026-01-02 01:00:00,1,2,Friday,1,False,12.972373,77.594954,2026-01-02 01:00:00,0.1521759058018091,0.0,2.036114886421114,0.05016234913934696,0.5440781939971475
10,12.971791,77.591213,2026-01-02,07:00:00,2026-01-02 07:00:00,7,2,Friday,1,False,12.973463,77.594129,2026-01-02 01:00:00,0.37418492193874886,0.06236415365645814,2.4102998083598624,0.05016234913934696,0.5440781939971475
10,12.972846,77.595833,2026-01-02,07:00:00,2026-01-02 07:00:00,7,2,Friday,1,False,12.971791,77.591213,2026-01-02 07:00:00,0.5275373053516281,0.0,2.9378371137114905,0.05016234913934696,0.5440781939971475
10,12.971427,77.596991,2026-01-02,13:00:00,2026-01-02 13:00:00,13,2,Friday,1,False,12.972846,77.595833,2026-01-02 07:00:00,0.20388661428469992,0.03398110238078332,3.1417237279961907,0.05016234913934696,0.5440781939971475
10,12.972705,77.596547,2026-01-02,13:00:00,2026-01-02 13:00:00,13,2,Friday,1,False,12.971427,77.596991,2026-01-02 13:00:00,0.15060818467733333,0.0,3.2923319126735238,0.05016234913934696,0.5440781939971475
10,12.964768,77.595037,2026-01-02,19:00:00,2026-01-02 19:00:00,19,2,Friday,1,False,12.972705,77.596547,2026-01-02 13:00:00,0.8993944309145443,0.1498990718190907,4.191726343588068,0.05016234913934696,0.5440781939971475
10,12.97223,77.595688,2026-01-03,02:00:00,2026-01-03 02:00:00,2,3,Saturday,1,True,12.964768,77.595037,2026-01-02 19:00:00,0.8338250328616865,0.11911786183738379,5.025551376449755,0.05016234913934696,0.5440781939971475
10,12.971434,77.596289,2026-01-03,02:00:00,2026-01-03 02:00:00,2,3,Saturday,1,True,12.97223,77.595688,2026-01-03 02:00:00,0.11103113944284024,0.0,5.136582515892595,0.05016234913934696,0.5440781939971475
10,12.973094,77.593483,2026-01-03,08:00:00,2026-01-03 08:00:00,8,3,Saturday,1,True,12.971434,77.596289,2026-01-03 02:00:00,0.36293113136607574,0.060488521894345955,5.499513647258671,0.05016234913934696,0.5440781939971475
10,12.974201,77.590666,2026-01-03,08:00:00,2026-01-03 08:00:00,8,3,Saturday,1,True,12.973094,77.593483,2026-01-03 08:00:00,0.3369327057649899,0.0,5.8364463530236605,0.05016234913934696,0.5440781939971475
10,12.973781,77.597626,2026-01-03,14:00:00,2026-01-03 14:00:00,14,3,Saturday,1,True,12.974201,77.590666,2026-01-03 08:00:00,0.7761966111780731,0.1293661018630122,6.612642964201734,0.05016234913934696,0.5440781939971475
10,12.977194,77.597753,2026-01-03,14:00:00,2026-01-03 14:00:00,14,3,Saturday,1,True,12.973781,77.597626,2026-01-03 14:00:00,0.38019810450471647,0.0,6.992841068706451,0.05016234913934696,0.5440781939971475
10,12.970418,77.590316,2026-01-03,20:00:00,2026-01-03 20:00:00,20,3,Saturday,1,True,12.977194,77.597753,2026-01-03 14:00:00,1.1199873334172812,0.18666455556954686,8.112828402123732,0.05016234913934696,0.5440781939971475
10,12.973359,77.592763,2026-01-04,03:00:00,2026-01-04 03:00:00,3,4,Sunday,1,True,12.970418,77.590316,2026-01-03 20:00:00,0.42589597559768816,0.06084228222824117,8.538724377721419,0.05016234913934696,0.5440781939971475
10,12.975841,77.593968,2026-01-04,03:00:00,2026-01-04 03:00:00,3,4,Sunday,1,True,12.973359,77.592763,2026-01-04 03:00:00,0.30713728657799694,0.0,8.845861664299417,0.05016234913934696,0.5440781939971475
10,12.972318,77.596589,2026-01-04,09:00:00,2026-01-04 09:00:00,9,4,Sunday,1,True,12.975841,77.593968,2026-01-04 03:00:00,0.48880978332896785,0.08146829722149464,9.334671447628384,0.05016234913934696,0.5440781939971475
10,12.974989,77.596069,2026-01-04,09:00:00,2026-01-04 09:00:00,9,4,Sunday,1,True,12.972318,77.596589,2026-01-04 09:00:00,0.30291808412983084,0.0,9.637589531758215,0.05016234913934696,0.5440781939971475
10,12.975306,77.594882,2026-01-04,15:00:00,2026-01-04 15:00:00,15,4,Sunday,1,True,12.974989,77.596069,2026-01-04 09:00:00,0.13676775381228798,0.02279462563538133,9.774357285570503,0.05016234913934696,0.5440781939971475
10,12.97585,77.595303,2026-01-04,15:00:00,2026-01-04 15:00:00,15,4,Sunday,1,True,12.975306,77.594882,2026-01-04 15:00:00,0.07657464831411456,0.0,9.850931933884617,0.05016234913934696,0.5440781939971475
10,12.973434,77.593251,2026-01-04,21:00:00,2026-01-04 21:00:00,21,4,Sunday,1,True,12.97585,77.595303,2026-01-04 15:00:00,0.3528643829027648,0.05881073048379413,10.203796316787383,0.05016234913934696,0.5440781939971475
10,12.971515,77.596855,2026-01-05,04:00:00,2026-01-05 04:00:00,4,5,Monday,1,False,12.973434,77.593251,2026-01-04 21:00:00,0.4545262124332654,0.06493231606189506,10.658322529220648,0.05016234913934696,0.5440781939971475
10,12.972498,77.596277,2026-01-05,04:00:00,2026-01-05 04:00:00,4,5,Monday,1,False,12.971515,77.596855,2026-01-05 04:00:00,0.12694253577572756,0.0,10.785265064996375,0.05016234913934696,0.5440781939971475
10,12.976545,77.597087,2026-01-05,10:00:00,2026-01-05 10:00:00,10,5,Monday,1,False,12.972498,77.596277,2026-01-05 04:00:00,0.4594470402708228,0.0765745067118038,11.244712105267197,0.05016234913934696,0.5440781939971475
10,12.974098,77.597068,2026-01-05,10:00:00,2026-01-05 10:00:00,10,5,Monday,1,False,12.976545,77.597087,2026-01-05 10:00:00,0.2724082512616266,0.0,11.517120356528824,0.05016234913934696,0.5440781939971475
10,12.970006,77.592546,2026-01-05,16:00:00,2026-01-05 16:00:00,16,5,Monday,1,False,12.974098,77.597068,2026-01-05 10:00:00,0.6788963896583646,0.1131493982763941,12.196016746187189,0.05016234913934696,0.5440781939971475
10,12.973602,77.598159,2026-01-05,16:00:00,2026-01-05 16:00:00,16,5,Monday,1,False,12.970006,77.592546,2026-01-05 16:00:00,0.7420710518179557,0.0,12.938087798005146,0.05016234913934696,0.5440781939971475
10,12.972526,77.595083,2026-01-05,22:00:00,2026-01-05 22:00:00,22,5,Monday,1,False,12.973602,77.598159,2026-01-05 16:00:00,0.36276576548463524,0.060460960914105875,13.300853563489781,0.05016234913934696,0.5440781939971475
10,12.973887,77.593001,2026-01-06,05:00:00,2026-01-06 05:00:00,5,6,Tuesday,1,False,12.972526,77.595083,2026-01-05 22:00:00,0.2768948224060168,0.03955640320085955,13.577748385895797,0.05016234913934696,0.5440781939971475
10,12.978157,77.593944,2026-01-06,05:00:00,2026-01-06 05:00:00,5,6,Tuesday,1,False,12.973887,77.593001,2026-01-06 05:00:00,0.4867898862978141,0.0,14.06453827219361,0.05016234913934696,0.5440781939971475
10,12.970762,77.597253,2026-01-06,11:00:00,2026-01-06 11:00:00,11,6,Tuesday,1,False,12.978157,77.593944,2026-01-06 05:00:00,0.9018672501249761,0.1503112083541627,14.966405522318588,0.05016234913934696,0.5440781939971475
10,12.974997,77.594282,2026-01-06,11:00:00,2026-01-06 11:00:00,11,6,Tuesday,1,False,12.970762,77.597253,2026-01-06 11:00:00,0.5758813530487612,0.0,15.542286875367349,0.05016234913934696,0.5440781939971475
10,12.972483,77.597529,2026-01-06,17:00:00,2026-01-06 17:00:00,17,6,Tuesday,1,False,12.974997,77.594282,2026-01-06 11:00:00,0.4571337196919208,0.0761889532819868,15.99942059505927,0.05016234913934696,0.5440781939971475
10,12.972188,77.596134,2026-01-06,17:00:00,2026-01-06 17:00:00,17,6,Tuesday,1,False,12.972483,77.597529,2026-01-06 17:00:00,0.1587256913858494,0.0,16.15814628644512,0.05016234913934696,0.5440781939971475
10,12.974443,77.594943,2026-01-06,23:00:00,2026-01-06 23:00:00,23,6,Tuesday,1,False,12.972188,77.596134,2026-01-06 17:00:00,0.2838879575669186,0.047314659594486434,16.44203424401204,0.05016234913934696,0.5440781939971475
10,12.972739,77.594666,2026-01-07,00:00:00,2026-01-07 00:00:00,0,7,Wednesday,1,False,12.974443,77.594943,2026-01-06 23:00:00,0.19217923831963107,0.19217923831963107,16.634213482331667,0.05016234913934696,0.5440781939971475
10,12.973135,77.596211,2026-01-07,06:00:00,2026-01-07 06:00:00,6,7,Wednesday,1,False,12.972739,77.594666,2026-01-07 00:00:00,0.17754897891758387,0.02959149648626398,16.811762461249252,0.05016234913934696,0.5440781939971475
10,12.977553,77.59666,2026-01-07,06:00:00,2026-01-07 06:00:00,6,7,Wednesday,1,False,12.973135,77.596211,2026-01-07 06:00:00,0.4943450976538974,0.0,17.30610755890315,0.05016234913934696,0.5440781939971475
10,12.972199,77.592698,2026-01-07,12:00:00,2026-01-07 12:00:00,12,7,Wednesday,1,False,12.977553,77.59666,2026-01-07 06:00:00,0.7414510362641801,0.12357517271069668,18.04755859516733,0.05016234913934696,0.5440781939971475
10,12.972781,77.59582,2026-01-07,12:00:00,2026-01-07 12:00:00,12,7,Wednesday,1,False,12.972199,77.592698,2026-01-07 12:00:00,0.3535283447291605,0.0,18.40108693989649,0.05016234913934696,0.5440781939971475
10,12.971521,77.592929,2026-01-07,18:00:00,2026-01-07 18:00:00,18,7,Wednesday,1,False,12.972781,77.59582,2026-01-07 12:00:00,0.351063835774753,0.058510639295792165,18.752150775671243,0.05016234913934696,0.5440781939971475
10,12.969487,77.592247,2026-01-07,18:00:00,2026-01-07 18:00:00,18,7,Wednesday,1,False,12.971521,77.592929,2026-01-07 18:00:00,0.2388139634203724,0.0,18.990964739091616,0.05016234913934696,0.5440781939971475
10,12.973266,77.597649,2026-01-08,01:00:00,2026-01-08 01:00:00,1,8,Thursday,1,False,12.969487,77.592247,2026-01-07 18:00:00,0.7338888250223176,0.10484126071747393,19.724853564113932,0.05016234913934696,0.5440781939971475
10,12.971074,77.588762,2026-01-08,07:00:00,2026-01-08 07:00:00,7,8,Thursday,1,False,12.973266,77.597649,2026-01-08 01:00:00,1.0189498078539978,0.1698249679756663,20.743803371967932,0.05016234913934696,0.5440781939971475
10,12.974338,77.59124,2026-01-08,07:00:00,2026-01-08 07:00:00,7,8,Thursday,1,False,12.971074,77.588762,2026-01-08 07:00:00,0.45619718330014847,0.0,21.20000055526808,0.05016234913934696,0.5440781939971475
10,12.974827,77.595796,2026-01-08,13:00:00,2026-01-08 13:00:00,13,8,Thursday,1,False,12.974338,77.59124,2026-01-08 07:00:00,0.5100868618303156,0.08501447697171927,21.710087417098396,0.05016234913934696,0.5440781939971475
10,12.97416,77.597449,2026-01-08,13:00:00,2026-01-08 13:00:00,13,8,Thursday,1,False,12.974827,77.595796,2026-01-08 13:00:00,0.19842764238593288,0.0,21.908515059484326,0.05016234913934696,0.5440781939971475
10,12.974508,77.5943,2026-01-08,19:00:00,2026-01-08 19:00:00,19,8,Thursday,1,False,12.97416,77.597449,2026-01-08 13:00:00,0.3526807520573292,0.0587801253428882,22.261195811541658,0.05016234913934696,0.5440781939971475
10,12.973056,77.597539,2026-01-08,19:00:00,2026-01-08 19:00:00,19,8,Thursday,1,False,12.974508,77.5943,2026-01-08 19:00:00,0.3951377845228405,0.0,22.6563335960645,0.05016234913934696,0.5440781939971475
10,12.975727,77.59364,2026-01-09,02:00:00,2026-01-09 02:00:00,2,9,Friday,1,False,12.973056,77.597539,2026-01-08 19:00:00,0.5261144076849618,0.07515920109785168,23.18244800374946,0.05016234913934696,0.5440781939971475
10,12.972055,77.596877,2026-01-09,08:00:00,2026-01-09 08:00:00,8,9,Friday,1,False,12.975727,77.59364,2026-01-09 02:00:00,0.5449196778706434,0.09081994631177391,23.727367681620102,0.05016234913934696,0.5440781939971475
10,12.972493,77.594578,2026-01-09,08:00:00,2026-01-09 08:00:00,8,9,Friday,1,False,12.972055,77.596877,2026-01-09 08:00:00,0.260527925566805,0.0,23.987895607186907,0.05016234913934696,0.5440781939971475
10,12.971201,77.596802,2026-01-09,14:00:00,2026-01-09 14:00:00,14,9,Friday,1,False,12.972493,77.594578,2026-01-09 08:00:00,0.2863205799773031,0.04772009666288385,24.27421618716421,0.05016234913934696,0.5440781939971475
10,12.969011,77.595834,2026-01-09,14:00:00,2026-01-09 14:00:00,14,9,Friday,1,False,12.971201,77.596802,2026-01-09 14:00:00,0.26654397199129515,0.0,24.540760159155507,0.05016234913934696,0.5440781939971475
10,12.976106,77.594674,2026-01-09,20:00:00,2026-01-09 20:00:00,20,9,Friday,1,False,12.969011,77.595834,2026-01-09 14:00:00,0.8003019635678136,0.1333836605946356,25.34106212272332,0.05016234913934696,0.5440781939971475
10,12.971455,77.597225,2026-01-09,20:00:00,2026-01-09 20:00:00,20,9,Friday,1,False,12.976106,77.594674,2026-01-09 20:00:00,0.5905145863012524,0.0,25.931576709024572,0.05016234913934696,0.5440781939971475
10,12.974214,77.594318,2026-01-10,03:00:00,2026-01-10 03:00:00,3,10,Saturday,1,True,12.971455,77.597225,2026-01-09 20:00:00,0.4461520340559067,0.06373600486512952,26.37772874308048,0.05016234913934696,0.5440781939971475
10,12.971535,77.595413,2026-01-10,09:00:00,2026-01-10 09:00:00,9,10,Saturday,1,True,12.974214,77.594318,2026-01-10 03:00:00,0.32217604290763974,0.05369600715127329,26.699904785988117,0.05016234913934696,0.5440781939971475
10,12.976294,77.59462,2026-01-10,09:00:00,2026-01-10 09:00:00,9,10,Saturday,1,True,12.971535,77.595413,2026-01-10 09:00:00,0.5370763737072961,0.0,27.236981159695414,0.05016234913934696,0.5440781939971475
10,12.974015,77.599127,2026-01-10,15:00:00,2026-01-10 15:00:00,15,10,Saturday,1,True,12.976294,77.59462,2026-01-10 09:00:00,0.5622143835406184,0.09370239725676972,27.79919554323603,0.05016234913934696,0.5440781939971475
10,12.9776,77.597203,2026-01-10,15:00:00,2026-01-10 15:00:00,15,10,Saturday,1,True,12.974015,77.599127,2026-01-10 15:00:00,0.4529233242856397,0.0,28.252118867521673,0.05016234913934696,0.5440781939971475
10,12.973918,77.59568,2026-01-10,21:00:00,2026-01-10 21:00:00,21,10,Saturday,1,True,12.9776,77.597203,2026-01-10 15:00:00,0.4435603057208716,0.07392671762014526,28.695679173242546,0.05016234913934696,0.5440781939971475
10,12.975329,77.592762,2026-01-10,21:00:00,2026-01-10 21:00:00,21,10,Saturday,1,True,12.973918,77.59568,2026-01-10 21:00:00,0.36081497868640827,0.0,29.056494151928952,0.05016234913934696,0.5440781939971475
10,12.969286,77.599281,2026-01-11,04:00:00,2026-01-11 04:00:00,4,11,Sunday,1,True,12.975329,77.592762,2026-01-10 21:00:00,0.9895290466114489,0.14136129237306413,30.0460231985404,0.05016234913934696,0.5440781939971475
10,12.969122,77.594165,2026-01-11,10:00:00,2026-01-11 10:00:00,10,11,Sunday,1,True,12.969286,77.599281,2026-01-11 04:00:00,0.5698056624097834,0.09496761040163056,30.615828860950185,0.05016234913934696,0.5440781939971475
10,12.972867,77.595847,2026-01-11,10:00:00,2026-01-11 10:00:00,10,11,Sunday,1,True,12.969122,77.594165,2026-01-11 10:00:00,0.4570109565852318,0.0,31.072839817535417,0.05016234913934696,0.5440781939971475
10,12.96872,77.594397,2026-01-11,16:00:00,2026-01-11 16:00:00,16,11,Sunday,1,True,12.972867,77.595847,2026-01-11 10:00:00,0.48904979200881876,0.08150829866813646,31.561889609544235,0.05016234913934696,0.5440781939971475
10,12.972104,77.597922,2026-01-11,16:00:00,2026-01-11 16:00:00,16,11,Sunday,1,True,12.96872,77.594397,2026-01-11 16:00:00,0.5439560532322867,0.0,32.105845662776524,0.05016234913934696,0.5440781939971475
10,12.971254,77.593164,2026-01-11,22:00:00,2026-01-11 22:00:00,22,11,Sunday,1,True,12.972104,77.597922,2026-01-11 16:00:00,0.538046124140825,0.08967435402347083,32.643891786917344,0.05016234913934696,0.5440781939971475
10,12.971517,77.597341,2026-01-11,22:00:00,2026-01-11 22:00:00,22,11,Sunday,1,True,12.971254,77.593164,2026-01-11 22:00:00,0.4659044296475046,0.0,33.10979621656485,0.05016234913934696,0.5440781939971475
10,12.970393,77.596431,2026-01-12,05:00:00,2026-01-12 05:00:00,5,12,Monday,1,False,12.971517,77.597341,2026-01-11 22:00:00,0.1609902742972657,0.0229986106138951,33.270786490862115,0.05016234913934696,0.5440781939971475
10,12.976061,77.596505,2026-01-12,11:00:00,2026-01-12 11:00:00,11,12,Monday,1,False,12.970393,77.596431,2026-01-12 05:00:00,0.6310155322605594,0.1051692553767599,33.90180202312268,0.05016234913934696,0.5440781939971475
10,12.97095,77.596451,2026-01-12,11:00:00,2026-01-12 11:00:00,11,12,Monday,1,False,12.976061,77.596505,2026-01-12 11:00:00,0.5689882750441033,0.0,34.47079029816678,0.05016234913934696,0.5440781939971475
10,12.97423,77.596125,2026-01-12,17:00:00,2026-01-12 17:00:00,17,12,Monday,1,False,12.97095,77.596451,2026-01-12 11:00:00,0.3669286199274809,0.06115476998791348,34.83771891809426,0.05016234913934696,0.5440781939971475
10,12.969638,77.594719,2026-01-12,17:00:00,2026-01-12 17:00:00,17,12,Monday,1,False,12.97423,77.596125,2026-01-12 17:00:00,0.5346061146433783,0.0,35.37232503273764,0.05016234913934696,0.5440781939971475
10,12.969989,77.59585,2026-01-12,23:00:00,2026-01-12 23:00:00,23,12,Monday,1,False,12.969638,77.594719,2026-01-12 17:00:00,0.13182666498237505,0.02197111083039584,35.50415169772001,0.05016234913934696,0.5440781939971475
10,12.975568,77.59616,2026-01-12,23:00:00,2026-01-12 23:00:00,23,12,Monday,1,False,12.969989,77.59585,2026-01-12 23:00:00,0.622012301800433,0.0,36.12616399952045,0.05016234913934696,0.5440781939971475
10,12.971623,77.594823,2026-01-13,00:00:00,2026-01-13 00:00:00,0,13,Tuesday,1,False,12.975568,77.59616,2026-01-12 23:00:00,0.46369282027274616,0.46369282027274616,36.58985681979319,0.05016234913934696,0.5440781939971475
10,12.973954,77.591301,2026-01-13,00:00:00,2026-01-13 00:00:00,0,13,Tuesday,1,False,12.971623,77.594823,2026-01-13 00:00:00,0.470161242318031,0.0,37.060018062111226,0.05016234913934696,0.5440781939971475
10,12.972367,77.597433,2026-01-13,06:00:00,2026-01-13 06:00:00,6,13,Tuesday,1,False,12.973954,77.591301,2026-01-13 00:00:00,0.7051047201246696,0.11751745335411161,37.76512278223589,0.05016234913934696,0.5440781939971475
10,12.97586,77.590455,2026-01-13,12:00:00,2026-01-13 12:00:00,12,13,Tuesday,1,False,12.972367,77.597433,2026-01-13 06:00:00,0.8686779220017836,0.14477965366696394,38.63380070423768,0.05016234913934696,0.5440781939971475
10,12.973317,77.59415,2026-01-13,12:00:00,2026-01-13 12:00:00,12,13,Tuesday,1,False,12.97586,77.590455,2026-01-13 12:00:00,0.4993278919482822,0.0,39.13312859618596,0.05016234913934696,0.5440781939971475
10,12.971628,77.59553,2026-01-13,18:00:00,2026-01-13 18:00:00,18,13,Tuesday,1,False,12.973317,77.59415,2026-01-13 12:00:00,0.2427981071711647,0.040466351195194115,39.37592670335712,0.05016234913934696,0.5440781939971475
10,12.973424,77.597383,2026-01-13,18:00:00,2026-01-13 18:00:00,18,13,Tuesday,1,False,12.971628,77.59553,2026-01-13 18:00:00,0.2872665390772976,0.0,39.663193242434424,0.05016234913934696,0.5440781939971475
10,12.96973,77.595103,2026-01-14,01:00:00,2026-01-14 01:00:00,1,14,Wednesday,1,False,12.973424,77.597383,2026-01-13 18:00:00,0.4832369786167175,0.0690338540881025,40.14643022105114,0.05016234913934696,0.5440781939971475
10,12.97242,77.594186,2026-01-14,01:00:00,2026-01-14 01:00:00,1,14,Wednesday,1,False,12.96973,77.595103,2026-01-14 01:00:00,0.31637192961958727,0.0,40.462802150670726,0.05016234913934696,0.5440781939971475
10,12.967761,77.597073,2026-01-14,07:00:00,2026-01-14 07:00:00,7,14,Wednesday,1,False,12.97242,77.594186,2026-01-14 01:00:00,0.6101417617616642,0.10169029362694404,41.07294391243239,0.05016234913934696,0.5440781939971475
10,12.972514,77.597459,2026-01-14,13:00:00,2026-01-14 13:00:00,13,14,Wednesday,1,False,12.967761,77.597073,2026-01-14 07:00:00,0.5308459099747069,0.08847431832911783,41.6037898224071,0.05016234913934696,0.5440781939971475
10,12.972758,77.598535,2026-01-14,13:00:00,2026-01-14 13:00:00,13,14,Wednesday,1,False,12.972514,77.597459,2026-01-14 13:00:00,0.12282142992640926,0.0,41.726611252333505,0.05016234913934696,0.5440781939971475
10,12.96722,77.59532,2026-01-14,19:00:00,2026-01-14 19:00:00,19,14,Wednesday,1,False,12.972758,77.598535,2026-01-14 13:00:00,0.7128450669361747,0.11880751115602911,42.43945631926968,0.05016234913934696,0.5440781939971475
10,12.972163,77.594344,2026-01-14,19:00:00,2026-01-14 19:00:00,19,14,Wednesday,1,False,12.96722,77.59532,2026-01-14 19:00:00,0.560878559352594,0.0,43.000334878622276,0.05016234913934696,0.5440781939971475
10,12.973637,77.596752,2026-01-15,02:00:00,2026-01-15 02:00:00,2,15,Thursday,1,False,12.972163,77.594344,2026-01-14 19:00:00,0.3142920647576772,0.044898866393953886,43.314626943379956,0.05016234913934696,0.5440781939971475
10,12.973271,77.597333,2026-01-15,02:00:00,2026-01-15 02:00:00,2,15,Thursday,1,False,12.973637,77.596752,2026-01-15 02:00:00,0.07644021067590419,0.0,43.39106715405586,0.05016234913934696,0.5440781939971475
10,12.973927,77.590531,2026-01-15,08:00:00,2026-01-15 08:00:00,8,15,Thursday,1,False,12.973271,77.597333,2026-01-15 02:00:00,0.7607118806821368,0.1267853134470228,44.15177903473799,0.05016234913934696,0.5440781939971475
10,12.973567,77.594759,2026-01-15,14:00:00,2026-01-15 14:00:00,14,15,Thursday,1,False,12.973927,77.590531,2026-01-15 08:00:00,0.4723640131539694,0.07872733552566157,44.62414304789196,0.05016234913934696,0.5440781939971475
10,12.974868,77.598663,2026-01-15,14:00:00,2026-01-15 14:00:00,14,15,Thursday,1,False,12.973567,77.594759,2026-01-15 14:00:00,0.45808980739603933,0.0,45.082232855288005,0.05016234913934696,0.5440781939971475
10,12.971895,77.591463,2026-01-15,20:00:00,2026-01-15 20:00:00,20,15,Thursday,1,False,12.974868,77.598663,2026-01-15 14:00:00,0.8671444230453244,0.14452407050755406,45.94937727833333,0.05016234913934696,0.5440781939971475
10,12.97208,77.595361,2026-01-15,20:00:00,2026-01-15 20:00:00,20,15,Thursday,1,False,12.971895,77.591463,2026-01-15 20:00:00,0.43441378790737817,0.0,46.383791066240704,0.05016234913934696,0.5440781939971475
10,12.976902,77.594795,2026-01-16,03:00:00,2026-01-16 03:00:00,3,16,Friday,1,False,12.97208,77.595361,2026-01-15 20:00:00,0.540470236311378,0.0772100337587683,46.92426130255208,0.05016234913934696,0.5440781939971475
10,12.970911,77.59767,2026-01-16,03:00:00,2026-01-16 03:00:00,3,16,Friday,1,False,12.976902,77.594795,2026-01-16 03:00:00,0.7397354802960198,0.0,47.6639967828481,0.05016234913934696,0.5440781939971475
10,12.973662,77.59589,2026-01-16,09:00:00,2026-01-16 09:00:00,9,16,Friday,1,False,12.970911,77.59767,2026-01-16 03:00:00,0.3647560966664535,0.060792682777742246,48.028752879514556,0.05016234913934696,0.5440781939971475
10,12.971354,77.597595,2026-01-16,15:00:00,2026-01-16 15:00:00,15,16,Friday,1,False,12.973662,77.59589,2026-01-16 09:00:00,0.3194300001468302,0.053238333357805034,48.34818287966139,0.05016234913934696,0.5440781939971475
10,12.973313,77.594005,2026-01-16,15:00:00,2026-01-16 15:00:00,15,16,Friday,1,False,12.971354,77.597595,2026-01-16 15:00:00,0.4552672400946719,0.0,48.80345011975606,0.05016234913934696,0.5440781939971475
10,12.97428,77.59445,2026-01-16,21:00:00,2026-01-16 21:00:00,21,16,Friday,1,False,12.973313,77.594005,2026-01-16 15:00:00,0.11849772168041582,0.019749620280069304,48.92194784143648,0.05016234913934696,0.5440781939971475
10,12.971152,77.596339,2026-01-16,21:00:00,2026-01-16 21:00:00,21,16,Friday,1,False,12.97428,77.59445,2026-01-16 21:00:00,0.40677834478432107,0.0,49.3287261862208,0.05016234913934696,0.5440781939971475
10,12.973312,77.593534,2026-01-17,04:00:00,2026-01-17 04:00:00,4,17,Saturday,1,True,12.971152,77.596339,2026-01-16 21:00:00,0.3941046381201995,0.056300662588599934,49.722830824340996,0.05016234913934696,0.5440781939971475
10,12.971361,77.590596,2026-01-17,04:00:00,2026-01-17 04:00:00,4,17,Saturday,1,True,12.973312,77.593534,2026-01-17 04:00:00,0.3926022201237707,0.0,50.115433044464766,0.05016234913934696,0.5440781939971475
10,12.971009,77.593766,2026-01-17,10:00:00,2026-01-17 10:00:00,10,17,Saturday,1,True,12.971361,77.590596,2026-01-17 04:00:00,0.35505328582491297,0.0591755476374855,50.47048633028968,0.05016234913934696,0.5440781939971475
10,12.972371,77.598383,2026-01-17,16:00:00,2026-01-17 16:00:00,16,17,Saturday,1,True,12.971009,77.593766,2026-01-17 10:00:00,0.5358613766547677,0.0893102294424613,51.006347706944446,0.05016234913934696,0.5440781939971475
10,12.971742,77.594094,2026-01-17,16:00:00,2026-01-17 16:00:00,16,17,Saturday,1,True,12.972371,77.598383,2026-01-17 16:00:00,0.4825585512302805,0.0,51.48890625817473,0.05016234913934696,0.5440781939971475
10,12.97587,77.596396,2026-01-17,22:00:00,2026-01-17 22:00:00,22,17,Saturday,1,True,12.971742,77.594094,2026-01-17 16:00:00,0.5261514569525712,0.0876919094920952,52.0150577151273,0.05016234913934696,0.5440781939971475
10,12.974902,77.598141,2026-01-17,22:00:00,2026-01-17 22:00:00,22,17,Saturday,1,True,12.97587,77.596396,2026-01-17 22:00:00,0.22213986191534893,0.0,52.23719757704265,0.05016234913934696,0.5440781939971475
10,12.970635,77.596403,2026-01-18,05:00:00,2026-01-18 05:00:00,5,18,Sunday,1,True,12.974902,77.598141,2026-01-17 22:00:00,0.5128933306193822,0.0732704758027689,52.75009090766203,0.05016234913934696,0.5440781939971475
10,12.975527,77.59795,2026-01-18,05:00:00,2026-01-18 05:00:00,5,18,Sunday,1,True,12.970635,77.596403,2026-01-18 05:00:00,0.5711580997219478,0.0,53.321249007383976,0.05016234913934696,0.5440781939971475
10,12.973248,77.593378,2026-01-18,11:00:00,2026-01-18 11:00:00,11,18,Sunday,1,True,12.975527,77.59795,2026-01-18 05:00:00,0.5686809738472813,0.09478016230788022,53.88992998123126,0.05016234913934696,0.5440781939971475
10,12.973927,77.597626,2026-01-18,17:00:00,2026-01-18 17:00:00,17,18,Sunday,1,True,12.973248,77.593378,2026-01-18 11:00:00,0.4788901136716332,0.0798150189452722,54.368820094902894,0.05016234913934696,0.5440781939971475
10,12.978926,77.592842,2026-01-18,17:00:00,2026-01-18 17:00:00,17,18,Sunday,1,True,12.973927,77.597626,2026-01-18 17:00:00,0.7702560296291224,0.0,55.13907612453202,0.05016234913934696,0.5440781939971475
10,12.97381,77.595675,2026-01-18,23:00:00,2026-01-18 23:00:00,23,18,Sunday,1,True,12.978926,77.592842,2026-01-18 17:00:00,0.651001653781547,0.10850027563025783,55.79007777831356,0.05016234913934696,0.5440781939971475
10,12.976853,77.593334,2026-01-18,23:00:00,2026-01-18 23:00:00,23,18,Sunday,1,True,12.97381,77.595675,2026-01-18 23:00:00,0.42738950613530274,0.0,56.217467284448865,0.05016234913934696,0.5440781939971475
10,12.976086,77.59235,2026-01-19,00:00:00,2026-01-19 00:00:00,0,19,Monday,1,False,12.976853,77.593334,2026-01-18 23:00:00,0.13888458262912037,0.13888458262912037,56.35635186707798,0.05016234913934696,0.5440781939971475
10,12.975722,77.592733,2026-01-19,00:00:00,2026-01-19 00:00:00,0,19,Monday,1,False,12.976086,77.59235,2026-01-19 00:00:00,0.058819216893360476,0.0,56.415171083971345,0.05016234913934696,0.5440781939971475
10,12.971233,77.595303,2026-01-19,06:00:00,2026-01-19 06:00:00,6,19,Monday,1,False,12.975722,77.592733,2026-01-19 00:00:00,0.5758163095030414,0.09596938491717356,56.990987393474384,0.05016234913934696,0.5440781939971475
10,12.976709,77.5939,2026-01-19,06:00:00,2026-01-19 06:00:00,6,19,Monday,1,False,12.971233,77.595303,2026-01-19 06:00:00,0.62927793899811,0.0,57.6202653324725,0.05016234913934696,0.5440781939971475
10,12.973299,77.598821,2026-01-19,12:00:00,2026-01-19 12:00:00,12,19,Monday,1,False,12.976709,77.5939,2026-01-19 06:00:00,0.6664744390489136,0.11107907317481892,58.28673977152141,0.05016234913934696,0.5440781939971475
10,12.971817,77.595624,2026-01-19,18:00:00,2026-01-19 18:00:00,18,19,Monday,1,False,12.973299,77.598821,2026-01-19 12:00:00,0.39226888779992297,0.06537814796665382,58.67900865932133,0.05016234913934696,0.5440781939971475
10,12.971414,77.592088,2026-01-19,18:00:00,2026-01-19 18:00:00,18,19,Monday,1,False,12.971817,77.595624,2026-01-19 18:00:00,0.3961757437755647,0.0,59.0751844030969,0.05016234913934696,0.5440781939971475
10,12.977363,77.595966,2026-01-20,01:00:00,2026-01-20 01:00:00,1,20,Tuesday,1,False,12.971414,77.592088,2026-01-19 18:00:00,0.7905247366647364,0.11293210523781949,59.865709139761634,0.05016234913934696,0.5440781939971475
10,12.972681,77.596123,2026-01-20,01:00:00,2026-01-20 01:00:00,1,20,Tuesday,1,False,12.977363,77.595966,2026-01-20 01:00:00,0.5214931870064718,0.0,60.387202326768104,0.05016234913934696,0.5440781939971475
10,12.975862,77.598539,2026-01-20,07:00:00,2026-01-20 07:00:00,7,20,Tuesday,1,False,12.972681,77.596123,2026-01-20 01:00:00,0.4446647685303083,0.07411079475505138,60.83186709529841,0.05016234913934696,0.5440781939971475
10,12.975335,77.592377,2026-01-20,07:00:00,2026-01-20 07:00:00,7,20,Tuesday,1,False,12.975862,77.598539,2026-01-20 07:00:00,0.6884579347555398,0.0,61.520325030053954,0.05016234913934696,0.5440781939971475
10,12.975516,77.595923,2026-01-20,13:00:00,2026-01-20 13:00:00,13,20,Tuesday,1,False,12.975335,77.592377,2026-01-20 07:00:00,0.39525462047052023,0.06587577007842003,61.91557965052447,0.05016234913934696,0.5440781939971475
10,12.976016,77.593899,2026-01-20,19:00:00,2026-01-20 19:00:00,19,20,Tuesday,1,False,12.975516,77.595923,2026-01-20 13:00:00,0.23208487401099376,0.038680812335165626,62.147664524535465,0.05016234913934696,0.5440781939971475
10,12.974291,77.595769,2026-01-20,19:00:00,2026-01-20 19:00:00,19,20,Tuesday,1,False,12.976016,77.593899,2026-01-20 19:00:00,0.28321096639799104,0.0,62.43087549093346,0.05016234913934696,0.5440781939971475
10,12.975023,77.594122,2026-01-21,02:00:00,2026-01-21 02:00:00,2,21,Wednesday,1,False,12.974291,77.595769,2026-01-20 19:00:00,0.2006365976413656,0.028662371091623656,62.63151208857482,0.05016234913934696,0.5440781939971475
10,12.971261,77.597954,2026-01-21,02:00:00,2026-01-21 02:00:00,2,21,Wednesday,1,False,12.975023,77.594122,2026-01-21 02:00:00,0.5977880683204254,0.0,63.22930015689525,0.05016234913934696,0.5440781939971475
10,12.973359,77.597357,2026-01-21,08:00:00,2026-01-21 08:00:00,8,21,Wednesday,1,False,12.971261,77.597954,2026-01-21 02:00:00,0.2428208694429816,0.0404701449071636,63.47212102633823,0.05016234913934696,0.5440781939971475
10,12.973363,77.593984,2026-01-21,14:00:00,2026-01-21 14:00:00,14,21,Wednesday,1,False,12.973359,77.597357,2026-01-21 08:00:00,0.37548262402558436,0.0625804373375974,63.847603650363816,0.05016234913934696,0.5440781939971475
10,12.969367,77.594626,2026-01-21,20:00:00,2026-01-21 20:00:00,20,21,Wednesday,1,False,12.973363,77.593984,2026-01-21 14:00:00,0.45053914713118465,0.07508985785519744,64.298142797495,0.05016234913934696,0.5440781939971475
10,12.971197,77.595307,2026-01-21,20:00:00,2026-01-21 20:00:00,20,21,Wednesday,1,False,12.969367,77.594626,2026-01-21 20:00:00,0.21736383791911873,0.0,64.51550663541411,0.05016234913934696,0.5440781939971475
10,12.971126,77.593093,2026-01-22,03:00:00,2026-01-22 03:00:00,3,22,Thursday,1,False,12.971197,77.595307,2026-01-21 20:00:00,0.24658917826639798,0.03522702546662828,64.76209581368052,0.05016234913934696,0.5440781939971475
10,12.971282,77.597251,2026-01-22,03:00:00,2026-01-22 03:00:00,3,22,Thursday,1,False,12.971126,77.593093,2026-01-22 03:00:00,0.4631942130622119,0.0,65.22529002674273,0.05016234913934696,0.5440781939971475
10,12.973376,77.597646,2026-01-22,09:00:00,2026-01-22 09:00:00,9,22,Thursday,1,False,12.971282,77.597251,2026-01-22 03:00:00,0.23721508411262715,0.039535847352104525,65.46250511085536,0.05016234913934696,0.5440781939971475
10,12.968993,77.595073,2026-01-22,15:00:00,2026-01-22 15:00:00,15,22,Thursday,1,False,12.973376,77.597646,2026-01-22 09:00:00,0.5657752675691303,0.09429587792818839,66.02828037842448,0.05016234913934696,0.5440781939971475
10,12.970814,77.598225,2026-01-22,21:00:00,2026-01-22 21:00:00,21,22,Thursday,1,False,12.968993,77.595073,2026-01-22 15:00:00,0.4052284242289956,0.0675380707048326,66.43350880265348,0.05016234913934696,0.5440781939971475
10,12.971983,77.592396,2026-01-22,21:00:00,2026-01-22 21:00:00,21,22,Thursday,1,False,12.970814,77.598225,2026-01-22 21:00:00,0.6618046746149444,0.0,67.09531347726843,0.05016234913934696,0.5440781939971475
10,12.973824,77.593639,2026-01-23,04:00:00,2026-01-23 04:00:00,4,23,Friday,1,False,12.971983,77.592396,2026-01-22 21:00:00,0.2472790326911952,0.03532557609874217,67.34259250995962,0.05016234913934696,0.5440781939971475
10,12.97327,77.598306,2026-01-23,04:00:00,2026-01-23 04:00:00,4,23,Friday,1,False,12.973824,77.593639,2026-01-23 04:00:00,0.5231780049497369,0.0,67.86577051490936,0.05016234913934696,0.5440781939971475
10,12.970886,77.600062,2026-01-23,10:00:00,2026-01-23 10:00:00,10,23,Friday,1,False,12.97327,77.598306,2026-01-23 04:00:00,0.3296085758648151,0.054934762644135854,68.19537909077417,0.05016234913934696,0.5440781939971475
10,12.972581,77.595129,2026-01-23,16:00:00,2026-01-23 16:00:00,16,23,Friday,1,False,12.970886,77.600062,2026-01-23 10:00:00,0.5806542756557129,0.09677571260928548,68.77603336642989,0.05016234913934696,0.5440781939971475
10,12.967799,77.593494,2026-01-23,22:00:00,2026-01-23 22:00:00,22,23,Friday,1,False,12.972581,77.595129,2026-01-23 16:00:00,0.5625874141948439,0.09376456903247399,69.33862078062474,0.05016234913934696,0.5440781939971475
10,12.971747,77.597703,2026-01-23,22:00:00,2026-01-23 22:00:00,22,23,Friday,1,False,12.967799,77.593494,2026-01-23 22:00:00,0.6424078900344942,0.0,69.98102867065923,0.05016234913934696,0.5440781939971475
10,12.97398,77.596097,2026-01-24,05:00:00,2026-01-24 05:00:00,5,24,Saturday,1,True,12.971747,77.597703,2026-01-23 22:00:00,0.30619121987819414,0.04374160283974202,70.28721989053741,0.05016234913934696,0.5440781939971475
10,12.973,77.595984,2026-01-24,05:00:00,2026-01-24 05:00:00,5,24,Saturday,1,True,12.97398,77.596097,2026-01-24 05:00:00,0.10981643240983725,0.0,70.39703632294726,0.05016234913934696,0.5440781939971475
10,12.971398,77.594604,2026-01-24,11:00:00,2026-01-24 11:00:00,11,24,Saturday,1,True,12.973,77.595984,2026-01-24 05:00:00,0.23537807844063985,0.03922967974010664,70.63241440138789,0.05016234913934696,0.5440781939971475
10,12.971579,77.591187,2026-01-24,17:00:00,2026-01-24 17:00:00,17,24,Saturday,1,True,12.971398,77.594604,2026-01-24 11:00:00,0.38091371478546715,0.06348561913091119,71.01332811617337,0.05016234913934696,0.5440781939971475
10,12.975677,77.594658,2026-01-24,23:00:00,2026-01-24 23:00:00,23,24,Saturday,1,True,12.971579,77.591187,2026-01-24 17:00:00,0.5978355070258456,0.09963925117097427,71.6111636231992,0.05016234913934696,0.5440781939971475
10,12.971014,77.596779,2026-01-24,23:00:00,2026-01-24 23:00:00,23,24,Saturday,1,True,12.975677,77.594658,2026-01-24 23:00:00,0.5702606449779923,0.0,72.1814242681772,0.05016234913934696,0.5440781939971475
10,12.975636,77.59519,2026-01-25,00:00:00,2026-01-25 00:00:00,0,25,Sunday,1,True,12.971014,77.596779,2026-01-24 23:00:00,0.5440781939971475,0.5440781939971475,72.72550246217435,0.05016234913934696,0.5440781939971475
10,12.972189,77.596869,2026-01-25,00:00:00,2026-01-25 00:00:00,0,25,Sunday,1,True,12.975636,77.59519,2026-01-25 00:00:00,0.42681966519927833,0.0,73.15232212737362,0.05016234913934696,0.5440781939971475
10,12.972236,77.595476,2026-01-25,06:00:00,2026-01-25 06:00:00,6,25,Sunday,1,True,12.972189,77.596869,2026-01-25 00:00:00,0.15515699974626085,0.02585949995771014,73.30747912711989,0.05016234913934696,0.5440781939971475
10,12.970947,77.594893,2026-01-25,06:00:00,2026-01-25 06:00:00,6,25,Sunday,1,True,12.972236,77.595476,2026-01-25 06:00:00,0.15748573815068648,0.0,73.46496486527057,0.05016234913934696,0.5440781939971475
10,12.975572,77.599375,2026-01-25,12:00:00,2026-01-25 12:00:00,12,25,Sunday,1,True,12.970947,77.594893,2026-01-25 06:00:00,0.71694702915192,0.11949117152532,74.1819118944225,0.05016234913934696,0.5440781939971475
10,12.973607,77.593207,2026-01-25,18:00:00,2026-01-25 18:00:00,18,25,Sunday,1,True,12.975572,77.599375,2026-01-25 12:00:00,0.720623543427594,0.12010392390459901,74.90253543785009,0.05016234913934696,0.5440781939971475
10,12.972191,77.598993,2026-01-26,01:00:00,2026-01-26 01:00:00,1,26,Monday,1,False,12.973607,77.593207,2026-01-25 18:00:00,0.66310523655007,0.09472931950715287,75.56564067440016,0.05016234913934696,0.5440781939971475
10,12.973404,77.594826,2026-01-26,01:00:00,2026-01-26 01:00:00,1,26,Monday,1,False,12.972191,77.598993,2026-01-26 01:00:00,0.4831244138689931,0.0,76.04876508826915,0.05016234913934696,0.5440781939971475
10,12.974787,77.59548,2026-01-26,07:00:00,2026-01-26 07:00:00,7,26,Monday,1,False,12.973404,77.594826,2026-01-26 01:00:00,0.17030159140062856,0.028383598566771428,76.21906667966978,0.05016234913934696,0.5440781939971475
10,12.972596,77.591338,2026-01-26,07:00:00,2026-01-26 07:00:00,7,26,Monday,1,False,12.974787,77.59548,2026-01-26 07:00:00,0.5216223456356213,0.0,76.7406890253054,0.05016234913934696,0.5440781939971475
10,12.974922,77.596595,2026-01-26,13:00:00,2026-01-26 13:00:00,13,26,Monday,1,False,12.972596,77.591338,2026-01-26 07:00:00,0.639933406845369,0.10665556780756151,77.38062243215077,0.05016234913934696,0.5440781939971475
10,12.971608,77.596819,2026-01-26,19:00:00,2026-01-26 19:00:00,19,26,Monday,1,False,12.974922,77.596595,2026-01-26 13:00:00,0.36975624631737536,0.061626041052895895,77.75037867846815,0.05016234913934696,0.5440781939971475
10,12.974671,77.595469,2026-01-27,02:00:00,2026-01-27 02:00:00,2,27,Tuesday,1,False,12.971608,77.596819,2026-01-26 19:00:00,0.3726222958500054,0.05323175655000077,78.12300097431815,0.05016234913934696,0.5440781939971475
10,12.972762,77.596282,2026-01-27,02:00:00,2026-01-27 02:00:00,2,27,Tuesday,1,False,12.974671,77.595469,2026-01-27 02:00:00,0.23097894074529873,0.0,78.35397991506345,0.05016234913934696,0.5440781939971475
10,12.974667,77.590382,2026-01-27,08:00:00,2026-01-27 08:00:00,8,27,Tuesday,1,False,12.972762,77.596282,2026-01-27 02:00:00,0.690175246960322,0.11502920782672033,79.04415516202377,0.05016234913934696,0.5440781939971475
10,12.972748,77.593155,2026-01-27,08:00:00,2026-01-27 08:00:00,8,27,Tuesday,1,False,12.974667,77.590382,2026-01-27 08:00:00,0.37539919907348174,0.0,79.41955436109725,0.05016234913934696,0.5440781939971475
10,12.972264,77.594498,2026-01-27,14:00:00,2026-01-27 14:00:00,14,27,Tuesday,1,False,12.972748,77.593155,2026-01-27 08:00:00,0.15891509984221672,0.026485849973702787,79.57846946093947,0.05016234913934696,0.5440781939971475
10,12.973357,77.598636,2026-01-27,20:00:00,2026-01-27 20:00:00,20,27,Tuesday,1,False,12.972264,77.594498,2026-01-27 14:00:00,0.4764404056073062,0.07940673426788437,80.05490986654678,0.05016234913934696,0.5440781939971475
10,12.971306,77.595314,2026-01-28,03:00:00,2026-01-28 03:00:00,3,28,Wednesday,1,False,12.973357,77.598636,2026-01-27 20:00:00,0.4346085206494923,0.06208693152135604,80.48951838719627,0.05016234913934696,0.5440781939971475
10,12.974375,77.596772,2026-01-28,03:00:00,2026-01-28 03:00:00,3,28,Wednesday,1,False,12.971306,77.595314,2026-01-28 03:00:00,0.3782345803074351,0.0,80.8677529675037,0.05016234913934696,0.5440781939971475
10,12.971586,77.593657,2026-01-28,09:00:00,2026-01-28 09:00:00,9,28,Wednesday,1,False,12.974375,77.596772,2026-01-28 03:00:00,0.4654420327315295,0.07757367212192158,81.33319500023524,0.05016234913934696,0.5440781939971475
10,12.973622,77.594448,2026-01-28,09:00:00,2026-01-28 09:00:00,9,28,Wednesday,1,False,12.971586,77.593657,2026-01-28 09:00:00,0.24315144739703654,0.0,81.57634644763228,0.05016234913934696,0.5440781939971475
10,12.97176,77.593711,2026-01-28,15:00:00,2026-01-28 15:00:00,15,28,Wednesday,1,False,12.973622,77.594448,2026-01-28 09:00:00,0.22292404659522394,0.037154007765870654,81.7992704942275,0.05016234913934696,0.5440781939971475
10,12.973421,77.595415,2026-01-28,21:00:00,2026-01-28 21:00:00,21,28,Wednesday,1,False,12.97176,77.593711,2026-01-28 15:00:00,0.26489802726604034,0.04414967121100672,82.06416852149353,0.05016234913934696,0.5440781939971475
10,12.972519,77.592465,2026-01-29,04:00:00,2026-01-29 04:00:00,4,29,Thursday,1,False,12.973421,77.595415,2026-01-28 21:00:00,0.34340197416598467,0.049057424880854954,82.40757049565951,0.05016234913934696,0.5440781939971475
10,12.970649,77.594774,2026-01-29,04:00:00,2026-01-29 04:00:00,4,29,Thursday,1,False,12.972519,77.592465,2026-01-29 04:00:00,0.33076056976804613,0.0,82.73833106542756,0.05016234913934696,0.5440781939971475
10,12.97601,77.593881,2026-01-29,10:00:00,2026-01-29 10:00:00,10,29,Thursday,1,False,12.970649,77.594774,2026-01-29 04:00:00,0.6050092991174917,0.10083488318624861,83.34334036454506,0.05016234913934696,0.5440781939971475
10,12.978258,77.593033,2026-01-29,10:00:00,2026-01-29 10:00:00,10,29,Thursday,1,False,12.97601,77.593881,2026-01-29 10:00:00,0.26746024069975616,0.0,83.61080060524482,0.05016234913934696,0.5440781939971475
10,12.97758,77.592685,2026-01-29,16:00:00,2026-01-29 16:00:00,16,29,Thursday,1,False,12.978258,77.593033,2026-01-29 10:00:00,0.0848363577733206,0.014139392962220101,83.69563696301813,0.05016234913934696,0.5440781939971475
10,12.973463,77.595856,2026-01-29,22:00:00,2026-01-29 22:00:00,22,29,Thursday,1,False,12.97758,77.592685,2026-01-29 16:00:00,0.5784884943207753,0.09641474905346255,84.27412545733891,0.05016234913934696,0.5440781939971475
10,12.976465,77.592579,2026-01-30,05:00:00,2026-01-30 05:00:00,5,30,Friday,1,False,12.973463,77.595856,2026-01-29 22:00:00,0.4947260816250137,0.07067515451785909,84.76885153896393,0.05016234913934696,0.5440781939971475
10,12.974218,77.595132,2026-01-30,05:00:00,2026-01-30 05:00:00,5,30,Friday,1,False,12.976465,77.592579,2026-01-30 05:00:00,0.37859959821848227,0.0,85.1474511371824,0.05016234913934696,0.5440781939971475
10,12.97551,77.594144,2026-01-30,11:00:00,2026-01-30 11:00:00,11,30,Friday,1,False,12.974218,77.595132,2026-01-30 05:00:00,0.18105875466887256,0.03017645911147876,85.32850989185128,0.05016234913934696,0.5440781939971475
10,12.971568,77.59229,2026-01-30,11:00:00,2026-01-30 11:00:00,11,30,Friday,1,False,12.97551,77.594144,2026-01-30 11:00:00,0.4849347593635773,0.0,85.81344465121485,0.05016234913934696,0.5440781939971475
10,12.976158,77.598038,2026-01-30,17:00:00,2026-01-30 17:00:00,17,30,Friday,1,False,12.971568,77.59229,2026-01-30 11:00:00,0.8188462210271322,0.1364743701711887,86.63229087224198,0.05016234913934696,0.5440781939971475
10,12.97362,77.59443,2026-01-30,23:00:00,2026-01-30 23:00:00,23,30,Friday,1,False,12.976158,77.598038,2026-01-30 17:00:00,0.49106011578312064,0.0818433526305201,87.12335098802511,0.05016234913934696,0.5440781939971475
11,12.983682,77.609972,2026-01-01,00:00:00,2026-01-01 00:00:00,0,1,Thursday,1,False,,,,0.0,0.0,0.0,0.04506333036067765,0.9090186238567713
11,12.986228,77.60821,2026-01-01,00:00:00,2026-01-01 00:00:00,0,1,Thursday,1,False,12.983682,77.609972,2026-01-01 00:00:00,0.34467447697013304,0.0,0.34467447697013304,0.04506333036067765,0.9090186238567713
11,12.985416,77.605956,2026-01-01,06:00:00,2026-01-01 06:00:00,6,1,Thursday,1,False,12.986228,77.60821,2026-01-01 00:00:00,0.26670051082759344,0.04445008513793224,0.6113749877977265,0.04506333036067765,0.9090186238567713
11,12.984585,77.607981,2026-01-01,06:00:00,2026-01-01 06:00:00,6,1,Thursday,1,False,12.985416,77.605956,2026-01-01 06:00:00,0.24366587610162005,0.0,0.8550408638993465,0.04506333036067765,0.9090186238567713
11,12.983521,77.611003,2026-01-01,12:00:00,2026-01-01 12:00:00,12,1,Thursday,1,False,12.984585,77.607981,2026-01-01 06:00:00,0.35665128211782,0.059441880352969996,1.2116921460171666,0.04506333036067765,0.9090186238567713
11,12.981804,77.611983,2026-01-01,12:00:00,2026-01-01 12:00:00,12,1,Thursday,1,False,12.983521,77.611003,2026-01-01 12:00:00,0.22007851384623103,0.0,1.4317706598633975,0.04506333036067765,0.9090186238567713
11,12.984118,77.606853,2026-01-01,18:00:00,2026-01-01 18:00:00,18,1,Thursday,1,False,12.981804,77.611983,2026-01-01 12:00:00,0.626480397500422,0.10441339958340366,2.0582510573638197,0.04506333036067765,0.9090186238567713
11,12.987732,77.604671,2026-01-02,01:00:00,2026-01-02 01:00:00,1,2,Friday,1,False,12.984118,77.606853,2026-01-01 18:00:00,0.46995132610734075,0.06713590372962011,2.5282023834711604,0.04506333036067765,0.9090186238567713
11,12.980248,77.61009,2026-01-02,01:00:00,2026-01-02 01:00:00,1,2,Friday,1,False,12.987732,77.604671,2026-01-02 01:00:00,1.0285860594917489,0.0,3.556788442962909,0.04506333036067765,0.9090186238567713
11,12.986081,77.608698,2026-01-02,07:00:00,2026-01-02 07:00:00,7,2,Friday,1,False,12.980248,77.61009,2026-01-02 01:00:00,0.6675632447200198,0.11126054078666997,4.224351687682929,0.04506333036067765,0.9090186238567713
11,12.982631,77.606382,2026-01-02,07:00:00,2026-01-02 07:00:00,7,2,Friday,1,False,12.986081,77.608698,2026-01-02 07:00:00,0.4625658248093981,0.0,4.686917512492327,0.04506333036067765,0.9090186238567713
11,12.981666,77.608095,2026-01-02,13:00:00,2026-01-02 13:00:00,13,2,Friday,1,False,12.982631,77.606382,2026-01-02 07:00:00,0.2188675199954545,0.036477919999242416,4.905785032487781,0.04506333036067765,0.9090186238567713
11,12.98562,77.611585,2026-01-02,13:00:00,2026-01-02 13:00:00,13,2,Friday,1,False,12.981666,77.608095,2026-01-02 13:00:00,0.5870926037826769,0.0,5.4928776362704586,0.04506333036067765,0.9090186238567713
11,12.98122,77.608645,2026-01-02,19:00:00,2026-01-02 19:00:00,19,2,Friday,1,False,12.98562,77.611585,2026-01-02 13:00:00,0.5890879381835751,0.09818132303059585,6.081965574454033,0.04506333036067765,0.9090186238567713
11,12.983681,77.607813,2026-01-03,02:00:00,2026-01-03 02:00:00,2,3,Saturday,1,True,12.98122,77.608645,2026-01-02 19:00:00,0.28919095605042383,0.04131299372148912,6.371156530504457,0.04506333036067765,0.9090186238567713
11,12.982006,77.608467,2026-01-03,02:00:00,2026-01-03 02:00:00,2,3,Saturday,1,True,12.983681,77.607813,2026-01-03 02:00:00,0.20016998301435396,0.0,6.5713265135188115,0.04506333036067765,0.9090186238567713
11,12.982997,77.608381,2026-01-03,08:00:00,2026-01-03 08:00:00,8,3,Saturday,1,True,12.982006,77.608467,2026-01-03 02:00:00,0.11073274080200463,0.018455456800334103,6.682059254320816,0.04506333036067765,0.9090186238567713
11,12.98398,77.613798,2026-01-03,08:00:00,2026-01-03 08:00:00,8,3,Saturday,1,True,12.982997,77.608381,2026-01-03 08:00:00,0.6128686987818169,0.0,7.294927953102633,0.04506333036067765,0.9090186238567713
11,12.983947,77.608494,2026-01-03,14:00:00,2026-01-03 14:00:00,14,3,Saturday,1,True,12.98398,77.613798,2026-01-03 08:00:00,0.5904527078203334,0.09840878463672224,7.885380660922967,0.04506333036067765,0.9090186238567713
11,12.985925,77.607482,2026-01-03,14:00:00,2026-01-03 14:00:00,14,3,Saturday,1,True,12.983947,77.608494,2026-01-03 14:00:00,0.2473366069782485,0.0,8.132717267901215,0.04506333036067765,0.9090186238567713
11,12.983114,77.602969,2026-01-03,20:00:00,2026-01-03 20:00:00,20,3,Saturday,1,True,12.985925,77.607482,2026-01-03 14:00:00,0.5918717009371368,0.0986452834895228,8.72458896883835,0.04506333036067765,0.9090186238567713
11,12.985067,77.609485,2026-01-04,03:00:00,2026-01-04 03:00:00,3,4,Sunday,1,True,12.983114,77.602969,2026-01-03 20:00:00,0.7572416889473365,0.10817738413533377,9.481830657785688,0.04506333036067765,0.9090186238567713
11,12.983002,77.60723,2026-01-04,03:00:00,2026-01-04 03:00:00,3,4,Sunday,1,True,12.985067,77.609485,2026-01-04 03:00:00,0.3403780799838485,0.0,9.822208737769536,0.04506333036067765,0.9090186238567713
11,12.98556,77.609776,2026-01-04,09:00:00,2026-01-04 09:00:00,9,4,Sunday,1,True,12.983002,77.60723,2026-01-04 03:00:00,0.40176311800359815,0.06696051966726636,10.223971855773135,0.04506333036067765,0.9090186238567713
11,12.981866,77.607916,2026-01-04,09:00:00,2026-01-04 09:00:00,9,4,Sunday,1,True,12.98556,77.609776,2026-01-04 09:00:00,0.46040256330439255,0.0,10.684374419077526,0.04506333036067765,0.9090186238567713
11,12.982995,77.608185,2026-01-04,15:00:00,2026-01-04 15:00:00,15,4,Sunday,1,True,12.981866,77.607916,2026-01-04 09:00:00,0.12919845431397925,0.02153307571899654,10.813572873391507,0.04506333036067765,0.9090186238567713
11,12.983951,77.604341,2026-01-04,15:00:00,2026-01-04 15:00:00,15,4,Sunday,1,True,12.982995,77.608185,2026-01-04 15:00:00,0.44094907293108226,0.0,11.254521946322589,0.04506333036067765,0.9090186238567713
11,12.985076,77.606635,2026-01-04,21:00:00,2026-01-04 21:00:00,21,4,Sunday,1,True,12.983951,77.604341,2026-01-04 15:00:00,0.28442338424861296,0.04740389737476883,11.538945330571202,0.04506333036067765,0.9090186238567713
11,12.982989,77.608491,2026-01-05,04:00:00,2026-01-05 04:00:00,4,5,Monday,1,False,12.985076,77.606635,2026-01-04 21:00:00,0.3109059187657474,0.04441513125224963,11.849851249336949,0.04506333036067765,0.9090186238567713
11,12.987729,77.607813,2026-01-05,04:00:00,2026-01-05 04:00:00,4,5,Monday,1,False,12.982989,77.608491,2026-01-05 04:00:00,0.533027361561644,0.0,12.382878610898594,0.04506333036067765,0.9090186238567713
11,12.984709,77.608533,2026-01-05,10:00:00,2026-01-05 10:00:00,10,5,Monday,1,False,12.987729,77.607813,2026-01-05 04:00:00,0.34560871251328806,0.05760145208554801,12.728487323411882,0.04506333036067765,0.9090186238567713
11,12.983914,77.607473,2026-01-05,10:00:00,2026-01-05 10:00:00,10,5,Monday,1,False,12.984709,77.608533,2026-01-05 10:00:00,0.1474989999995969,0.0,12.875986323411478,0.04506333036067765,0.9090186238567713
11,12.985583,77.605141,2026-01-05,16:00:00,2026-01-05 16:00:00,16,5,Monday,1,False,12.983914,77.607473,2026-01-05 10:00:00,0.31923394992812854,0.05320565832135476,13.195220273339606,0.04506333036067765,0.9090186238567713
11,12.983854,77.608837,2026-01-05,16:00:00,2026-01-05 16:00:00,16,5,Monday,1,False,12.985583,77.605141,2026-01-05 16:00:00,0.45423275848714134,0.0,13.649453031826749,0.04506333036067765,0.9090186238567713
11,12.984514,77.607399,2026-01-05,22:00:00,2026-01-05 22:00:00,22,5,Monday,1,False,12.983854,77.608837,2026-01-05 16:00:00,0.17613357016255932,0.029355595027093218,13.825586601989308,0.04506333036067765,0.9090186238567713
11,12.982959,77.612332,2026-01-06,05:00:00,2026-01-06 05:00:00,5,6,Tuesday,1,False,12.984514,77.607399,2026-01-05 22:00:00,0.5757785711932398,0.08225408159903426,14.401365173182548,0.04506333036067765,0.9090186238567713
11,12.984661,77.608244,2026-01-06,05:00:00,2026-01-06 05:00:00,5,6,Tuesday,1,False,12.982959,77.612332,2026-01-06 05:00:00,0.492942105193715,0.0,14.894307278376262,0.04506333036067765,0.9090186238567713
11,12.987161,77.608,2026-01-06,11:00:00,2026-01-06 11:00:00,11,6,Tuesday,1,False,12.984661,77.608244,2026-01-06 05:00:00,0.279622367828426,0.04660372797140433,15.173929646204687,0.04506333036067765,0.9090186238567713
11,12.985775,77.606913,2026-01-06,11:00:00,2026-01-06 11:00:00,11,6,Tuesday,1,False,12.987161,77.608,2026-01-06 11:00:00,0.19608015525599096,0.0,15.370009801460679,0.04506333036067765,0.9090186238567713
11,12.981588,77.608756,2026-01-06,17:00:00,2026-01-06 17:00:00,17,6,Tuesday,1,False,12.985775,77.606913,2026-01-06 11:00:00,0.5092524151621814,0.08487540252703024,15.87926221662286,0.04506333036067765,0.9090186238567713
11,12.98382,77.606771,2026-01-06,17:00:00,2026-01-06 17:00:00,17,6,Tuesday,1,False,12.981588,77.608756,2026-01-06 17:00:00,0.3325106039030589,0.0,16.21177282052592,0.04506333036067765,0.9090186238567713
11,12.980903,77.607974,2026-01-06,23:00:00,2026-01-06 23:00:00,23,6,Tuesday,1,False,12.98382,77.606771,2026-01-06 17:00:00,0.351251169627197,0.058541861604532834,16.563023990153116,0.04506333036067765,0.9090186238567713
11,12.987056,77.607074,2026-01-07,00:00:00,2026-01-07 00:00:00,0,7,Wednesday,1,False,12.980903,77.607974,2026-01-06 23:00:00,0.6922404371690913,0.6922404371690913,17.255264427322206,0.04506333036067765,0.9090186238567713
11,12.981612,77.604044,2026-01-07,06:00:00,2026-01-07 06:00:00,6,7,Wednesday,1,False,12.987056,77.607074,2026-01-07 00:00:00,0.693569484478717,0.11559491407978617,17.948833911800925,0.04506333036067765,0.9090186238567713
11,12.985803,77.609427,2026-01-07,06:00:00,2026-01-07 06:00:00,6,7,Wednesday,1,False,12.981612,77.604044,2026-01-07 06:00:00,0.759437164024758,0.0,18.70827107582568,0.04506333036067765,0.9090186238567713
11,12.983396,77.6053,2026-01-07,12:00:00,2026-01-07 12:00:00,12,7,Wednesday,1,False,12.985803,77.609427,2026-01-07 06:00:00,0.5318461162464739,0.08864101937441232,19.240117192072155,0.04506333036067765,0.9090186238567713
11,12.984607,77.610218,2026-01-07,12:00:00,2026-01-07 12:00:00,12,7,Wednesday,1,False,12.983396,77.6053,2026-01-07 12:00:00,0.5638250305391799,0.0,19.803942222611337,0.04506333036067765,0.9090186238567713
11,12.98314,77.608316,2026-01-07,18:00:00,2026-01-07 18:00:00,18,7,Wednesday,1,False,12.984607,77.610218,2026-01-07 12:00:00,0.26739270233185997,0.044565450388643325,20.071334924943198,0.04506333036067765,0.9090186238567713
11,12.986389,77.609064,2026-01-07,18:00:00,2026-01-07 18:00:00,18,7,Wednesday,1,False,12.98314,77.608316,2026-01-07 18:00:00,0.3711400285713773,0.0,20.442474953514573,0.04506333036067765,0.9090186238567713
11,12.987555,77.60833,2026-01-08,01:00:00,2026-01-08 01:00:00,1,8,Thursday,1,False,12.986389,77.609064,2026-01-07 18:00:00,0.1533758541093405,0.021910836301334356,20.595850807623915,0.04506333036067765,0.9090186238567713
11,12.982806,77.606074,2026-01-08,07:00:00,2026-01-08 07:00:00,7,8,Thursday,1,False,12.987555,77.60833,2026-01-08 01:00:00,0.5852779295349047,0.09754632158915078,21.18112873715882,0.04506333036067765,0.9090186238567713
11,12.987436,77.608208,2026-01-08,07:00:00,2026-01-08 07:00:00,7,8,Thursday,1,False,12.982806,77.606074,2026-01-08 07:00:00,0.5675230291801905,0.0,21.74865176633901,0.04506333036067765,0.9090186238567713
11,12.986381,77.608339,2026-01-08,13:00:00,2026-01-08 13:00:00,13,8,Thursday,1,False,12.987436,77.608208,2026-01-08 07:00:00,0.11834452184405377,0.019724086974008962,21.866996288183064,0.04506333036067765,0.9090186238567713
11,12.985162,77.608423,2026-01-08,13:00:00,2026-01-08 13:00:00,13,8,Thursday,1,False,12.986381,77.608339,2026-01-08 13:00:00,0.1360208780650675,0.0,22.00301716624813,0.04506333036067765,0.9090186238567713
11,12.984976,77.608321,2026-01-08,19:00:00,2026-01-08 19:00:00,19,8,Thursday,1,False,12.985162,77.608423,2026-01-08 13:00:00,0.023614538064523613,0.0039357563440872686,22.026631704312653,0.04506333036067765,0.9090186238567713
11,12.982569,77.606231,2026-01-08,19:00:00,2026-01-08 19:00:00,19,8,Thursday,1,False,12.984976,77.608321,2026-01-08 19:00:00,0.3548603114488142,0.0,22.38149201576147,0.04506333036067765,0.9090186238567713
11,12.986293,77.607872,2026-01-09,02:00:00,2026-01-09 02:00:00,2,9,Friday,1,False,12.982569,77.606231,2026-01-08 19:00:00,0.4530198413301391,0.06471712019001988,22.83451185709161,0.04506333036067765,0.9090186238567713
11,12.986087,77.608304,2026-01-09,08:00:00,2026-01-09 08:00:00,8,9,Friday,1,False,12.986293,77.607872,2026-01-09 02:00:00,0.05327798924681572,0.008879664874469286,22.887789846338425,0.04506333036067765,0.9090186238567713
11,12.988127,77.607818,2026-01-09,08:00:00,2026-01-09 08:00:00,8,9,Friday,1,False,12.986087,77.608304,2026-01-09 08:00:00,0.2334483117915175,0.0,23.12123815812994,0.04506333036067765,0.9090186238567713
11,12.985112,77.608685,2026-01-09,14:00:00,2026-01-09 14:00:00,14,9,Friday,1,False,12.988127,77.607818,2026-01-09 08:00:00,0.3492311552203054,0.05820519253671757,23.470469313350247,0.04506333036067765,0.9090186238567713
11,12.98178,77.605232,2026-01-09,14:00:00,2026-01-09 14:00:00,14,9,Friday,1,False,12.985112,77.608685,2026-01-09 14:00:00,0.5341670567875845,0.0,24.00463637013783,0.04506333036067765,0.9090186238567713
11,12.983762,77.606342,2026-01-09,20:00:00,2026-01-09 20:00:00,20,9,Friday,1,False,12.98178,77.605232,2026-01-09 14:00:00,0.25288081985847227,0.04214680330974538,24.257517189996303,0.04506333036067765,0.9090186238567713
11,12.983865,77.605849,2026-01-09,20:00:00,2026-01-09 20:00:00,20,9,Friday,1,False,12.983762,77.606342,2026-01-09 20:00:00,0.05606572978919696,0.0,24.3135829197855,0.04506333036067765,0.9090186238567713
11,12.985258,77.611756,2026-01-10,03:00:00,2026-01-10 03:00:00,3,10,Saturday,1,True,12.983865,77.605849,2026-01-09 20:00:00,0.6756041706859146,0.09651488152655922,24.989187090471415,0.04506333036067765,0.9090186238567713
11,12.98618,77.608316,2026-01-10,09:00:00,2026-01-10 09:00:00,9,10,Saturday,1,True,12.985258,77.611756,2026-01-10 03:00:00,0.3964568302909971,0.06607613838183285,25.385643920762412,0.04506333036067765,0.9090186238567713
11,12.987877,77.609462,2026-01-10,09:00:00,2026-01-10 09:00:00,9,10,Saturday,1,True,12.98618,77.608316,2026-01-10 09:00:00,0.2279513151985729,0.0,25.613595235960986,0.04506333036067765,0.9090186238567713
11,12.987269,77.60585,2026-01-10,15:00:00,2026-01-10 15:00:00,15,10,Saturday,1,True,12.987877,77.609462,2026-01-10 09:00:00,0.4077444788137492,0.06795741313562487,26.021339714774733,0.04506333036067765,0.9090186238567713
11,12.986566,77.60658,2026-01-10,15:00:00,2026-01-10 15:00:00,15,10,Saturday,1,True,12.987269,77.60585,2026-01-10 15:00:00,0.11281879714009245,0.0,26.134158511914826,0.04506333036067765,0.9090186238567713
11,12.987553,77.603433,2026-01-10,21:00:00,2026-01-10 21:00:00,21,10,Saturday,1,True,12.986566,77.60658,2026-01-10 15:00:00,0.3671497977276768,0.0611916329546128,26.501308309642504,0.04506333036067765,0.9090186238567713
11,12.987788,77.608275,2026-01-10,21:00:00,2026-01-10 21:00:00,21,10,Saturday,1,True,12.987553,77.603433,2026-01-10 21:00:00,0.5396458917810771,0.0,27.04095420142358,0.04506333036067765,0.9090186238567713
11,12.984454,77.606524,2026-01-11,04:00:00,2026-01-11 04:00:00,4,11,Sunday,1,True,12.987788,77.608275,2026-01-10 21:00:00,0.4192133988773844,0.05988762841105492,27.460167600300963,0.04506333036067765,0.9090186238567713
11,12.984095,77.603766,2026-01-11,10:00:00,2026-01-11 10:00:00,10,11,Sunday,1,True,12.984454,77.606524,2026-01-11 04:00:00,0.3096106199201937,0.051601769986698943,27.76977822022116,0.04506333036067765,0.9090186238567713
11,12.984249,77.608492,2026-01-11,10:00:00,2026-01-11 10:00:00,10,11,Sunday,1,True,12.984095,77.603766,2026-01-11 10:00:00,0.5263775587509224,0.0,28.296155778972082,0.04506333036067765,0.9090186238567713
11,12.986988,77.60717,2026-01-11,16:00:00,2026-01-11 16:00:00,16,11,Sunday,1,True,12.984249,77.608492,2026-01-11 10:00:00,0.3385629937431066,0.056427165623851104,28.63471877271519,0.04506333036067765,0.9090186238567713
11,12.98308,77.610033,2026-01-11,16:00:00,2026-01-11 16:00:00,16,11,Sunday,1,True,12.986988,77.60717,2026-01-11 16:00:00,0.5392903460615796,0.0,29.174009118776766,0.04506333036067765,0.9090186238567713
11,12.98533,77.6083,2026-01-11,22:00:00,2026-01-11 22:00:00,22,11,Sunday,1,True,12.98308,77.610033,2026-01-11 16:00:00,0.3161525041122155,0.05269208401870259,29.490161622888984,0.04506333036067765,0.9090186238567713
11,12.98577,77.605667,2026-01-11,22:00:00,2026-01-11 22:00:00,22,11,Sunday,1,True,12.98533,77.6083,2026-01-11 22:00:00,0.2971699649556816,0.0,29.787331587844665,0.04506333036067765,0.9090186238567713
11,12.98501,77.608375,2026-01-12,05:00:00,2026-01-12 05:00:00,5,12,Monday,1,False,12.98577,77.605667,2026-01-11 22:00:00,0.31310150621630384,0.04472878660232912,30.100433094060968,0.04506333036067765,0.9090186238567713
11,12.981363,77.608215,2026-01-12,11:00:00,2026-01-12 11:00:00,11,12,Monday,1,False,12.98501,77.608375,2026-01-12 05:00:00,0.40637455577362847,0.06772909262893807,30.506807649834595,0.04506333036067765,0.9090186238567713
11,12.98527,77.607983,2026-01-12,11:00:00,2026-01-12 11:00:00,11,12,Monday,1,False,12.981363,77.608215,2026-01-12 11:00:00,0.43569335405365783,0.0,30.942501003888253,0.04506333036067765,0.9090186238567713
11,12.984486,77.605349,2026-01-12,17:00:00,2026-01-12 17:00:00,17,12,Monday,1,False,12.98527,77.607983,2026-01-12 11:00:00,0.3059298014185097,0.05098830023641828,31.248430805306764,0.04506333036067765,0.9090186238567713
11,12.985029,77.607204,2026-01-12,17:00:00,2026-01-12 17:00:00,17,12,Monday,1,False,12.984486,77.605349,2026-01-12 17:00:00,0.21516385057925685,0.0,31.46359465588602,0.04506333036067765,0.9090186238567713
11,12.985263,77.605842,2026-01-12,23:00:00,2026-01-12 23:00:00,23,12,Monday,1,False,12.985029,77.607204,2026-01-12 17:00:00,0.15383924582343844,0.025639874303906407,31.617433901709457,0.04506333036067765,0.9090186238567713
11,12.982261,77.604681,2026-01-12,23:00:00,2026-01-12 23:00:00,23,12,Monday,1,False,12.985263,77.605842,2026-01-12 23:00:00,0.35830387362299015,0.0,31.975737775332448,0.04506333036067765,0.9090186238567713
11,12.982676,77.605918,2026-01-13,00:00:00,2026-01-13 00:00:00,0,13,Tuesday,1,False,12.982261,77.604681,2026-01-12 23:00:00,0.14524568451079187,0.14524568451079187,32.12098345984324,0.04506333036067765,0.9090186238567713
11,12.988346,77.607637,2026-01-13,00:00:00,2026-01-13 00:00:00,0,13,Tuesday,1,False,12.982676,77.605918,2026-01-13 00:00:00,0.659554428611924,0.0,32.780537888455164,0.04506333036067765,0.9090186238567713
11,12.984194,77.608053,2026-01-13,06:00:00,2026-01-13 06:00:00,6,13,Tuesday,1,False,12.988346,77.607637,2026-01-13 00:00:00,0.4645147642557176,0.07741912737595293,33.24505265271088,0.04506333036067765,0.9090186238567713
11,12.982378,77.607219,2026-01-13,12:00:00,2026-01-13 12:00:00,12,13,Tuesday,1,False,12.984194,77.608053,2026-01-13 06:00:00,0.222456580405728,0.037076096734288,33.46750923311661,0.04506333036067765,0.9090186238567713
11,12.987634,77.609086,2026-01-13,12:00:00,2026-01-13 12:00:00,12,13,Tuesday,1,False,12.982378,77.607219,2026-01-13 12:00:00,0.6209144308506139,0.0,34.08842366396723,0.04506333036067765,0.9090186238567713
11,12.981158,77.605344,2026-01-13,18:00:00,2026-01-13 18:00:00,18,13,Tuesday,1,False,12.987634,77.609086,2026-01-13 12:00:00,0.8326046918546977,0.1387674486424496,34.921028355821925,0.04506333036067765,0.9090186238567713
11,12.980333,77.60938,2026-01-13,18:00:00,2026-01-13 18:00:00,18,13,Tuesday,1,False,12.981158,77.605344,2026-01-13 18:00:00,0.4585778860223111,0.0,35.379606241844236,0.04506333036067765,0.9090186238567713
11,12.983963,77.610011,2026-01-14,01:00:00,2026-01-14 01:00:00,1,14,Wednesday,1,False,12.980333,77.60938,2026-01-13 18:00:00,0.410151300132774,0.05859304287611057,35.78975754197701,0.04506333036067765,0.9090186238567713
11,12.981918,77.604683,2026-01-14,01:00:00,2026-01-14 01:00:00,1,14,Wednesday,1,False,12.983963,77.610011,2026-01-14 01:00:00,0.6353008992918484,0.0,36.42505844126885,0.04506333036067765,0.9090186238567713
11,12.985626,77.605555,2026-01-14,07:00:00,2026-01-14 07:00:00,7,14,Wednesday,1,False,12.981918,77.604683,2026-01-14 01:00:00,0.42403493274712883,0.07067248879118813,36.849093374015986,0.04506333036067765,0.9090186238567713
11,12.984205,77.609813,2026-01-14,13:00:00,2026-01-14 13:00:00,13,14,Wednesday,1,False,12.985626,77.605555,2026-01-14 07:00:00,0.4996991623897439,0.08328319373162398,37.34879253640573,0.04506333036067765,0.9090186238567713
11,12.986047,77.604508,2026-01-14,13:00:00,2026-01-14 13:00:00,13,14,Wednesday,1,False,12.984205,77.609813,2026-01-14 13:00:00,0.6251387577280336,0.0,37.97393129413376,0.04506333036067765,0.9090186238567713
11,12.981303,77.605548,2026-01-14,19:00:00,2026-01-14 19:00:00,19,14,Wednesday,1,False,12.986047,77.604508,2026-01-14 13:00:00,0.540643272519046,0.09010721208650767,38.51457456665281,0.04506333036067765,0.9090186238567713
11,12.984337,77.60749,2026-01-14,19:00:00,2026-01-14 19:00:00,19,14,Wednesday,1,False,12.981303,77.605548,2026-01-14 19:00:00,0.40100733621268964,0.0,38.9155819028655,0.04506333036067765,0.9090186238567713
11,12.986409,77.60941,2026-01-15,02:00:00,2026-01-15 02:00:00,2,15,Thursday,1,False,12.984337,77.60749,2026-01-14 19:00:00,0.3144584888672712,0.04492264126675303,39.23004039173277,0.04506333036067765,0.9090186238567713
11,12.98316,77.60675,2026-01-15,02:00:00,2026-01-15 02:00:00,2,15,Thursday,1,False,12.986409,77.60941,2026-01-15 02:00:00,0.46743267999943655,0.0,39.697473071732205,0.04506333036067765,0.9090186238567713
11,12.983193,77.605789,2026-01-15,08:00:00,2026-01-15 08:00:00,8,15,Thursday,1,False,12.98316,77.60675,2026-01-15 02:00:00,0.1070415750283683,0.01784026250472805,39.80451464676057,0.04506333036067765,0.9090186238567713
11,12.986677,77.609017,2026-01-15,14:00:00,2026-01-15 14:00:00,14,15,Thursday,1,False,12.983193,77.605789,2026-01-15 08:00:00,0.5287200794114321,0.08812001323523867,40.33323472617201,0.04506333036067765,0.9090186238567713
11,12.986151,77.608546,2026-01-15,14:00:00,2026-01-15 14:00:00,14,15,Thursday,1,False,12.986677,77.609017,2026-01-15 14:00:00,0.07859830566059975,0.0,40.41183303183261,0.04506333036067765,0.9090186238567713
11,12.984595,77.606658,2026-01-15,20:00:00,2026-01-15 20:00:00,20,15,Thursday,1,False,12.986151,77.608546,2026-01-15 14:00:00,0.2723516089931778,0.0453919348321963,40.684184640825784,0.04506333036067765,0.9090186238567713
11,12.98527,77.607347,2026-01-15,20:00:00,2026-01-15 20:00:00,20,15,Thursday,1,False,12.984595,77.606658,2026-01-15 20:00:00,0.10737308840394783,0.0,40.79155772922973,0.04506333036067765,0.9090186238567713
11,12.982527,77.611517,2026-01-16,03:00:00,2026-01-16 03:00:00,3,16,Friday,1,False,12.98527,77.607347,2026-01-15 20:00:00,0.5556301032271254,0.07937572903244648,41.347187832456854,0.04506333036067765,0.9090186238567713
11,12.985634,77.610946,2026-01-16,03:00:00,2026-01-16 03:00:00,3,16,Friday,1,False,12.982527,77.611517,2026-01-16 03:00:00,0.3516635624563414,0.0,41.6988513949132,0.04506333036067765,0.9090186238567713
11,12.982336,77.602233,2026-01-16,09:00:00,2026-01-16 09:00:00,9,16,Friday,1,False,12.985634,77.610946,2026-01-16 03:00:00,1.0370888868191608,0.17284814780319346,42.73594028173236,0.04506333036067765,0.9090186238567713
11,12.984582,77.613027,2026-01-16,15:00:00,2026-01-16 15:00:00,15,16,Friday,1,False,12.982336,77.602233,2026-01-16 09:00:00,1.2273248447783738,0.20455414079639564,43.963265126510734,0.04506333036067765,0.9090186238567713
11,12.986064,77.611349,2026-01-16,15:00:00,2026-01-16 15:00:00,15,16,Friday,1,False,12.984582,77.613027,2026-01-16 15:00:00,0.24921781004957957,0.0,44.21248293656031,0.04506333036067765,0.9090186238567713
11,12.985854,77.608808,2026-01-16,21:00:00,2026-01-16 21:00:00,21,16,Friday,1,False,12.986064,77.611349,2026-01-16 15:00:00,0.28382847613253437,0.04730474602208906,44.49631141269285,0.04506333036067765,0.9090186238567713
11,12.98141,77.610315,2026-01-16,21:00:00,2026-01-16 21:00:00,21,16,Friday,1,False,12.985854,77.608808,2026-01-16 21:00:00,0.5223765578530696,0.0,45.01868797054592,0.04506333036067765,0.9090186238567713
11,12.982479,77.609762,2026-01-17,04:00:00,2026-01-17 04:00:00,4,17,Saturday,1,True,12.98141,77.610315,2026-01-16 21:00:00,0.1339809154928479,0.01914013078469256,45.15266888603876,0.04506333036067765,0.9090186238567713
11,12.985385,77.607684,2026-01-17,04:00:00,2026-01-17 04:00:00,4,17,Saturday,1,True,12.982479,77.609762,2026-01-17 04:00:00,0.3976932512373794,0.0,45.550362137276146,0.04506333036067765,0.9090186238567713
11,12.984711,77.606402,2026-01-17,10:00:00,2026-01-17 10:00:00,10,17,Saturday,1,True,12.985385,77.607684,2026-01-17 04:00:00,0.16123348388851197,0.026872247314751994,45.711595621164655,0.04506333036067765,0.9090186238567713
11,12.985852,77.607361,2026-01-17,16:00:00,2026-01-17 16:00:00,16,17,Saturday,1,True,12.984711,77.606402,2026-01-17 10:00:00,0.16592140505150174,0.027653567508583624,45.877517026216154,0.04506333036067765,0.9090186238567713
11,12.986132,77.608976,2026-01-17,16:00:00,2026-01-17 16:00:00,16,17,Saturday,1,True,12.985852,77.607361,2026-01-17 16:00:00,0.1824638034664457,0.0,46.0599808296826,0.04506333036067765,0.9090186238567713
11,12.984332,77.605899,2026-01-17,22:00:00,2026-01-17 22:00:00,22,17,Saturday,1,True,12.986132,77.608976,2026-01-17 16:00:00,0.3968355651619651,0.06613926086032752,46.456816394844566,0.04506333036067765,0.9090186238567713
11,12.983482,77.6052,2026-01-17,22:00:00,2026-01-17 22:00:00,22,17,Saturday,1,True,12.984332,77.605899,2026-01-17 22:00:00,0.12250769793254634,0.0,46.579324092777114,0.04506333036067765,0.9090186238567713
11,12.986376,77.604626,2026-01-18,05:00:00,2026-01-18 05:00:00,5,18,Sunday,1,True,12.983482,77.6052,2026-01-17 22:00:00,0.3284357329143066,0.04691939041632952,46.90775982569142,0.04506333036067765,0.9090186238567713
11,12.984847,77.609839,2026-01-18,05:00:00,2026-01-18 05:00:00,5,18,Sunday,1,True,12.986376,77.604626,2026-01-18 05:00:00,0.6047577209104429,0.0,47.51251754660186,0.04506333036067765,0.9090186238567713
11,12.983338,77.606782,2026-01-18,11:00:00,2026-01-18 11:00:00,11,18,Sunday,1,True,12.984847,77.609839,2026-01-18 05:00:00,0.3795070070231642,0.06325116783719403,47.89202455362503,0.04506333036067765,0.9090186238567713
11,12.984643,77.609272,2026-01-18,17:00:00,2026-01-18 17:00:00,17,18,Sunday,1,True,12.983338,77.606782,2026-01-18 11:00:00,0.31294831906490816,0.052158053177484696,48.204972872689936,0.04506333036067765,0.9090186238567713
11,12.98642,77.6098,2026-01-18,17:00:00,2026-01-18 17:00:00,17,18,Sunday,1,True,12.984643,77.609272,2026-01-18 17:00:00,0.20636317126733847,0.0,48.41133604395728,0.04506333036067765,0.9090186238567713
11,12.986901,77.606027,2026-01-18,23:00:00,2026-01-18 23:00:00,23,18,Sunday,1,True,12.98642,77.6098,2026-01-18 17:00:00,0.42340968454443445,0.07056828075740575,48.83474572850171,0.04506333036067765,0.9090186238567713
11,12.98779,77.608408,2026-01-18,23:00:00,2026-01-18 23:00:00,23,18,Sunday,1,True,12.986901,77.606027,2026-01-18 23:00:00,0.2829254685853493,0.0,49.117671197087056,0.04506333036067765,0.9090186238567713
11,12.986216,77.608581,2026-01-19,00:00:00,2026-01-19 00:00:00,0,19,Monday,1,False,12.98779,77.608408,2026-01-18 23:00:00,0.1762728561477292,0.1762728561477292,49.29394405323479,0.04506333036067765,0.9090186238567713
11,12.986805,77.604714,2026-01-19,00:00:00,2026-01-19 00:00:00,0,19,Monday,1,False,12.986216,77.608581,2026-01-19 00:00:00,0.4354392471135596,0.0,49.729383300348346,0.04506333036067765,0.9090186238567713
11,12.983853,77.605403,2026-01-19,06:00:00,2026-01-19 06:00:00,6,19,Monday,1,False,12.986805,77.604714,2026-01-19 00:00:00,0.3374488202929411,0.056241470048823516,50.06683212064129,0.04506333036067765,0.9090186238567713
11,12.986283,77.606964,2026-01-19,06:00:00,2026-01-19 06:00:00,6,19,Monday,1,False,12.983853,77.605403,2026-01-19 06:00:00,0.3215129161934548,0.0,50.38834503683474,0.04506333036067765,0.9090186238567713
11,12.988943,77.609356,2026-01-19,12:00:00,2026-01-19 12:00:00,12,19,Monday,1,False,12.986283,77.606964,2026-01-19 06:00:00,0.3982279721697777,0.06637132869496294,50.78657300900452,0.04506333036067765,0.9090186238567713
11,12.987574,77.608131,2026-01-19,18:00:00,2026-01-19 18:00:00,18,19,Monday,1,False,12.988943,77.609356,2026-01-19 12:00:00,0.20450141486477763,0.034083569144129605,50.9910744238693,0.04506333036067765,0.9090186238567713
11,12.98406,77.605294,2026-01-19,18:00:00,2026-01-19 18:00:00,18,19,Monday,1,False,12.987574,77.608131,2026-01-19 18:00:00,0.5027520426406858,0.0,51.49382646650999,0.04506333036067765,0.9090186238567713
11,12.987629,77.604239,2026-01-20,01:00:00,2026-01-20 01:00:00,1,20,Tuesday,1,False,12.98406,77.605294,2026-01-19 18:00:00,0.41429568241030174,0.059185097487185964,51.908122148920285,0.04506333036067765,0.9090186238567713
11,12.98703,77.608698,2026-01-20,01:00:00,2026-01-20 01:00:00,1,20,Tuesday,1,False,12.987629,77.604239,2026-01-20 01:00:00,0.5008346307222646,0.0,52.40895677964255,0.04506333036067765,0.9090186238567713
11,12.98392,77.607995,2026-01-20,07:00:00,2026-01-20 07:00:00,7,20,Tuesday,1,False,12.98703,77.608698,2026-01-20 01:00:00,0.3549399228186728,0.059156653803112136,52.763896702461224,0.04506333036067765,0.9090186238567713
11,12.991381,77.606158,2026-01-20,07:00:00,2026-01-20 07:00:00,7,20,Tuesday,1,False,12.98392,77.607995,2026-01-20 07:00:00,0.8553628439041636,0.0,53.619259546365384,0.04506333036067765,0.9090186238567713
11,12.981672,77.607348,2026-01-20,13:00:00,2026-01-20 13:00:00,13,20,Tuesday,1,False,12.991381,77.606158,2026-01-20 07:00:00,1.0888938713647272,0.1814823118941212,54.70815341773012,0.04506333036067765,0.9090186238567713
11,12.985453,77.607073,2026-01-20,19:00:00,2026-01-20 19:00:00,19,20,Tuesday,1,False,12.981672,77.607348,2026-01-20 13:00:00,0.4220127251942332,0.07033545419903887,55.130166142924345,0.04506333036067765,0.9090186238567713
11,12.986485,77.610784,2026-01-20,19:00:00,2026-01-20 19:00:00,19,20,Tuesday,1,False,12.985453,77.607073,2026-01-20 19:00:00,0.4287850024938031,0.0,55.55895114541815,0.04506333036067765,0.9090186238567713
11,12.985396,77.609086,2026-01-21,02:00:00,2026-01-21 02:00:00,2,21,Wednesday,1,False,12.986485,77.610784,2026-01-20 19:00:00,0.22455550860089446,0.03207935837155635,55.78350665401904,0.04506333036067765,0.9090186238567713
11,12.987722,77.606097,2026-01-21,02:00:00,2026-01-21 02:00:00,2,21,Wednesday,1,False,12.985396,77.609086,2026-01-21 02:00:00,0.42161334213482377,0.0,56.20511999615387,0.04506333036067765,0.9090186238567713
11,12.985305,77.605765,2026-01-21,08:00:00,2026-01-21 08:00:00,8,21,Wednesday,1,False,12.987722,77.606097,2026-01-21 02:00:00,0.27158687721769603,0.045264479536282674,56.47670687337156,0.04506333036067765,0.9090186238567713
11,12.98572,77.608193,2026-01-21,14:00:00,2026-01-21 14:00:00,14,21,Wednesday,1,False,12.985305,77.605765,2026-01-21 08:00:00,0.27420466138767513,0.045700776897945855,56.75091153475924,0.04506333036067765,0.9090186238567713
11,12.985285,77.612512,2026-01-21,20:00:00,2026-01-21 20:00:00,20,21,Wednesday,1,False,12.98572,77.608193,2026-01-21 14:00:00,0.48322351531430785,0.08053725255238464,57.23413505007355,0.04506333036067765,0.9090186238567713
11,12.981195,77.607953,2026-01-21,20:00:00,2026-01-21 20:00:00,20,21,Wednesday,1,False,12.985285,77.612512,2026-01-21 20:00:00,0.6818073375547907,0.0,57.91594238762834,0.04506333036067765,0.9090186238567713
11,12.984227,77.607538,2026-01-22,03:00:00,2026-01-22 03:00:00,3,22,Thursday,1,False,12.981195,77.607953,2026-01-21 20:00:00,0.34066919323506273,0.04866702760500896,58.2566115808634,0.04506333036067765,0.9090186238567713
11,12.980351,77.605414,2026-01-22,03:00:00,2026-01-22 03:00:00,3,22,Thursday,1,False,12.984227,77.607538,2026-01-22 03:00:00,0.49201364669403624,0.0,58.74862522755744,0.04506333036067765,0.9090186238567713
11,12.98426,77.606767,2026-01-22,09:00:00,2026-01-22 09:00:00,9,22,Thursday,1,False,12.980351,77.605414,2026-01-22 03:00:00,0.4604786482249177,0.07674644137081961,59.209103875782354,0.04506333036067765,0.9090186238567713
11,12.984192,77.608712,2026-01-22,15:00:00,2026-01-22 15:00:00,15,22,Thursday,1,False,12.98426,77.606767,2026-01-22 09:00:00,0.21664968444204444,0.03610828074034074,59.4257535602244,0.04506333036067765,0.9090186238567713
11,12.982457,77.604596,2026-01-22,21:00:00,2026-01-22 21:00:00,21,22,Thursday,1,False,12.984192,77.608712,2026-01-22 15:00:00,0.49723643477825713,0.08287273912970952,59.92298999500266,0.04506333036067765,0.9090186238567713
11,12.983708,77.603788,2026-01-22,21:00:00,2026-01-22 21:00:00,21,22,Thursday,1,False,12.982457,77.604596,2026-01-22 21:00:00,0.16578328897720654,0.0,60.08877328397986,0.04506333036067765,0.9090186238567713
11,12.98561,77.603078,2026-01-23,04:00:00,2026-01-23 04:00:00,4,23,Friday,1,False,12.983708,77.603788,2026-01-22 21:00:00,0.22600164357496635,0.03228594908213805,60.31477492755483,0.04506333036067765,0.9090186238567713
11,12.982824,77.61266,2026-01-23,04:00:00,2026-01-23 04:00:00,4,23,Friday,1,False,12.98561,77.603078,2026-01-23 04:00:00,1.1108404095721658,0.0,61.42561533712699,0.04506333036067765,0.9090186238567713
11,12.989354,77.610622,2026-01-23,10:00:00,2026-01-23 10:00:00,10,23,Friday,1,False,12.982824,77.61266,2026-01-23 04:00:00,0.7614999503364925,0.12691665838941543,62.187115287463484,0.04506333036067765,0.9090186238567713
11,12.98202,77.608357,2026-01-23,16:00:00,2026-01-23 16:00:00,16,23,Friday,1,False,12.989354,77.610622,2026-01-23 10:00:00,0.8544691521901288,0.14241152536502147,63.04158443965362,0.04506333036067765,0.9090186238567713
11,12.982315,77.609001,2026-01-23,22:00:00,2026-01-23 22:00:00,22,23,Friday,1,False,12.98202,77.608357,2026-01-23 16:00:00,0.07885362238283808,0.01314227039713968,63.120438062036456,0.04506333036067765,0.9090186238567713
11,12.984532,77.606157,2026-01-23,22:00:00,2026-01-23 22:00:00,22,23,Friday,1,False,12.982315,77.609001,2026-01-23 22:00:00,0.40142283727814987,0.0,63.5218608993146,0.04506333036067765,0.9090186238567713
11,12.986628,77.607231,2026-01-24,05:00:00,2026-01-24 05:00:00,5,24,Saturday,1,True,12.984532,77.606157,2026-01-23 22:00:00,0.2621743639507986,0.037453480564399795,63.7840352632654,0.04506333036067765,0.9090186238567713
11,12.983109,77.610536,2026-01-24,05:00:00,2026-01-24 05:00:00,5,24,Saturday,1,True,12.986628,77.607231,2026-01-24 05:00:00,0.5374160903257967,0.0,64.3214513535912,0.04506333036067765,0.9090186238567713
11,12.985988,77.609826,2026-01-24,11:00:00,2026-01-24 11:00:00,11,24,Saturday,1,True,12.983109,77.610536,2026-01-24 05:00:00,0.3300922576466895,0.05501537627444825,64.65154361123788,0.04506333036067765,0.9090186238567713
11,12.98629,77.606314,2026-01-24,17:00:00,2026-01-24 17:00:00,17,24,Saturday,1,True,12.985988,77.609826,2026-01-24 11:00:00,0.3923986261260436,0.06539977102100726,65.04394223736394,0.04506333036067765,0.9090186238567713
11,12.98278,77.607931,2026-01-24,23:00:00,2026-01-24 23:00:00,23,24,Saturday,1,True,12.98629,77.606314,2026-01-24 17:00:00,0.43020231519812013,0.07170038586635336,65.47414455256205,0.04506333036067765,0.9090186238567713
11,12.981333,77.611516,2026-01-24,23:00:00,2026-01-24 23:00:00,23,24,Saturday,1,True,12.98278,77.607931,2026-01-24 23:00:00,0.4303642429888417,0.0,65.9045087955509,0.04506333036067765,0.9090186238567713
11,12.98719,77.605826,2026-01-25,00:00:00,2026-01-25 00:00:00,0,25,Sunday,1,True,12.981333,77.611516,2026-01-24 23:00:00,0.9090186238567713,0.9090186238567713,66.81352741940766,0.04506333036067765,0.9090186238567713
11,12.984169,77.610033,2026-01-25,00:00:00,2026-01-25 00:00:00,0,25,Sunday,1,True,12.98719,77.605826,2026-01-25 00:00:00,0.5765611967537927,0.0,67.39008861616146,0.04506333036067765,0.9090186238567713
11,12.985392,77.604907,2026-01-25,06:00:00,2026-01-25 06:00:00,6,25,Sunday,1,True,12.984169,77.610033,2026-01-25 00:00:00,0.5866427224785705,0.09777378707976175,67.97673133864004,0.04506333036067765,0.9090186238567713
11,12.985728,77.606398,2026-01-25,06:00:00,2026-01-25 06:00:00,6,25,Sunday,1,True,12.985392,77.604907,2026-01-25 06:00:00,0.17014041150527812,0.0,68.14687175014531,0.04506333036067765,0.9090186238567713
11,12.986225,77.60533,2026-01-25,12:00:00,2026-01-25 12:00:00,12,25,Sunday,1,True,12.985728,77.606398,2026-01-25 06:00:00,0.13113255024983875,0.02185542504163979,68.27800430039514,0.04506333036067765,0.9090186238567713
11,12.985081,77.606343,2026-01-25,18:00:00,2026-01-25 18:00:00,18,25,Sunday,1,True,12.986225,77.60533,2026-01-25 12:00:00,0.1701013675738157,0.028350227928969282,68.44810566796896,0.04506333036067765,0.9090186238567713
11,12.984706,77.607798,2026-01-26,01:00:00,2026-01-26 01:00:00,1,26,Monday,1,False,12.985081,77.606343,2026-01-25 18:00:00,0.1672636251239814,0.0238948035891402,68.61536929309294,0.04506333036067765,0.9090186238567713
11,12.983657,77.610372,2026-01-26,01:00:00,2026-01-26 01:00:00,1,26,Monday,1,False,12.984706,77.607798,2026-01-26 01:00:00,0.3094190814229277,0.0,68.92478837451587,0.04506333036067765,0.9090186238567713
11,12.983953,77.608801,2026-01-26,07:00:00,2026-01-26 07:00:00,7,26,Monday,1,False,12.983657,77.610372,2026-01-26 01:00:00,0.17796085375581805,0.029660142292636343,69.10274922827169,0.04506333036067765,0.9090186238567713
11,12.985976,77.606507,2026-01-26,07:00:00,2026-01-26 07:00:00,7,26,Monday,1,False,12.983953,77.608801,2026-01-26 07:00:00,0.3404820970732993,0.0,69.44323132534498,0.04506333036067765,0.9090186238567713
11,12.986419,77.603942,2026-01-26,13:00:00,2026-01-26 13:00:00,13,26,Monday,1,False,12.985976,77.606507,2026-01-26 07:00:00,0.2897630732768503,0.04829384554614172,69.73299439862184,0.04506333036067765,0.9090186238567713
11,12.985762,77.610659,2026-01-26,19:00:00,2026-01-26 19:00:00,19,26,Monday,1,False,12.986419,77.603942,2026-01-26 13:00:00,0.7513047581227099,0.1252174596871183,70.48429915674456,0.04506333036067765,0.9090186238567713
11,12.98626,77.60952,2026-01-27,02:00:00,2026-01-27 02:00:00,2,27,Tuesday,1,False,12.985762,77.610659,2026-01-26 19:00:00,0.1383831183856613,0.01976901691223733,70.62268227513022,0.04506333036067765,0.9090186238567713
11,12.985074,77.609083,2026-01-27,02:00:00,2026-01-27 02:00:00,2,27,Tuesday,1,False,12.98626,77.60952,2026-01-27 02:00:00,0.14070271132188056,0.0,70.7633849864521,0.04506333036067765,0.9090186238567713
11,12.981686,77.609765,2026-01-27,08:00:00,2026-01-27 08:00:00,8,27,Tuesday,1,False,12.985074,77.609083,2026-01-27 02:00:00,0.3847176037488052,0.06411960062480086,71.14810259020089,0.04506333036067765,0.9090186238567713
11,12.983371,77.610773,2026-01-27,08:00:00,2026-01-27 08:00:00,8,27,Tuesday,1,False,12.981686,77.609765,2026-01-27 08:00:00,0.2185755939740984,0.0,71.36667818417499,0.04506333036067765,0.9090186238567713
11,12.982718,77.607944,2026-01-27,14:00:00,2026-01-27 14:00:00,14,27,Tuesday,1,False,12.983371,77.610773,2026-01-27 08:00:00,0.3232049244388881,0.05386748740648135,71.68988310861388,0.04506333036067765,0.9090186238567713
11,12.987577,77.604588,2026-01-27,20:00:00,2026-01-27 20:00:00,20,27,Tuesday,1,False,12.982718,77.607944,2026-01-27 14:00:00,0.6573784569974463,0.10956307616624106,72.34726156561133,0.04506333036067765,0.9090186238567713
11,12.982099,77.609945,2026-01-28,03:00:00,2026-01-28 03:00:00,3,28,Wednesday,1,False,12.987577,77.604588,2026-01-27 20:00:00,0.8529315807610035,0.12184736868014336,73.20019314637233,0.04506333036067765,0.9090186238567713
11,12.986933,77.60641,2026-01-28,03:00:00,2026-01-28 03:00:00,3,28,Wednesday,1,False,12.982099,77.609945,2026-01-28 03:00:00,0.6666551440995878,0.0,73.86684829047192,0.04506333036067765,0.9090186238567713
11,12.987247,77.609996,2026-01-28,09:00:00,2026-01-28 09:00:00,9,28,Wednesday,1,False,12.986933,77.60641,2026-01-28 03:00:00,0.40072095288607823,0.06678682548101304,74.267569243358,0.04506333036067765,0.9090186238567713
11,12.983626,77.607569,2026-01-28,09:00:00,2026-01-28 09:00:00,9,28,Wednesday,1,False,12.987247,77.609996,2026-01-28 09:00:00,0.48525778522392976,0.0,74.75282702858193,0.04506333036067765,0.9090186238567713
11,12.986247,77.60729,2026-01-28,15:00:00,2026-01-28 15:00:00,15,28,Wednesday,1,False,12.983626,77.607569,2026-01-28 09:00:00,0.2934181082780449,0.04890301804634081,75.04624513685997,0.04506333036067765,0.9090186238567713
11,12.984054,77.607101,2026-01-28,21:00:00,2026-01-28 21:00:00,21,28,Wednesday,1,False,12.986247,77.60729,2026-01-28 15:00:00,0.24502970873704705,0.040838284789507844,75.29127484559702,0.04506333036067765,0.9090186238567713
11,12.984756,77.604469,2026-01-29,04:00:00,2026-01-29 04:00:00,4,29,Thursday,1,False,12.984054,77.607101,2026-01-28 21:00:00,0.3032367425244417,0.043319534646348815,75.59451158812146,0.04506333036067765,0.9090186238567713
11,12.983899,77.608035,2026-01-29,04:00:00,2026-01-29 04:00:00,4,29,Thursday,1,False,12.984756,77.604469,2026-01-29 04:00:00,0.4082698751502892,0.0,76.00278146327175,0.04506333036067765,0.9090186238567713
11,12.987104,77.608304,2026-01-29,10:00:00,2026-01-29 10:00:00,10,29,Thursday,1,False,12.983899,77.608035,2026-01-29 04:00:00,0.3580350602283025,0.059672510038050415,76.36081652350005,0.04506333036067765,0.9090186238567713
11,12.987797,77.606894,2026-01-29,10:00:00,2026-01-29 10:00:00,10,29,Thursday,1,False,12.987104,77.608304,2026-01-29 10:00:00,0.17489463199636443,0.0,76.53571115549641,0.04506333036067765,0.9090186238567713
11,12.98777,77.606804,2026-01-29,16:00:00,2026-01-29 16:00:00,16,29,Thursday,1,False,12.987797,77.606894,2026-01-29 10:00:00,0.010459934285198308,0.0017433223808663847,76.54617108978161,0.04506333036067765,0.9090186238567713
11,12.987363,77.608198,2026-01-29,22:00:00,2026-01-29 22:00:00,22,29,Thursday,1,False,12.98777,77.606804,2026-01-29 16:00:00,0.16165891013297307,0.026943151688828843,76.7078299999146,0.04506333036067765,0.9090186238567713
11,12.986197,77.607466,2026-01-30,05:00:00,2026-01-30 05:00:00,5,30,Friday,1,False,12.987363,77.608198,2026-01-29 22:00:00,0.1532573615265716,0.021893908789510228,76.86108736144116,0.04506333036067765,0.9090186238567713
11,12.984745,77.606638,2026-01-30,05:00:00,2026-01-30 05:00:00,5,30,Friday,1,False,12.986197,77.607466,2026-01-30 05:00:00,0.1860705724869912,0.0,77.04715793392815,0.04506333036067765,0.9090186238567713
11,12.985328,77.608125,2026-01-30,11:00:00,2026-01-30 11:00:00,11,30,Friday,1,False,12.984745,77.606638,2026-01-30 05:00:00,0.1778006580600061,0.02963344301000102,77.22495859198816,0.04506333036067765,0.9090186238567713
11,12.987702,77.608179,2026-01-30,11:00:00,2026-01-30 11:00:00,11,30,Friday,1,False,12.985328,77.608125,2026-01-30 11:00:00,0.264342038707369,0.0,77.48930063069552,0.04506333036067765,0.9090186238567713
11,12.988735,77.608904,2026-01-30,17:00:00,2026-01-30 17:00:00,17,30,Friday,1,False,12.987702,77.608179,2026-01-30 11:00:00,0.14048892728702106,0.02341482121450351,77.62978955798255,0.04506333036067765,0.9090186238567713
11,12.986168,77.604917,2026-01-30,23:00:00,2026-01-30 23:00:00,23,30,Friday,1,False,12.988735,77.608904,2026-01-30 17:00:00,0.5278688055694032,0.0879781342615672,78.15765836355195,0.04506333036067765,0.9090186238567713
12,12.953581,77.610226,2026-01-01,00:00:00,2026-01-01 00:00:00,0,1,Thursday,1,False,,,,0.0,0.0,0.0,0.04257898522348363,0.5723434090169747
12,12.957143,77.613356,2026-01-01,00:00:00,2026-01-01 00:00:00,0,1,Thursday,1,False,12.953581,77.610226,2026-01-01 00:00:00,0.5278580770202281,0.0,0.5278580770202281,0.04257898522348363,0.5723434090169747
12,12.955357,77.612378,2026-01-01,06:00:00,2026-01-01 06:00:00,6,1,Thursday,1,False,12.957143,77.613356,2026-01-01 00:00:00,0.2266744189141201,0.03777906981902002,0.7545324959343482,0.04257898522348363,0.5723434090169747
12,12.953244,77.613586,2026-01-01,06:00:00,2026-01-01 06:00:00,6,1,Thursday,1,False,12.955357,77.612378,2026-01-01 06:00:00,0.2709454936292807,0.0,1.025477989563629,0.04257898522348363,0.5723434090169747
12,12.954407,77.615015,2026-01-01,12:00:00,2026-01-01 12:00:00,12,1,Thursday,1,False,12.953244,77.613586,2026-01-01 06:00:00,0.20510117140700143,0.03418352856783357,1.2305791609706305,0.04257898522348363,0.5723434090169747
12,12.951704,77.614913,2026-01-01,12:00:00,2026-01-01 12:00:00,12,1,Thursday,1,False,12.954407,77.615015,2026-01-01 12:00:00,0.3011121222762542,0.0,1.5316912832468845,0.04257898522348363,0.5723434090169747
12,12.953108,77.610969,2026-01-01,18:00:00,2026-01-01 18:00:00,18,1,Thursday,1,False,12.951704,77.614913,2026-01-01 12:00:00,0.46603545974202604,0.07767257662367101,1.9977267429889107,0.04257898522348363,0.5723434090169747
12,12.952613,77.610298,2026-01-02,01:00:00,2026-01-02 01:00:00,1,2,Friday,1,False,12.953108,77.610969,2026-01-01 18:00:00,0.0928215237853699,0.013260217683624271,2.0905482667742805,0.04257898522348363,0.5723434090169747
12,12.949828,77.612139,2026-01-02,01:00:00,2026-01-02 01:00:00,1,2,Friday,1,False,12.952613,77.610298,2026-01-02 01:00:00,0.37164054874563873,0.0,2.4621888155199194,0.04257898522348363,0.5723434090169747
12,12.953292,77.613612,2026-01-02,07:00:00,2026-01-02 07:00:00,7,2,Friday,1,False,12.949828,77.612139,2026-01-02 01:00:00,0.4190281320737921,0.06983802201229868,2.8812169475937113,0.04257898522348363,0.5723434090169747
12,12.952418,77.61328,2026-01-02,07:00:00,2026-01-02 07:00:00,7,2,Friday,1,False,12.953292,77.613612,2026-01-02 07:00:00,0.10407675855748533,0.0,2.9852937061511966,0.04257898522348363,0.5723434090169747
12,12.953049,77.613413,2026-01-02,13:00:00,2026-01-02 13:00:00,13,2,Friday,1,False,12.952418,77.61328,2026-01-02 07:00:00,0.07178629686099393,0.011964382810165654,3.0570800030121905,0.04257898522348363,0.5723434090169747
12,12.950095,77.610112,2026-01-02,13:00:00,2026-01-02 13:00:00,13,2,Friday,1,False,12.953049,77.613413,2026-01-02 13:00:00,0.4931201712954089,0.0,3.5502001743075997,0.04257898522348363,0.5723434090169747
12,12.951904,77.613698,2026-01-02,19:00:00,2026-01-02 19:00:00,19,2,Friday,1,False,12.950095,77.610112,2026-01-02 13:00:00,0.44711130265653315,0.07451855044275553,3.997311476964133,0.04257898522348363,0.5723434090169747
12,12.955207,77.611742,2026-01-03,02:00:00,2026-01-03 02:00:00,2,3,Saturday,1,True,12.951904,77.613698,2026-01-02 19:00:00,0.42732592995236063,0.0610465614217658,4.424637406916493,0.04257898522348363,0.5723434090169747
12,12.955914,77.6088,2026-01-03,02:00:00,2026-01-03 02:00:00,2,3,Saturday,1,True,12.955207,77.611742,2026-01-03 02:00:00,0.33682740862147653,0.0,4.76146481553797,0.04257898522348363,0.5723434090169747
12,12.954335,77.614258,2026-01-03,08:00:00,2026-01-03 08:00:00,8,3,Saturday,1,True,12.955914,77.6088,2026-01-03 02:00:00,0.6324994822610452,0.10541658037684087,5.393964297799015,0.04257898522348363,0.5723434090169747
12,12.95542,77.615425,2026-01-03,08:00:00,2026-01-03 08:00:00,8,3,Saturday,1,True,12.954335,77.614258,2026-01-03 08:00:00,0.17738394024739237,0.0,5.571348238046408,0.04257898522348363,0.5723434090169747
12,12.951654,77.608587,2026-01-03,14:00:00,2026-01-03 14:00:00,14,3,Saturday,1,True,12.95542,77.615425,2026-01-03 08:00:00,0.8690164267715415,0.14483607112859023,6.440364664817949,0.04257898522348363,0.5723434090169747
12,12.948465,77.613611,2026-01-03,14:00:00,2026-01-03 14:00:00,14,3,Saturday,1,True,12.951654,77.608587,2026-01-03 14:00:00,0.6624269339715512,0.0,7.1027915987895,0.04257898522348363,0.5723434090169747
12,12.952863,77.611112,2026-01-03,20:00:00,2026-01-03 20:00:00,20,3,Saturday,1,True,12.948465,77.613611,2026-01-03 14:00:00,0.5631010268206772,0.09385017113677953,7.665892625610177,0.04257898522348363,0.5723434090169747
12,12.953633,77.614983,2026-01-04,03:00:00,2026-01-04 03:00:00,3,4,Sunday,1,True,12.952863,77.611112,2026-01-03 20:00:00,0.4393621584898035,0.06276602264140049,8.10525478409998,0.04257898522348363,0.5723434090169747
12,12.956836,77.612382,2026-01-04,03:00:00,2026-01-04 03:00:00,3,4,Sunday,1,True,12.953633,77.614983,2026-01-04 03:00:00,0.4593135236369853,0.0,8.564568307736966,0.04257898522348363,0.5723434090169747
12,12.950858,77.613802,2026-01-04,09:00:00,2026-01-04 09:00:00,9,4,Sunday,1,True,12.956836,77.612382,2026-01-04 03:00:00,0.6839876567152959,0.11399794278588266,9.248555964452262,0.04257898522348363,0.5723434090169747
12,12.950536,77.615278,2026-01-04,09:00:00,2026-01-04 09:00:00,9,4,Sunday,1,True,12.950858,77.613802,2026-01-04 09:00:00,0.1681728007547836,0.0,9.416728765207045,0.04257898522348363,0.5723434090169747
12,12.952362,77.608392,2026-01-04,15:00:00,2026-01-04 15:00:00,15,4,Sunday,1,True,12.950536,77.615278,2026-01-04 09:00:00,0.7930428674458,0.13217381124096667,10.209771632652846,0.04257898522348363,0.5723434090169747
12,12.95779,77.613995,2026-01-04,15:00:00,2026-01-04 15:00:00,15,4,Sunday,1,True,12.952362,77.608392,2026-01-04 15:00:00,0.8684158248582272,0.0,11.078187457511072,0.04257898522348363,0.5723434090169747
12,12.953629,77.612101,2026-01-04,21:00:00,2026-01-04 21:00:00,21,4,Sunday,1,True,12.95779,77.613995,2026-01-04 15:00:00,0.5089303624947904,0.08482172708246506,11.587117820005863,0.04257898522348363,0.5723434090169747
12,12.9562,77.613497,2026-01-05,04:00:00,2026-01-05 04:00:00,4,5,Monday,1,False,12.953629,77.612101,2026-01-04 21:00:00,0.3256724961143001,0.046524642302042875,11.912790316120164,0.04257898522348363,0.5723434090169747
12,12.952108,77.611091,2026-01-05,04:00:00,2026-01-05 04:00:00,4,5,Monday,1,False,12.9562,77.613497,2026-01-05 04:00:00,0.5284277266964035,0.0,12.441218042816567,0.04257898522348363,0.5723434090169747
12,12.955276,77.609887,2026-01-05,10:00:00,2026-01-05 10:00:00,10,5,Monday,1,False,12.952108,77.611091,2026-01-05 04:00:00,0.37727200381628545,0.06287866730271424,12.818490046632853,0.04257898522348363,0.5723434090169747
12,12.95182,77.612765,2026-01-05,10:00:00,2026-01-05 10:00:00,10,5,Monday,1,False,12.955276,77.609887,2026-01-05 10:00:00,0.500653207059376,0.0,13.319143253692229,0.04257898522348363,0.5723434090169747
12,12.953038,77.614637,2026-01-05,16:00:00,2026-01-05 16:00:00,16,5,Monday,1,False,12.95182,77.612765,2026-01-05 10:00:00,0.2486179120947705,0.04143631868246175,13.567761165787,0.04257898522348363,0.5723434090169747
12,12.952799,77.610915,2026-01-05,16:00:00,2026-01-05 16:00:00,16,5,Monday,1,False,12.953038,77.614637,2026-01-05 16:00:00,0.4151863673114964,0.0,13.982947533098494,0.04257898522348363,0.5723434090169747
12,12.953009,77.609329,2026-01-05,22:00:00,2026-01-05 22:00:00,22,5,Monday,1,False,12.952799,77.610915,2026-01-05 16:00:00,0.17809446623730796,0.029682411039551326,14.161041999335803,0.04257898522348363,0.5723434090169747
12,12.951838,77.609087,2026-01-06,05:00:00,2026-01-06 05:00:00,5,6,Tuesday,1,False,12.953009,77.609329,2026-01-05 22:00:00,0.13311028196279232,0.019015754566113187,14.294152281298595,0.04257898522348363,0.5723434090169747
12,12.953249,77.612941,2026-01-06,05:00:00,2026-01-06 05:00:00,5,6,Tuesday,1,False,12.951838,77.609087,2026-01-06 05:00:00,0.4568765517332921,0.0,14.751028833031887,0.04257898522348363,0.5723434090169747
12,12.953534,77.608064,2026-01-06,11:00:00,2026-01-06 11:00:00,11,6,Tuesday,1,False,12.953249,77.612941,2026-01-06 05:00:00,0.5438338508567885,0.09063897514279808,15.294862683888676,0.04257898522348363,0.5723434090169747
12,12.957252,77.61181,2026-01-06,11:00:00,2026-01-06 11:00:00,11,6,Tuesday,1,False,12.953534,77.608064,2026-01-06 11:00:00,0.5875338410515678,0.0,15.882396524940244,0.04257898522348363,0.5723434090169747
12,12.953451,77.613252,2026-01-06,17:00:00,2026-01-06 17:00:00,17,6,Tuesday,1,False,12.957252,77.61181,2026-01-06 11:00:00,0.45255331588644665,0.0754255526477411,16.33494984082669,0.04257898522348363,0.5723434090169747
12,12.9541,77.612993,2026-01-06,17:00:00,2026-01-06 17:00:00,17,6,Tuesday,1,False,12.953451,77.613252,2026-01-06 17:00:00,0.07778727450792756,0.0,16.412737115334618,0.04257898522348363,0.5723434090169747
12,12.953365,77.611775,2026-01-06,23:00:00,2026-01-06 23:00:00,23,6,Tuesday,1,False,12.9541,77.612993,2026-01-06 17:00:00,0.15836219810967547,0.026393699684945912,16.571099313444293,0.04257898522348363,0.5723434090169747
12,12.955098,77.613607,2026-01-07,00:00:00,2026-01-07 00:00:00,0,7,Wednesday,1,False,12.953365,77.611775,2026-01-06 23:00:00,0.2807276094205488,0.2807276094205488,16.85182692286484,0.04257898522348363,0.5723434090169747
12,12.953654,77.611465,2026-01-07,06:00:00,2026-01-07 06:00:00,6,7,Wednesday,1,False,12.955098,77.613607,2026-01-07 00:00:00,0.2875699634492986,0.047928327241549766,17.13939688631414,0.04257898522348363,0.5723434090169747
12,12.952431,77.61096,2026-01-07,06:00:00,2026-01-07 06:00:00,6,7,Wednesday,1,False,12.953654,77.611465,2026-01-07 06:00:00,0.14729423911079223,0.0,17.286691125424934,0.04257898522348363,0.5723434090169747
12,12.949973,77.611219,2026-01-07,12:00:00,2026-01-07 12:00:00,12,7,Wednesday,1,False,12.952431,77.61096,2026-01-07 06:00:00,0.27513937766079855,0.045856562943466427,17.56183050308573,0.04257898522348363,0.5723434090169747
12,12.952508,77.611422,2026-01-07,12:00:00,2026-01-07 12:00:00,12,7,Wednesday,1,False,12.949973,77.611219,2026-01-07 12:00:00,0.28309956391805696,0.0,17.844930067003787,0.04257898522348363,0.5723434090169747
12,12.953491,77.612857,2026-01-07,18:00:00,2026-01-07 18:00:00,18,7,Wednesday,1,False,12.952508,77.611422,2026-01-07 12:00:00,0.19363006047928996,0.03227167674654833,18.038560127483077,0.04257898522348363,0.5723434090169747
12,12.950873,77.615892,2026-01-07,18:00:00,2026-01-07 18:00:00,18,7,Wednesday,1,False,12.953491,77.612857,2026-01-07 18:00:00,0.44618562738505313,0.0,18.484745754868133,0.04257898522348363,0.5723434090169747
12,12.954243,77.617268,2026-01-08,01:00:00,2026-01-08 01:00:00,1,8,Thursday,1,False,12.950873,77.615892,2026-01-07 18:00:00,0.40521513672505277,0.05788787667500754,18.889960891593184,0.04257898522348363,0.5723434090169747
12,12.95555,77.608848,2026-01-08,07:00:00,2026-01-08 07:00:00,7,8,Thursday,1,False,12.954243,77.617268,2026-01-08 01:00:00,0.9485394822094873,0.1580899137015812,19.83850037380267,0.04257898522348363,0.5723434090169747
12,12.957307,77.610144,2026-01-08,07:00:00,2026-01-08 07:00:00,7,8,Thursday,1,False,12.95555,77.608848,2026-01-08 07:00:00,0.2430415426494372,0.0,20.08154191645211,0.04257898522348363,0.5723434090169747
12,12.956064,77.614542,2026-01-08,13:00:00,2026-01-08 13:00:00,13,8,Thursday,1,False,12.957307,77.610144,2026-01-08 07:00:00,0.508763493136798,0.08479391552279968,20.590305409588908,0.04257898522348363,0.5723434090169747
12,12.952444,77.61352,2026-01-08,13:00:00,2026-01-08 13:00:00,13,8,Thursday,1,False,12.956064,77.614542,2026-01-08 13:00:00,0.418730205895409,0.0,21.009035615484315,0.04257898522348363,0.5723434090169747
12,12.954038,77.61475,2026-01-08,19:00:00,2026-01-08 19:00:00,19,8,Thursday,1,False,12.952444,77.61352,2026-01-08 13:00:00,0.22413048379067385,0.037355080631778975,21.23316609927499,0.04257898522348363,0.5723434090169747
12,12.954174,77.614625,2026-01-08,19:00:00,2026-01-08 19:00:00,19,8,Thursday,1,False,12.954038,77.61475,2026-01-08 19:00:00,0.020562886247301366,0.0,21.25372898552229,0.04257898522348363,0.5723434090169747
12,12.955971,77.61279,2026-01-09,02:00:00,2026-01-09 02:00:00,2,9,Friday,1,False,12.954174,77.614625,2026-01-08 19:00:00,0.28590898807170295,0.04084414115310042,21.539637973593994,0.04257898522348363,0.5723434090169747
12,12.956058,77.608071,2026-01-09,08:00:00,2026-01-09 08:00:00,8,9,Friday,1,False,12.955971,77.61279,2026-01-09 02:00:00,0.5254083478009047,0.08756805796681745,22.0650463213949,0.04257898522348363,0.5723434090169747
12,12.954526,77.613694,2026-01-09,08:00:00,2026-01-09 08:00:00,8,9,Friday,1,False,12.956058,77.608071,2026-01-09 08:00:00,0.6487688437446847,0.0,22.713815165139582,0.04257898522348363,0.5723434090169747
12,12.954978,77.610006,2026-01-09,14:00:00,2026-01-09 14:00:00,14,9,Friday,1,False,12.954526,77.613694,2026-01-09 08:00:00,0.4136200623035522,0.06893667705059203,23.127435227443137,0.04257898522348363,0.5723434090169747
12,12.953792,77.609369,2026-01-09,14:00:00,2026-01-09 14:00:00,14,9,Friday,1,False,12.954978,77.610006,2026-01-09 14:00:00,0.14986355514518643,0.0,23.27729878258832,0.04257898522348363,0.5723434090169747
12,12.954891,77.609016,2026-01-09,20:00:00,2026-01-09 20:00:00,20,9,Friday,1,False,12.953792,77.609369,2026-01-09 14:00:00,0.1284967488118603,0.021416124801976716,23.405795531400184,0.04257898522348363,0.5723434090169747
12,12.958731,77.616446,2026-01-09,20:00:00,2026-01-09 20:00:00,20,9,Friday,1,False,12.954891,77.609016,2026-01-09 20:00:00,0.9310405774997743,0.0,24.336836108899956,0.04257898522348363,0.5723434090169747
12,12.951046,77.608126,2026-01-10,03:00:00,2026-01-10 03:00:00,3,10,Saturday,1,True,12.958731,77.616446,2026-01-09 20:00:00,1.2608267780718299,0.18011811115311854,25.597662886971786,0.04257898522348363,0.5723434090169747
12,12.95493,77.614797,2026-01-10,09:00:00,2026-01-10 09:00:00,9,10,Saturday,1,True,12.951046,77.608126,2026-01-10 03:00:00,0.859313229568547,0.14321887159475785,26.456976116540332,0.04257898522348363,0.5723434090169747
12,12.958126,77.611741,2026-01-10,09:00:00,2026-01-10 09:00:00,9,10,Saturday,1,True,12.95493,77.614797,2026-01-10 09:00:00,0.4922503436361793,0.0,26.94922646017651,0.04257898522348363,0.5723434090169747
12,12.956722,77.611312,2026-01-10,15:00:00,2026-01-10 15:00:00,15,10,Saturday,1,True,12.958126,77.611741,2026-01-10 09:00:00,0.16342659408001323,0.027237765680002204,27.112653054256526,0.04257898522348363,0.5723434090169747
12,12.953674,77.611508,2026-01-10,15:00:00,2026-01-10 15:00:00,15,10,Saturday,1,True,12.956722,77.611312,2026-01-10 15:00:00,0.34000415681241153,0.0,27.45265721106894,0.04257898522348363,0.5723434090169747
12,12.95315,77.612392,2026-01-10,21:00:00,2026-01-10 21:00:00,21,10,Saturday,1,True,12.953674,77.611508,2026-01-10 15:00:00,0.11439623648932676,0.019066039414887794,27.567053447558266,0.04257898522348363,0.5723434090169747
12,12.952985,77.609863,2026-01-10,21:00:00,2026-01-10 21:00:00,21,10,Saturday,1,True,12.95315,77.612392,2026-01-10 21:00:00,0.2821268305502399,0.0,27.849180278108506,0.04257898522348363,0.5723434090169747
12,12.953988,77.609725,2026-01-11,04:00:00,2026-01-11 04:00:00,4,11,Sunday,1,True,12.952985,77.609863,2026-01-10 21:00:00,0.11270582391158573,0.01610083198736939,27.961886102020088,0.04257898522348363,0.5723434090169747
12,12.952204,77.612303,2026-01-11,10:00:00,2026-01-11 10:00:00,10,11,Sunday,1,True,12.953988,77.609725,2026-01-11 04:00:00,0.3489973433890144,0.05816622389816906,28.310883445409104,0.04257898522348363,0.5723434090169747
12,12.952637,77.610296,2026-01-11,10:00:00,2026-01-11 10:00:00,10,11,Sunday,1,True,12.952204,77.612303,2026-01-11 10:00:00,0.2285597234601909,0.0,28.539443168869294,0.04257898522348363,0.5723434090169747
12,12.952128,77.612442,2026-01-11,16:00:00,2026-01-11 16:00:00,16,11,Sunday,1,True,12.952637,77.610296,2026-01-11 10:00:00,0.24552046821786774,0.04092007803631129,28.784963637087163,0.04257898522348363,0.5723434090169747
12,12.95349,77.614238,2026-01-11,16:00:00,2026-01-11 16:00:00,16,11,Sunday,1,True,12.952128,77.612442,2026-01-11 16:00:00,0.25091883589308495,0.0,29.035882472980248,0.04257898522348363,0.5723434090169747
12,12.950276,77.61211,2026-01-11,22:00:00,2026-01-11 22:00:00,22,11,Sunday,1,True,12.95349,77.614238,2026-01-11 16:00:00,0.429097520809392,0.071516253468232,29.46497999378964,0.04257898522348363,0.5723434090169747
12,12.949094,77.614418,2026-01-11,22:00:00,2026-01-11 22:00:00,22,11,Sunday,1,True,12.950276,77.61211,2026-01-11 22:00:00,0.28866003670728696,0.0,29.75364003049693,0.04257898522348363,0.5723434090169747
12,12.950823,77.610665,2026-01-12,05:00:00,2026-01-12 05:00:00,5,12,Monday,1,False,12.949094,77.614418,2026-01-11 22:00:00,0.45998806049934154,0.0657125800713345,30.21362809099627,0.04257898522348363,0.5723434090169747
12,12.955669,77.608664,2026-01-12,11:00:00,2026-01-12 11:00:00,11,12,Monday,1,False,12.950823,77.610665,2026-01-12 05:00:00,0.5836366192371869,0.09727276987286448,30.797264710233456,0.04257898522348363,0.5723434090169747
12,12.952948,77.613502,2026-01-12,11:00:00,2026-01-12 11:00:00,11,12,Monday,1,False,12.955669,77.608664,2026-01-12 11:00:00,0.6179020639836539,0.0,31.41516677421711,0.04257898522348363,0.5723434090169747
12,12.954994,77.615882,2026-01-12,17:00:00,2026-01-12 17:00:00,17,12,Monday,1,False,12.952948,77.613502,2026-01-12 11:00:00,0.3493837388683278,0.0582306231447213,31.764550513085435,0.04257898522348363,0.5723434090169747
12,12.953046,77.61284,2026-01-12,17:00:00,2026-01-12 17:00:00,17,12,Monday,1,False,12.954994,77.615882,2026-01-12 17:00:00,0.4021174872562688,0.0,32.16666800034171,0.04257898522348363,0.5723434090169747
12,12.951705,77.608323,2026-01-12,23:00:00,2026-01-12 23:00:00,23,12,Monday,1,False,12.953046,77.61284,2026-01-12 17:00:00,0.5245236095204404,0.08742060158674007,32.691191609862145,0.04257898522348363,0.5723434090169747
12,12.949381,77.613207,2026-01-12,23:00:00,2026-01-12 23:00:00,23,12,Monday,1,False,12.951705,77.608323,2026-01-12 23:00:00,0.6021005623445312,0.0,33.29329217220668,0.04257898522348363,0.5723434090169747
12,12.954281,77.61165,2026-01-13,00:00:00,2026-01-13 00:00:00,0,13,Tuesday,1,False,12.949381,77.613207,2026-01-12 23:00:00,0.5723434090169747,0.5723434090169747,33.86563558122365,0.04257898522348363,0.5723434090169747
12,12.951444,77.612472,2026-01-13,00:00:00,2026-01-13 00:00:00,0,13,Tuesday,1,False,12.954281,77.61165,2026-01-13 00:00:00,0.3288041750184795,0.0,34.19443975624213,0.04257898522348363,0.5723434090169747
12,12.954307,77.613783,2026-01-13,06:00:00,2026-01-13 06:00:00,6,13,Tuesday,1,False,12.951444,77.612472,2026-01-13 00:00:00,0.35053411252799177,0.058422352087998626,34.54497386877012,0.04257898522348363,0.5723434090169747
12,12.953103,77.616055,2026-01-13,12:00:00,2026-01-13 12:00:00,12,13,Tuesday,1,False,12.954307,77.613783,2026-01-13 06:00:00,0.2862374690569077,0.047706244842817956,34.83121133782703,0.04257898522348363,0.5723434090169747
12,12.953379,77.612244,2026-01-13,12:00:00,2026-01-13 12:00:00,12,13,Tuesday,1,False,12.953103,77.616055,2026-01-13 12:00:00,0.4253516223658084,0.0,35.25656296019284,0.04257898522348363,0.5723434090169747
12,12.953929,77.613624,2026-01-13,18:00:00,2026-01-13 18:00:00,18,13,Tuesday,1,False,12.953379,77.612244,2026-01-13 12:00:00,0.1653729695641976,0.027562161594032936,35.42193592975704,0.04257898522348363,0.5723434090169747
12,12.952995,77.613805,2026-01-13,18:00:00,2026-01-13 18:00:00,18,13,Tuesday,1,False,12.953929,77.613624,2026-01-13 18:00:00,0.10590721766088994,0.0,35.527843147417926,0.04257898522348363,0.5723434090169747
12,12.951839,77.612512,2026-01-14,01:00:00,2026-01-14 01:00:00,1,14,Wednesday,1,False,12.952995,77.613805,2026-01-13 18:00:00,0.1930747442978233,0.02758210632826047,35.72091789171575,0.04257898522348363,0.5723434090169747
12,12.951707,77.611228,2026-01-14,01:00:00,2026-01-14 01:00:00,1,14,Wednesday,1,False,12.951839,77.612512,2026-01-14 01:00:00,0.14368820623048334,0.0,35.864606097946236,0.04257898522348363,0.5723434090169747
12,12.953946,77.613762,2026-01-14,07:00:00,2026-01-14 07:00:00,7,14,Wednesday,1,False,12.951707,77.611228,2026-01-14 01:00:00,0.37642421391939507,0.06273736898656584,36.24103031186563,0.04257898522348363,0.5723434090169747
12,12.951458,77.613579,2026-01-14,13:00:00,2026-01-14 13:00:00,13,14,Wednesday,1,False,12.953946,77.613762,2026-01-14 07:00:00,0.2777123446685105,0.046285390778085085,36.51874265653414,0.04257898522348363,0.5723434090169747
12,12.953591,77.60844,2026-01-14,13:00:00,2026-01-14 13:00:00,13,14,Wednesday,1,False,12.951458,77.613579,2026-01-14 13:00:00,0.6193936232178487,0.0,37.13813627975199,0.04257898522348363,0.5723434090169747
12,12.953089,77.609798,2026-01-14,19:00:00,2026-01-14 19:00:00,19,14,Wednesday,1,False,12.953591,77.60844,2026-01-14 13:00:00,0.1611707552572244,0.026861792542870733,37.299307035009214,0.04257898522348363,0.5723434090169747
12,12.951253,77.615226,2026-01-14,19:00:00,2026-01-14 19:00:00,19,14,Wednesday,1,False,12.953089,77.609798,2026-01-14 19:00:00,0.637875062166764,0.0,37.93718209717598,0.04257898522348363,0.5723434090169747
12,12.953233,77.610272,2026-01-15,02:00:00,2026-01-15 02:00:00,2,15,Thursday,1,False,12.951253,77.615226,2026-01-14 19:00:00,0.5938952359935512,0.08484217657050731,38.53107733316953,0.04257898522348363,0.5723434090169747
12,12.955375,77.613397,2026-01-15,02:00:00,2026-01-15 02:00:00,2,15,Thursday,1,False,12.953233,77.610272,2026-01-15 02:00:00,0.4217513453071509,0.0,38.95282867847668,0.04257898522348363,0.5723434090169747
12,12.951328,77.612907,2026-01-15,08:00:00,2026-01-15 08:00:00,8,15,Thursday,1,False,12.955375,77.613397,2026-01-15 02:00:00,0.4538022163621319,0.07563370272702198,39.40663089483881,0.04257898522348363,0.5723434090169747
12,12.954585,77.612572,2026-01-15,14:00:00,2026-01-15 14:00:00,14,15,Thursday,1,False,12.951328,77.612907,2026-01-15 08:00:00,0.3644820461628308,0.06074700769380514,39.77111294100164,0.04257898522348363,0.5723434090169747
12,12.95541,77.609141,2026-01-15,14:00:00,2026-01-15 14:00:00,14,15,Thursday,1,False,12.954585,77.612572,2026-01-15 14:00:00,0.3928253308180456,0.0,40.16393827181969,0.04257898522348363,0.5723434090169747
12,12.953232,77.614441,2026-01-15,20:00:00,2026-01-15 20:00:00,20,15,Thursday,1,False,12.95541,77.609141,2026-01-15 14:00:00,0.6378712155641991,0.10631186926069985,40.801809487383885,0.04257898522348363,0.5723434090169747
12,12.950443,77.609985,2026-01-15,20:00:00,2026-01-15 20:00:00,20,15,Thursday,1,False,12.953232,77.614441,2026-01-15 20:00:00,0.5851923839996456,0.0,41.38700187138353,0.04257898522348363,0.5723434090169747
12,12.953282,77.610336,2026-01-16,03:00:00,2026-01-16 03:00:00,3,16,Friday,1,False,12.950443,77.609985,2026-01-15 20:00:00,0.3184437361617257,0.04549196230881796,41.70544560754526,0.04257898522348363,0.5723434090169747
12,12.953468,77.614421,2026-01-16,03:00:00,2026-01-16 03:00:00,3,16,Friday,1,False,12.953282,77.610336,2026-01-16 03:00:00,0.4552133423113011,0.0,42.16065894985656,0.04257898522348363,0.5723434090169747
12,12.958309,77.610079,2026-01-16,09:00:00,2026-01-16 09:00:00,9,16,Friday,1,False,12.953468,77.614421,2026-01-16 03:00:00,0.723907420797251,0.12065123679954183,42.88456637065381,0.04257898522348363,0.5723434090169747
12,12.954614,77.615139,2026-01-16,15:00:00,2026-01-16 15:00:00,15,16,Friday,1,False,12.958309,77.610079,2026-01-16 09:00:00,0.6974766570599169,0.11624610950998615,43.58204302771372,0.04257898522348363,0.5723434090169747
12,12.951569,77.608972,2026-01-16,15:00:00,2026-01-16 15:00:00,15,16,Friday,1,False,12.954614,77.615139,2026-01-16 15:00:00,0.7656349249910949,0.0,44.34767795270482,0.04257898522348363,0.5723434090169747
12,12.953429,77.611402,2026-01-16,21:00:00,2026-01-16 21:00:00,21,16,Friday,1,False,12.951569,77.608972,2026-01-16 15:00:00,0.34065557019527226,0.05677592836587871,44.688333522900095,0.04257898522348363,0.5723434090169747
12,12.955288,77.612851,2026-01-16,21:00:00,2026-01-16 21:00:00,21,16,Friday,1,False,12.953429,77.611402,2026-01-16 21:00:00,0.26238201928658744,0.0,44.95071554218668,0.04257898522348363,0.5723434090169747
12,12.958087,77.61283,2026-01-17,04:00:00,2026-01-17 04:00:00,4,17,Saturday,1,True,12.955288,77.612851,2026-01-16 21:00:00,0.3115934494587377,0.04451334992267681,45.26230899164542,0.04257898522348363,0.5723434090169747
12,12.951634,77.612554,2026-01-17,04:00:00,2026-01-17 04:00:00,4,17,Saturday,1,True,12.958087,77.61283,2026-01-17 04:00:00,0.719004711720096,0.0,45.981313703365515,0.04257898522348363,0.5723434090169747
12,12.950606,77.609776,2026-01-17,10:00:00,2026-01-17 10:00:00,10,17,Saturday,1,True,12.951634,77.612554,2026-01-17 04:00:00,0.32974156559905815,0.054956927599843025,46.31105526896457,0.04257898522348363,0.5723434090169747
12,12.951086,77.613931,2026-01-17,16:00:00,2026-01-17 16:00:00,16,17,Saturday,1,True,12.950606,77.609776,2026-01-17 10:00:00,0.4656107878967489,0.07760179798279149,46.77666605686132,0.04257898522348363,0.5723434090169747
12,12.952608,77.612641,2026-01-17,16:00:00,2026-01-17 16:00:00,16,17,Saturday,1,True,12.951086,77.613931,2026-01-17 16:00:00,0.22209899541209308,0.0,46.99876505227341,0.04257898522348363,0.5723434090169747
12,12.953431,77.610611,2026-01-17,22:00:00,2026-01-17 22:00:00,22,17,Saturday,1,True,12.952608,77.612641,2026-01-17 16:00:00,0.24384490364850486,0.04064081727475081,47.24260995592192,0.04257898522348363,0.5723434090169747
12,12.953607,77.614872,2026-01-17,22:00:00,2026-01-17 22:00:00,22,17,Saturday,1,True,12.953431,77.610611,2026-01-17 22:00:00,0.474738976561407,0.0,47.717348932483326,0.04257898522348363,0.5723434090169747
12,12.954986,77.61397,2026-01-18,05:00:00,2026-01-18 05:00:00,5,18,Sunday,1,True,12.953607,77.614872,2026-01-17 22:00:00,0.183433101405188,0.026204728772169717,47.90078203388852,0.04257898522348363,0.5723434090169747
12,12.952664,77.612059,2026-01-18,05:00:00,2026-01-18 05:00:00,5,18,Sunday,1,True,12.954986,77.61397,2026-01-18 05:00:00,0.33476804054296383,0.0,48.23555007443148,0.04257898522348363,0.5723434090169747
12,12.952817,77.611425,2026-01-18,11:00:00,2026-01-18 11:00:00,11,18,Sunday,1,True,12.952664,77.612059,2026-01-18 05:00:00,0.07260291765523967,0.012100486275873278,48.30815299208672,0.04257898522348363,0.5723434090169747
12,12.957226,77.614964,2026-01-18,17:00:00,2026-01-18 17:00:00,17,18,Sunday,1,True,12.952817,77.611425,2026-01-18 11:00:00,0.6293647480037289,0.10489412466728815,48.93751774009045,0.04257898522348363,0.5723434090169747
12,12.956649,77.61598,2026-01-18,17:00:00,2026-01-18 17:00:00,17,18,Sunday,1,True,12.957226,77.614964,2026-01-18 17:00:00,0.13006754753650213,0.0,49.06758528762695,0.04257898522348363,0.5723434090169747
12,12.956038,77.615837,2026-01-18,23:00:00,2026-01-18 23:00:00,23,18,Sunday,1,True,12.956649,77.61598,2026-01-18 17:00:00,0.06985451963075197,0.01164241993845866,49.1374398072577,0.04257898522348363,0.5723434090169747
12,12.957584,77.612508,2026-01-18,23:00:00,2026-01-18 23:00:00,23,18,Sunday,1,True,12.956038,77.615837,2026-01-18 23:00:00,0.40859682623236465,0.0,49.54603663349007,0.04257898522348363,0.5723434090169747
12,12.953062,77.614084,2026-01-19,00:00:00,2026-01-19 00:00:00,0,19,Monday,1,False,12.957584,77.612508,2026-01-18 23:00:00,0.533085200951958,0.533085200951958,50.07912183444203,0.04257898522348363,0.5723434090169747
12,12.956449,77.612298,2026-01-19,00:00:00,2026-01-19 00:00:00,0,19,Monday,1,False,12.953062,77.614084,2026-01-19 00:00:00,0.42624898977861964,0.0,50.50537082422064,0.04257898522348363,0.5723434090169747
12,12.957595,77.611299,2026-01-19,06:00:00,2026-01-19 06:00:00,6,19,Monday,1,False,12.956449,77.612298,2026-01-19 00:00:00,0.1692399757603935,0.028206662626732253,50.67461079998104,0.04257898522348363,0.5723434090169747
12,12.955142,77.614084,2026-01-19,06:00:00,2026-01-19 06:00:00,6,19,Monday,1,False,12.957595,77.611299,2026-01-19 06:00:00,0.4131372114263635,0.0,51.0877480114074,0.04257898522348363,0.5723434090169747
12,12.955277,77.613113,2026-01-19,12:00:00,2026-01-19 12:00:00,12,19,Monday,1,False,12.955142,77.614084,2026-01-19 06:00:00,0.10913141952694518,0.01818856992115753,51.196879430934345,0.04257898522348363,0.5723434090169747
12,12.954594,77.612704,2026-01-19,18:00:00,2026-01-19 18:00:00,18,19,Monday,1,False,12.955277,77.613113,2026-01-19 12:00:00,0.08862148773804043,0.014770247956340072,51.28550091867238,0.04257898522348363,0.5723434090169747
12,12.957455,77.612941,2026-01-19,18:00:00,2026-01-19 18:00:00,18,19,Monday,1,False,12.954594,77.612704,2026-01-19 18:00:00,0.3195774048148641,0.0,51.60507832348725,0.04257898522348363,0.5723434090169747
12,12.952119,77.613702,2026-01-20,01:00:00,2026-01-20 01:00:00,1,20,Tuesday,1,False,12.957455,77.612941,2026-01-19 18:00:00,0.6000139428972782,0.08571627755675403,52.205092266384526,0.04257898522348363,0.5723434090169747
12,12.951968,77.612275,2026-01-20,01:00:00,2026-01-20 01:00:00,1,20,Tuesday,1,False,12.952119,77.613702,2026-01-20 01:00:00,0.15974051514987,0.0,52.364832781534396,0.04257898522348363,0.5723434090169747
12,12.957996,77.607791,2026-01-20,07:00:00,2026-01-20 07:00:00,7,20,Tuesday,1,False,12.951968,77.612275,2026-01-20 01:00:00,0.8363313871711974,0.1393885645285329,53.201164168705596,0.04257898522348363,0.5723434090169747
12,12.953432,77.612098,2026-01-20,07:00:00,2026-01-20 07:00:00,7,20,Tuesday,1,False,12.957996,77.607791,2026-01-20 07:00:00,0.6985748657093617,0.0,53.89973903441496,0.04257898522348363,0.5723434090169747
12,12.95452,77.612767,2026-01-20,13:00:00,2026-01-20 13:00:00,13,20,Tuesday,1,False,12.953432,77.612098,2026-01-20 07:00:00,0.14218074362548178,0.023696790604246964,54.04191977804044,0.04257898522348363,0.5723434090169747
12,12.953767,77.613831,2026-01-20,19:00:00,2026-01-20 19:00:00,19,20,Tuesday,1,False,12.95452,77.612767,2026-01-20 13:00:00,0.14510531042165203,0.02418421840360867,54.18702508846209,0.04257898522348363,0.5723434090169747
12,12.953467,77.612227,2026-01-20,19:00:00,2026-01-20 19:00:00,19,20,Tuesday,1,False,12.953767,77.613831,2026-01-20 19:00:00,0.18165350273806563,0.0,54.36867859120016,0.04257898522348363,0.5723434090169747
12,12.95198,77.610301,2026-01-21,02:00:00,2026-01-21 02:00:00,2,21,Wednesday,1,False,12.953467,77.612227,2026-01-20 19:00:00,0.27086800464376215,0.038695429234823164,54.63954659584392,0.04257898522348363,0.5723434090169747
12,12.954197,77.611243,2026-01-21,02:00:00,2026-01-21 02:00:00,2,21,Wednesday,1,False,12.95198,77.610301,2026-01-21 02:00:00,0.2681507483584246,0.0,54.90769734420234,0.04257898522348363,0.5723434090169747
12,12.954589,77.616209,2026-01-21,08:00:00,2026-01-21 08:00:00,8,21,Wednesday,1,False,12.954197,77.611243,2026-01-21 02:00:00,0.5545347446913282,0.0924224574485547,55.46223208889367,0.04257898522348363,0.5723434090169747
12,12.95181,77.610672,2026-01-21,14:00:00,2026-01-21 14:00:00,14,21,Wednesday,1,False,12.954589,77.616209,2026-01-21 08:00:00,0.689656015564905,0.11494266926081749,56.15188810445858,0.04257898522348363,0.5723434090169747
12,12.952352,77.612368,2026-01-21,20:00:00,2026-01-21 20:00:00,20,21,Wednesday,1,False,12.95181,77.610672,2026-01-21 14:00:00,0.19820525218578572,0.033034208697630955,56.350093356644365,0.04257898522348363,0.5723434090169747
12,12.952056,77.61274,2026-01-21,20:00:00,2026-01-21 20:00:00,20,21,Wednesday,1,False,12.952352,77.612368,2026-01-21 20:00:00,0.05292092386172831,0.0,56.40301428050609,0.04257898522348363,0.5723434090169747
12,12.951422,77.611535,2026-01-22,03:00:00,2026-01-22 03:00:00,3,22,Thursday,1,False,12.952056,77.61274,2026-01-21 20:00:00,0.15157439282034138,0.021653484688620196,56.554588673326435,0.04257898522348363,0.5723434090169747
12,12.955406,77.612731,2026-01-22,03:00:00,2026-01-22 03:00:00,3,22,Thursday,1,False,12.951422,77.611535,2026-01-22 03:00:00,0.4630520222655323,0.0,57.017640695591965,0.04257898522348363,0.5723434090169747
12,12.953528,77.613654,2026-01-22,09:00:00,2026-01-22 09:00:00,9,22,Thursday,1,False,12.955406,77.612731,2026-01-22 03:00:00,0.23294392938850741,0.0388239882314179,57.25058462498047,0.04257898522348363,0.5723434090169747
12,12.952817,77.614962,2026-01-22,15:00:00,2026-01-22 15:00:00,15,22,Thursday,1,False,12.953528,77.613654,2026-01-22 09:00:00,0.16572796545399796,0.027621327575666325,57.41631259043447,0.04257898522348363,0.5723434090169747
12,12.951032,77.61144,2026-01-22,21:00:00,2026-01-22 21:00:00,21,22,Thursday,1,False,12.952817,77.614962,2026-01-22 15:00:00,0.43954781997558584,0.07325796999593097,57.85586041041005,0.04257898522348363,0.5723434090169747
12,12.952281,77.613219,2026-01-22,21:00:00,2026-01-22 21:00:00,21,22,Thursday,1,False,12.951032,77.61144,2026-01-22 21:00:00,0.24197296312077615,0.0,58.09783337353083,0.04257898522348363,0.5723434090169747
12,12.953502,77.610316,2026-01-23,04:00:00,2026-01-23 04:00:00,4,23,Friday,1,False,12.952281,77.613219,2026-01-22 21:00:00,0.35058289513191865,0.050083270733131235,58.44841626866275,0.04257898522348363,0.5723434090169747
12,12.954862,77.612735,2026-01-23,04:00:00,2026-01-23 04:00:00,4,23,Friday,1,False,12.953502,77.610316,2026-01-23 04:00:00,0.3089237507177523,0.0,58.7573400193805,0.04257898522348363,0.5723434090169747
12,12.953968,77.610893,2026-01-23,10:00:00,2026-01-23 10:00:00,10,23,Friday,1,False,12.954862,77.612735,2026-01-23 04:00:00,0.2279261708736556,0.03798769514560927,58.98526619025416,0.04257898522348363,0.5723434090169747
12,12.955525,77.609392,2026-01-23,16:00:00,2026-01-23 16:00:00,16,23,Friday,1,False,12.953968,77.610893,2026-01-23 10:00:00,0.2407512160728865,0.04012520267881441,59.226017406327045,0.04257898522348363,0.5723434090169747
12,12.957409,77.610298,2026-01-23,22:00:00,2026-01-23 22:00:00,22,23,Friday,1,False,12.955525,77.609392,2026-01-23 16:00:00,0.2327171690993447,0.038786194849890786,59.45873457542639,0.04257898522348363,0.5723434090169747
12,12.949973,77.61149,2026-01-23,22:00:00,2026-01-23 22:00:00,22,23,Friday,1,False,12.957409,77.610298,2026-01-23 22:00:00,0.8383435217918958,0.0,60.29707809721828,0.04257898522348363,0.5723434090169747
12,12.952187,77.610253,2026-01-24,05:00:00,2026-01-24 05:00:00,5,24,Saturday,1,True,12.949973,77.61149,2026-01-23 22:00:00,0.28232220279662207,0.040331743256660293,60.57940030001491,0.04257898522348363,0.5723434090169747
12,12.953337,77.613935,2026-01-24,05:00:00,2026-01-24 05:00:00,5,24,Saturday,1,True,12.952187,77.610253,2026-01-24 05:00:00,0.4294070556782059,0.0,61.008807355693115,0.04257898522348363,0.5723434090169747
12,12.952128,77.61274,2026-01-24,11:00:00,2026-01-24 11:00:00,11,24,Saturday,1,True,12.953337,77.613935,2026-01-24 05:00:00,0.18923437384889955,0.03153906230814992,61.19804172954201,0.04257898522348363,0.5723434090169747
12,12.954175,77.611415,2026-01-24,17:00:00,2026-01-24 17:00:00,17,24,Saturday,1,True,12.952128,77.61274,2026-01-24 11:00:00,0.2714435882738824,0.04524059804564706,61.469485317815895,0.04257898522348363,0.5723434090169747
12,12.95049,77.612132,2026-01-24,23:00:00,2026-01-24 23:00:00,23,24,Saturday,1,True,12.954175,77.611415,2026-01-24 17:00:00,0.4179071116599742,0.06965118527666236,61.88739242947587,0.04257898522348363,0.5723434090169747
12,12.952071,77.611433,2026-01-24,23:00:00,2026-01-24 23:00:00,23,24,Saturday,1,True,12.95049,77.612132,2026-01-24 23:00:00,0.19243110200333044,0.0,62.0798235314792,0.04257898522348363,0.5723434090169747
12,12.951173,77.607816,2026-01-25,00:00:00,2026-01-25 00:00:00,0,25,Sunday,1,True,12.952071,77.611433,2026-01-24 23:00:00,0.4148681938439313,0.4148681938439313,62.49469172532313,0.04257898522348363,0.5723434090169747
12,12.953574,77.612812,2026-01-25,00:00:00,2026-01-25 00:00:00,0,25,Sunday,1,True,12.951173,77.607816,2026-01-25 00:00:00,0.6170464386726237,0.0,63.11173816399575,0.04257898522348363,0.5723434090169747
12,12.955174,77.613375,2026-01-25,06:00:00,2026-01-25 06:00:00,6,25,Sunday,1,True,12.953574,77.612812,2026-01-25 00:00:00,0.18881686770088546,0.031469477950147574,63.30055503169664,0.04257898522348363,0.5723434090169747
12,12.9507,77.611904,2026-01-25,06:00:00,2026-01-25 06:00:00,6,25,Sunday,1,True,12.955174,77.613375,2026-01-25 06:00:00,0.5242748565113252,0.0,63.824829888207965,0.04257898522348363,0.5723434090169747
12,12.955963,77.613508,2026-01-25,12:00:00,2026-01-25 12:00:00,12,25,Sunday,1,True,12.9507,77.611904,2026-01-25 06:00:00,0.6124824477899968,0.10208040796499947,64.43731233599796,0.04257898522348363,0.5723434090169747
12,12.952566,77.610943,2026-01-25,18:00:00,2026-01-25 18:00:00,18,25,Sunday,1,True,12.955963,77.613508,2026-01-25 12:00:00,0.4738472022175945,0.07897453370293242,64.91115953821556,0.04257898522348363,0.5723434090169747
12,12.952764,77.610726,2026-01-26,01:00:00,2026-01-26 01:00:00,1,26,Monday,1,False,12.952566,77.610943,2026-01-25 18:00:00,0.03270099607293965,0.004671570867562807,64.94386053428849,0.04257898522348363,0.5723434090169747
12,12.954293,77.612505,2026-01-26,01:00:00,2026-01-26 01:00:00,1,26,Monday,1,False,12.952764,77.610726,2026-01-26 01:00:00,0.26113218669069505,0.0,65.20499272097919,0.04257898522348363,0.5723434090169747
12,12.954892,77.612077,2026-01-26,07:00:00,2026-01-26 07:00:00,7,26,Monday,1,False,12.954293,77.612505,2026-01-26 01:00:00,0.08195337271063524,0.01365889545177254,65.28694609368982,0.04257898522348363,0.5723434090169747
12,12.95589,77.611965,2026-01-26,07:00:00,2026-01-26 07:00:00,7,26,Monday,1,False,12.954892,77.612077,2026-01-26 07:00:00,0.11179476925716392,0.0,65.398740862947,0.04257898522348363,0.5723434090169747
12,12.955442,77.613203,2026-01-26,13:00:00,2026-01-26 13:00:00,13,26,Monday,1,False,12.95589,77.611965,2026-01-26 07:00:00,0.1465602103054674,0.0244267017175779,65.54530107325246,0.04257898522348363,0.5723434090169747
12,12.954962,77.61058,2026-01-26,19:00:00,2026-01-26 19:00:00,19,26,Monday,1,False,12.955442,77.613203,2026-01-26 13:00:00,0.2968411829704784,0.049473530495079736,65.84214225622294,0.04257898522348363,0.5723434090169747
12,12.95381,77.612363,2026-01-27,02:00:00,2026-01-27 02:00:00,2,27,Tuesday,1,False,12.954962,77.61058,2026-01-26 19:00:00,0.23630781903696438,0.033758259862423486,66.0784500752599,0.04257898522348363,0.5723434090169747
12,12.955325,77.612537,2026-01-27,02:00:00,2026-01-27 02:00:00,2,27,Tuesday,1,False,12.95381,77.612363,2026-01-27 02:00:00,0.16975847414290843,0.0,66.2482085494028,0.04257898522348363,0.5723434090169747
12,12.957626,77.610373,2026-01-27,08:00:00,2026-01-27 08:00:00,8,27,Tuesday,1,False,12.955325,77.612537,2026-01-27 02:00:00,0.3516284454078426,0.0586047409013071,66.59983699481066,0.04257898522348363,0.5723434090169747
12,12.953181,77.612612,2026-01-27,08:00:00,2026-01-27 08:00:00,8,27,Tuesday,1,False,12.957626,77.610373,2026-01-27 08:00:00,0.5540465401419027,0.0,67.15388353495256,0.04257898522348363,0.5723434090169747
12,12.954618,77.61244,2026-01-27,14:00:00,2026-01-27 14:00:00,14,27,Tuesday,1,False,12.953181,77.612612,2026-01-27 08:00:00,0.16110865600670396,0.026851442667783994,67.31499219095926,0.04257898522348363,0.5723434090169747
12,12.950439,77.6113,2026-01-27,20:00:00,2026-01-27 20:00:00,20,27,Tuesday,1,False,12.954618,77.61244,2026-01-27 14:00:00,0.4822050510049914,0.0803675085008319,67.79719724196426,0.04257898522348363,0.5723434090169747
12,12.955578,77.610087,2026-01-28,03:00:00,2026-01-28 03:00:00,3,28,Wednesday,1,False,12.950439,77.6113,2026-01-27 20:00:00,0.5877937399211046,0.08397053427444352,68.38499098188535,0.04257898522348363,0.5723434090169747
12,12.952254,77.613335,2026-01-28,03:00:00,2026-01-28 03:00:00,3,28,Wednesday,1,False,12.955578,77.610087,2026-01-28 03:00:00,0.5173504032902372,0.0,68.90234138517559,0.04257898522348363,0.5723434090169747
12,12.952546,77.613363,2026-01-28,09:00:00,2026-01-28 09:00:00,9,28,Wednesday,1,False,12.952254,77.613335,2026-01-28 03:00:00,0.032654541326363064,0.005442423554393844,68.93499592650195,0.04257898522348363,0.5723434090169747
12,12.958099,77.60833,2026-01-28,09:00:00,2026-01-28 09:00:00,9,28,Wednesday,1,False,12.952546,77.613363,2026-01-28 09:00:00,0.8342830444062941,0.0,69.76927897090825,0.04257898522348363,0.5723434090169747
12,12.953313,77.611223,2026-01-28,15:00:00,2026-01-28 15:00:00,15,28,Wednesday,1,False,12.958099,77.60833,2026-01-28 09:00:00,0.6225490258887512,0.10375817098145852,70.391827996797,0.04257898522348363,0.5723434090169747
12,12.956847,77.611988,2026-01-28,21:00:00,2026-01-28 21:00:00,21,28,Wednesday,1,False,12.953313,77.611223,2026-01-28 15:00:00,0.40251657250837614,0.0670860954180627,70.79434456930538,0.04257898522348363,0.5723434090169747
12,12.953857,77.610706,2026-01-29,04:00:00,2026-01-29 04:00:00,4,29,Thursday,1,False,12.956847,77.611988,2026-01-28 21:00:00,0.36215159217681214,0.05173594173954459,71.1564961614822,0.04257898522348363,0.5723434090169747
12,12.952768,77.614893,2026-01-29,04:00:00,2026-01-29 04:00:00,4,29,Thursday,1,False,12.953857,77.610706,2026-01-29 04:00:00,0.48160395156733854,0.0,71.63810011304953,0.04257898522348363,0.5723434090169747
12,12.952237,77.614329,2026-01-29,10:00:00,2026-01-29 10:00:00,10,29,Thursday,1,False,12.952768,77.614893,2026-01-29 04:00:00,0.08623219695730358,0.014372032826217263,71.72433231000683,0.04257898522348363,0.5723434090169747
12,12.954762,77.611648,2026-01-29,10:00:00,2026-01-29 10:00:00,10,29,Thursday,1,False,12.952237,77.614329,2026-01-29 10:00:00,0.4099748903748712,0.0,72.1343072003817,0.04257898522348363,0.5723434090169747
12,12.955629,77.615671,2026-01-29,16:00:00,2026-01-29 16:00:00,16,29,Thursday,1,False,12.954762,77.611648,2026-01-29 10:00:00,0.4581222819005836,0.07635371365009726,72.59242948228228,0.04257898522348363,0.5723434090169747
12,12.954966,77.612351,2026-01-29,22:00:00,2026-01-29 22:00:00,22,29,Thursday,1,False,12.955629,77.615671,2026-01-29 16:00:00,0.3768797580562769,0.06281329300937948,72.96930924033856,0.04257898522348363,0.5723434090169747
12,12.954065,77.614831,2026-01-30,05:00:00,2026-01-30 05:00:00,5,30,Friday,1,False,12.954966,77.612351,2026-01-29 22:00:00,0.2937287629921663,0.041961251856023764,73.26303800333073,0.04257898522348363,0.5723434090169747
12,12.952666,77.610403,2026-01-30,05:00:00,2026-01-30 05:00:00,5,30,Friday,1,False,12.954065,77.614831,2026-01-30 05:00:00,0.5169419016556045,0.0,73.77997990498633,0.04257898522348363,0.5723434090169747
12,12.955692,77.613122,2026-01-30,11:00:00,2026-01-30 11:00:00,11,30,Friday,1,False,12.952666,77.610403,2026-01-30 05:00:00,0.4528636200582444,0.0754772700097074,74.23284352504457,0.04257898522348363,0.5723434090169747
12,12.953054,77.616436,2026-01-30,11:00:00,2026-01-30 11:00:00,11,30,Friday,1,False,12.955692,77.613122,2026-01-30 11:00:00,0.47152450388998296,0.0,74.70436802893457,0.04257898522348363,0.5723434090169747
12,12.954932,77.615475,2026-01-30,17:00:00,2026-01-30 17:00:00,17,30,Friday,1,False,12.953054,77.616436,2026-01-30 11:00:00,0.23484048308885047,0.03914008051480841,74.93920851202341,0.04257898522348363,0.5723434090169747
12,12.957168,77.612742,2026-01-30,23:00:00,2026-01-30 23:00:00,23,30,Friday,1,False,12.954932,77.615475,2026-01-30 17:00:00,0.39308706122675463,0.0655145102044591,75.33229557325016,0.04257898522348363,0.5723434090169747
