user_id,latitude,longitude,date,time,datetime
1,12.981422,77.606364,2026-01-01,00:00:00,2026-01-01 00:00:00
1,12.986276,77.607688,2026-01-02,01:00:00,2026-01-02 01:00:00
1,12.98584,77.608654,2026-01-03,02:00:00,2026-01-03 02:00:00
1,12.983027,77.608784,2026-01-04,03:00:00,2026-01-04 03:00:00
1,12.983967,77.607255,2026-01-05,04:00:00,2026-01-05 04:00:00
1,12.985094,77.605048,2026-01-06,05:00:00,2026-01-06 05:00:00
1,12.987584,77.606958,2026-01-07,06:00:00,2026-01-07 06:00:00
1,12.987501,77.607373,2026-01-08,07:00:00,2026-01-08 07:00:00
1,12.988864,77.60598,2026-01-09,08:00:00,2026-01-09 08:00:00
1,12.985476,77.608176,2026-01-10,09:00:00,2026-01-10 09:00:00
1,12.978985,77.609356,2026-01-11,10:00:00,2026-01-11 10:00:00
1,12.986783,77.610154,2026-01-12,11:00:00,2026-01-12 11:00:00
1,12.98551,77.607808,2026-01-13,12:00:00,2026-01-13 12:00:00
1,12.986864,77.610448,2026-01-14,13:00:00,2026-01-14 13:00:00
1,12.985385,77.60711,2026-01-15,14:00:00,2026-01-15 14:00:00
1,12.984176,77.60484,2026-01-16,15:00:00,2026-01-16 15:00:00
1,12.987652,77.603156,2026-01-17,16:00:00,2026-01-17 16:00:00
1,12.98476,77.608029,2026-01-18,17:00:00,2026-01-18 17:00:00
1,12.98752,77.611423,2026-01-19,18:00:00,2026-01-19 18:00:00
1,12.988087,77.607517,2026-01-20,19:00:00,2026-01-20 19:00:00
1,12.984856,77.605777,2026-01-21,20:00:00,2026-01-21 20:00:00
1,12.98656,77.606787,2026-01-22,21:00:00,2026-01-22 21:00:00
1,12.982652,77.606022,2026-01-23,22:00:00,2026-01-23 22:00:00
1,12.984177,77.606714,2026-01-24,23:00:00,2026-01-24 23:00:00
1,12.98918,77.606264,2026-01-25,00:00:00,2026-01-25 00:00:00
1,12.984965,77.607956,2026-01-26,01:00:00,2026-01-26 01:00:00
1,12.985257,77.608211,2026-01-27,02:00:00,2026-01-27 02:00:00
1,12.984537,77.607133,2026-01-28,03:00:00,2026-01-28 03:00:00
1,12.984076,77.604124,2026-01-29,04:00:00,2026-01-29 04:00:00
1,12.986533,77.609269,2026-01-30,05:00:00,2026-01-30 05:00:00
1,12.982314,77.606383,2026-01-01,06:00:00,2026-01-01 06:00:00
1,12.983067,77.606779,2026-01-02,07:00:00,2026-01-02 07:00:00
1,12.981127,77.61063,2026-01-03,08:00:00,2026-01-03 08:00:00
1,12.985178,77.606677,2026-01-04,09:00:00,2026-01-04 09:00:00
1,12.985194,77.607423,2026-01-05,10:00:00,2026-01-05 10:00:00
1,12.984477,77.607828,2026-01-06,11:00:00,2026-01-06 11:00:00
1,12.987106,77.610339,2026-01-07,12:00:00,2026-01-07 12:00:00
1,12.988908,77.607002,2026-01-08,13:00:00,2026-01-08 13:00:00
1,12.984801,77.607899,2026-01-09,14:00:00,2026-01-09 14:00:00
1,12.986357,77.606432,2026-01-10,15:00:00,2026-01-10 15:00:00
1,12.982159,77.609727,2026-01-11,16:00:00,2026-01-11 16:00:00
1,12.986984,77.607847,2026-01-12,17:00:00,2026-01-12 17:00:00
1,12.982704,77.606533,2026-01-13,18:00:00,2026-01-13 18:00:00
1,12.98231,77.606754,2026-01-14,19:00:00,2026-01-14 19:00:00
1,12.985445,77.607337,2026-01-15,20:00:00,2026-01-15 20:00:00
1,12.987369,77.608002,2026-01-16,21:00:00,2026-01-16 21:00:00
1,12.986162,77.607602,2026-01-17,22:00:00,2026-01-17 22:00:00
1,12.988131,77.605655,2026-01-18,23:00:00,2026-01-18 23:00:00
1,12.985193,77.605953,2026-01-19,00:00:00,2026-01-19 00:00:00
1,12.987753,77.608801,2026-01-20,01:00:00,2026-01-20 01:00:00
1,12.982368,77.610616,2026-01-21,02:00:00,2026-01-21 02:00:00
1,12.983105,77.604733,2026-01-22,03:00:00,2026-01-22 03:00:00
1,12.983438,77.60842,2026-01-23,04:00:00,2026-01-23 04:00:00
1,12.983831,77.612431,2026-01-24,05:00:00,2026-01-24 05:00:00
1,12.986311,77.611563,2026-01-25,06:00:00,2026-01-25 06:00:00
1,12.987672,77.604928,2026-01-26,07:00:00,2026-01-26 07:00:00
1,12.984444,77.601643,2026-01-27,08:00:00,2026-01-27 08:00:00
1,12.984207,77.60953,2026-01-28,09:00:00,2026-01-28 09:00:00
1,12.984114,77.606227,2026-01-29,10:00:00,2026-01-29 10:00:00
1,12.986752,77.609275,2026-01-30,11:00:00,2026-01-30 11:00:00
1,12.982687,77.607388,2026-01-01,12:00:00,2026-01-01 12:00:00
1,12.985318,77.608608,2026-01-02,13:00:00,2026-01-02 13:00:00
1,12.983429,77.608929,2026-01-03,14:00:00,2026-01-03 14:00:00
1,12.984452,77.607609,2026-01-04,15:00:00,2026-01-04 15:00:00
1,12.988602,77.60669,2026-01-05,16:00:00,2026-01-05 16:00:00
1,12.98382,77.610327,2026-01-06,17:00:00,2026-01-06 17:00:00
1,12.983789,77.61114,2026-01-07,18:00:00,2026-01-07 18:00:00
1,12.985112,77.608048,2026-01-08,19:00:00,2026-01-08 19:00:00
1,12.987267,77.610526,2026-01-09,20:00:00,2026-01-09 20:00:00
1,12.988094,77.607893,2026-01-10,21:00:00,2026-01-10 21:00:00
1,12.982667,77.607795,2026-01-11,22:00:00,2026-01-11 22:00:00
1,12.983969,77.606015,2026-01-12,23:00:00,2026-01-12 23:00:00
1,12.984821,77.609488,2026-01-13,00:00:00,2026-01-13 00:00:00
1,12.984633,77.610828,2026-01-14,01:00:00,2026-01-14 01:00:00
1,12.985421,77.607588,2026-01-15,02:00:00,2026-01-15 02:00:00
1,12.9851,77.60698,2026-01-16,03:00:00,2026-01-16 03:00:00
1,12.983137,77.609253,2026-01-17,04:00:00,2026-01-17 04:00:00
1,12.983793,77.606383,2026-01-18,05:00:00,2026-01-18 05:00:00
1,12.985622,77.60807,2026-01-19,06:00:00,2026-01-19 06:00:00
1,12.987022,77.607608,2026-01-20,07:00:00,2026-01-20 07:00:00
1,12.979537,77.607287,2026-01-21,08:00:00,2026-01-21 08:00:00
1,12.982149,77.607677,2026-01-22,09:00:00,2026-01-22 09:00:00
1,12.985983,77.60971,2026-01-23,10:00:00,2026-01-23 10:00:00
1,12.984741,77.609312,2026-01-24,11:00:00,2026-01-24 11:00:00
1,12.981623,77.60749,2026-01-25,12:00:00,2026-01-25 12:00:00
1,12.986149,77.605888,2026-01-26,13:00:00,2026-01-26 13:00:00
1,12.98601,77.606738,2026-01-27,14:00:00,2026-01-27 14:00:00
1,12.987501,77.609917,2026-01-28,15:00:00,2026-01-28 15:00:00
1,12.98473,77.610826,2026-01-29,16:00:00,2026-01-29 16:00:00
1,12.98572,77.612224,2026-01-30,17:00:00,2026-01-30 17:00:00
1,12.982417,77.608428,2026-01-01,18:00:00,2026-01-01 18:00:00
1,12.984126,77.605598,2026-01-02,19:00:00,2026-01-02 19:00:00
1,12.980549,77.605701,2026-01-03,20:00:00,2026-01-03 20:00:00
1,12.986459,77.606843,2026-01-04,21:00:00,2026-01-04 21:00:00
1,12.983947,77.610734,2026-01-05,22:00:00,2026-01-05 22:00:00
1,12.985887,77.609305,2026-01-06,23:00:00,2026-01-06 23:00:00
1,12.986899,77.606285,2026-01-07,00:00:00,2026-01-07 00:00:00
1,12.985749,77.6086,2026-01-08,01:00:00,2026-01-08 01:00:00
1,12.985482,77.604914,2026-01-09,02:00:00,2026-01-09 02:00:00
1,12.987028,77.603983,2026-01-10,03:00:00,2026-01-10 03:00:00
1,12.981526,77.605881,2026-01-11,04:00:00,2026-01-11 04:00:00
1,12.982876,77.609382,2026-01-12,05:00:00,2026-01-12 05:00:00
1,12.987313,77.611345,2026-01-13,06:00:00,2026-01-13 06:00:00
1,12.985913,77.608979,2026-01-14,07:00:00,2026-01-14 07:00:00
1,12.979927,77.61056,2026-01-15,08:00:00,2026-01-15 08:00:00
1,12.990158,77.608006,2026-01-16,09:00:00,2026-01-16 09:00:00
1,12.985668,77.608697,2026-01-17,10:00:00,2026-01-17 10:00:00
1,12.986957,77.60777,2026-01-18,11:00:00,2026-01-18 11:00:00
1,12.985052,77.608424,2026-01-19,12:00:00,2026-01-19 12:00:00
1,12.983356,77.604135,2026-01-20,13:00:00,2026-01-20 13:00:00
1,12.986122,77.607184,2026-01-21,14:00:00,2026-01-21 14:00:00
1,12.985132,77.611409,2026-01-22,15:00:00,2026-01-22 15:00:00
1,12.986441,77.605993,2026-01-23,16:00:00,2026-01-23 16:00:00
1,12.98495,77.604968,2026-01-24,17:00:00,2026-01-24 17:00:00
1,12.984391,77.609592,2026-01-25,18:00:00,2026-01-25 18:00:00
1,12.984964,77.601997,2026-01-26,19:00:00,2026-01-26 19:00:00
1,12.980697,77.606297,2026-01-27,20:00:00,2026-01-27 20:00:00
1,12.988166,77.608498,2026-01-28,21:00:00,2026-01-28 21:00:00
1,12.986083,77.605668,2026-01-29,22:00:00,2026-01-29 22:00:00
1,12.986393,77.60255,2026-01-30,23:00:00,2026-01-30 23:00:00
1,12.984084,77.609658,2026-01-01,00:00:00,2026-01-01 00:00:00
1,12.982065,77.609669,2026-01-02,01:00:00,2026-01-02 01:00:00
1,12.98256,77.607995,2026-01-03,02:00:00,2026-01-03 02:00:00
1,12.984028,77.608088,2026-01-04,03:00:00,2026-01-04 03:00:00
1,12.987654,77.609862,2026-01-05,04:00:00,2026-01-05 04:00:00
1,12.983545,77.60277,2026-01-06,05:00:00,2026-01-06 05:00:00
1,12.98699,77.608628,2026-01-07,06:00:00,2026-01-07 06:00:00
1,12.985831,77.606184,2026-01-08,07:00:00,2026-01-08 07:00:00
1,12.988997,77.603926,2026-01-09,08:00:00,2026-01-09 08:00:00
1,12.984531,77.604767,2026-01-10,09:00:00,2026-01-10 09:00:00
1,12.984143,77.606967,2026-01-11,10:00:00,2026-01-11 10:00:00
1,12.987922,77.608136,2026-01-12,11:00:00,2026-01-12 11:00:00
1,12.983522,77.609445,2026-01-13,12:00:00,2026-01-13 12:00:00
1,12.982836,77.604932,2026-01-14,13:00:00,2026-01-14 13:00:00
1,12.98567,77.606322,2026-01-15,14:00:00,2026-01-15 14:00:00
1,12.986852,77.60817,2026-01-16,15:00:00,2026-01-16 15:00:00
1,12.985433,77.607837,2026-01-17,16:00:00,2026-01-17 16:00:00
1,12.985327,77.608715,2026-01-18,17:00:00,2026-01-18 17:00:00
1,12.985006,77.604185,2026-01-19,18:00:00,2026-01-19 18:00:00
1,12.986256,77.607379,2026-01-20,19:00:00,2026-01-20 19:00:00
1,12.980646,77.608661,2026-01-21,20:00:00,2026-01-21 20:00:00
1,12.98294,77.60381,2026-01-22,21:00:00,2026-01-22 21:00:00
1,12.98385,77.60615,2026-01-23,22:00:00,2026-01-23 22:00:00
1,12.980897,77.608324,2026-01-24,23:00:00,2026-01-24 23:00:00
1,12.982499,77.609337,2026-01-25,00:00:00,2026-01-25 00:00:00
1,12.983105,77.610054,2026-01-26,01:00:00,2026-01-26 01:00:00
1,12.986051,77.608517,2026-01-27,02:00:00,2026-01-27 02:00:00
1,12.983988,77.60891,2026-01-28,03:00:00,2026-01-28 03:00:00
1,12.986807,77.606575,2026-01-29,04:00:00,2026-01-29 04:00:00
1,12.987261,77.605449,2026-01-30,05:00:00,2026-01-30 05:00:00
1,12.98084,77.607509,2026-01-01,06:00:00,2026-01-01 06:00:00
1,12.983842,77.608756,2026-01-02,07:00:00,2026-01-02 07:00:00
1,12.98413,77.610581,2026-01-03,08:00:00,2026-01-03 08:00:00
1,12.981719,77.609437,2026-01-04,09:00:00,2026-01-04 09:00:00
1,12.985051,77.609812,2026-01-05,10:00:00,2026-01-05 10:00:00
1,12.98515,77.607933,2026-01-06,11:00:00,2026-01-06 11:00:00
1,12.988723,77.609093,2026-01-07,12:00:00,2026-01-07 12:00:00
1,12.986717,77.60692,2026-01-08,13:00:00,2026-01-08 13:00:00
1,12.986078,77.604595,2026-01-09,14:00:00,2026-01-09 14:00:00
1,12.984413,77.609394,2026-01-10,15:00:00,2026-01-10 15:00:00
1,12.979842,77.608486,2026-01-11,16:00:00,2026-01-11 16:00:00
1,12.983736,77.607878,2026-01-12,17:00:00,2026-01-12 17:00:00
1,12.980607,77.603238,2026-01-13,18:00:00,2026-01-13 18:00:00
1,12.986519,77.607721,2026-01-14,19:00:00,2026-01-14 19:00:00
1,12.98542,77.610933,2026-01-15,20:00:00,2026-01-15 20:00:00
1,12.985248,77.603972,2026-01-16,21:00:00,2026-01-16 21:00:00
1,12.984576,77.609737,2026-01-17,22:00:00,2026-01-17 22:00:00
1,12.984649,77.607694,2026-01-18,23:00:00,2026-01-18 23:00:00
1,12.984597,77.610036,2026-01-19,00:00:00,2026-01-19 00:00:00
1,12.988587,77.60368,2026-01-20,01:00:00,2026-01-20 01:00:00
1,12.987209,77.605952,2026-01-21,02:00:00,2026-01-21 02:00:00
1,12.987755,77.605072,2026-01-22,03:00:00,2026-01-22 03:00:00
1,12.986203,77.606767,2026-01-23,04:00:00,2026-01-23 04:00:00
1,12.983989,77.609867,2026-01-24,05:00:00,2026-01-24 05:00:00
1,12.983121,77.608931,2026-01-25,06:00:00,2026-01-25 06:00:00
1,12.985515,77.609483,2026-01-26,07:00:00,2026-01-26 07:00:00
1,12.987933,77.611058,2026-01-27,08:00:00,2026-01-27 08:00:00
1,12.986108,77.608317,2026-01-28,09:00:00,2026-01-28 09:00:00
1,12.984663,77.606166,2026-01-29,10:00:00,2026-01-29 10:00:00
1,12.983458,77.607447,2026-01-30,11:00:00,2026-01-30 11:00:00
1,12.983713,77.60814,2026-01-01,12:00:00,2026-01-01 12:00:00
1,12.984847,77.605588,2026-01-02,13:00:00,2026-01-02 13:00:00
1,12.987465,77.607714,2026-01-03,14:00:00,2026-01-03 14:00:00
1,12.986486,77.60799,2026-01-04,15:00:00,2026-01-04 15:00:00
1,12.982847,77.606848,2026-01-05,16:00:00,2026-01-05 16:00:00
1,12.978303,77.608128,2026-01-06,17:00:00,2026-01-06 17:00:00
1,12.985061,77.610326,2026-01-07,18:00:00,2026-01-07 18:00:00
1,12.981988,77.607943,2026-01-08,19:00:00,2026-01-08 19:00:00
1,12.985189,77.605774,2026-01-09,20:00:00,2026-01-09 20:00:00
1,12.983164,77.604749,2026-01-10,21:00:00,2026-01-10 21:00:00
1,12.985368,77.609271,2026-01-11,22:00:00,2026-01-11 22:00:00
1,12.98082,77.607167,2026-01-12,23:00:00,2026-01-12 23:00:00
1,12.984947,77.608351,2026-01-13,00:00:00,2026-01-13 00:00:00
1,12.981263,77.606697,2026-01-14,01:00:00,2026-01-14 01:00:00
1,12.981729,77.610133,2026-01-15,02:00:00,2026-01-15 02:00:00
1,12.990091,77.6082,2026-01-16,03:00:00,2026-01-16 03:00:00
1,12.980909,77.608737,2026-01-17,04:00:00,2026-01-17 04:00:00
1,12.988614,77.610257,2026-01-18,05:00:00,2026-01-18 05:00:00
1,12.986129,77.60856,2026-01-19,06:00:00,2026-01-19 06:00:00
1,12.98629,77.609141,2026-01-20,07:00:00,2026-01-20 07:00:00
2,12.954183,77.610293,2026-01-01,00:00:00,2026-01-01 00:00:00
2,12.951427,77.611317,2026-01-02,01:00:00,2026-01-02 01:00:00
2,12.952439,77.612583,2026-01-03,02:00:00,2026-01-03 02:00:00
2,12.955437,77.609787,2026-01-04,03:00:00,2026-01-04 03:00:00
2,12.955337,77.612206,2026-01-05,04:00:00,2026-01-05 04:00:00
2,12.948068,77.612003,2026-01-06,05:00:00,2026-01-06 05:00:00
2,12.953554,77.614096,2026-01-07,06:00:00,2026-01-07 06:00:00
2,12.955579,77.611787,2026-01-08,07:00:00,2026-01-08 07:00:00
2,12.953071,77.613906,2026-01-09,08:00:00,2026-01-09 08:00:00
2,12.953646,77.609823,2026-01-10,09:00:00,2026-01-10 09:00:00
2,12.951017,77.611323,2026-01-11,10:00:00,2026-01-11 10:00:00
2,12.952372,77.611704,2026-01-12,11:00:00,2026-01-12 11:00:00
2,12.952171,77.614283,2026-01-13,12:00:00,2026-01-13 12:00:00
2,12.954793,77.614066,2026-01-14,13:00:00,2026-01-14 13:00:00
2,12.952881,77.610465,2026-01-15,14:00:00,2026-01-15 14:00:00
2,12.953336,77.611707,2026-01-16,15:00:00,2026-01-16 15:00:00
2,12.955783,77.61164,2026-01-17,16:00:00,2026-01-17 16:00:00
2,12.951991,77.610725,2026-01-18,17:00:00,2026-01-18 17:00:00
2,12.958228,77.610735,2026-01-19,18:00:00,2026-01-19 18:00:00
2,12.952472,77.612217,2026-01-20,19:00:00,2026-01-20 19:00:00
2,12.955822,77.613193,2026-01-21,20:00:00,2026-01-21 20:00:00
2,12.953185,77.608647,2026-01-22,21:00:00,2026-01-22 21:00:00
2,12.949902,77.611995,2026-01-23,22:00:00,2026-01-23 22:00:00
2,12.952285,77.612979,2026-01-24,23:00:00,2026-01-24 23:00:00
2,12.951295,77.614506,2026-01-25,00:00:00,2026-01-25 00:00:00
2,12.956515,77.609506,2026-01-26,01:00:00,2026-01-26 01:00:00
2,12.95459,77.612242,2026-01-27,02:00:00,2026-01-27 02:00:00
2,12.957285,77.613452,2026-01-28,03:00:00,2026-01-28 03:00:00
2,12.956607,77.611647,2026-01-29,04:00:00,2026-01-29 04:00:00
2,12.955628,77.616266,2026-01-30,05:00:00,2026-01-30 05:00:00
2,12.956453,77.608807,2026-01-01,06:00:00,2026-01-01 06:00:00
2,12.953362,77.612883,2026-01-02,07:00:00,2026-01-02 07:00:00
2,12.950752,77.611064,2026-01-03,08:00:00,2026-01-03 08:00:00
2,12.95357,77.614712,2026-01-04,09:00:00,2026-01-04 09:00:00
2,12.954546,77.612163,2026-01-05,10:00:00,2026-01-05 10:00:00
2,12.951678,77.607613,2026-01-06,11:00:00,2026-01-06 11:00:00
2,12.95718,77.610887,2026-01-07,12:00:00,2026-01-07 12:00:00
2,12.952681,77.612875,2026-01-08,13:00:00,2026-01-08 13:00:00
2,12.954528,77.612367,2026-01-09,14:00:00,2026-01-09 14:00:00
2,12.956314,77.611628,2026-01-10,15:00:00,2026-01-10 15:00:00
2,12.950185,77.612515,2026-01-11,16:00:00,2026-01-11 16:00:00
2,12.952731,77.610823,2026-01-12,17:00:00,2026-01-12 17:00:00
2,12.95069,77.609705,2026-01-13,18:00:00,2026-01-13 18:00:00
2,12.954832,77.614769,2026-01-14,19:00:00,2026-01-14 19:00:00
2,12.956047,77.610374,2026-01-15,20:00:00,2026-01-15 20:00:00
2,12.952413,77.609846,2026-01-16,21:00:00,2026-01-16 21:00:00
2,12.957773,77.611632,2026-01-17,22:00:00,2026-01-17 22:00:00
2,12.954325,77.611848,2026-01-18,23:00:00,2026-01-18 23:00:00
2,12.955035,77.610903,2026-01-19,00:00:00,2026-01-19 00:00:00
2,12.953759,77.609976,2026-01-20,01:00:00,2026-01-20 01:00:00
2,12.94757,77.612509,2026-01-21,02:00:00,2026-01-21 02:00:00
2,12.954076,77.61414,2026-01-22,03:00:00,2026-01-22 03:00:00
2,12.956018,77.614299,2026-01-23,04:00:00,2026-01-23 04:00:00
2,12.953055,77.613686,2026-01-24,05:00:00,2026-01-24 05:00:00
2,12.952438,77.614385,2026-01-25,06:00:00,2026-01-25 06:00:00
2,12.953225,77.60835,2026-01-26,07:00:00,2026-01-26 07:00:00
2,12.954037,77.611922,2026-01-27,08:00:00,2026-01-27 08:00:00
2,12.95205,77.612948,2026-01-28,09:00:00,2026-01-28 09:00:00
2,12.957074,77.609888,2026-01-29,10:00:00,2026-01-29 10:00:00
2,12.956512,77.614135,2026-01-30,11:00:00,2026-01-30 11:00:00
2,12.950399,77.611714,2026-01-01,12:00:00,2026-01-01 12:00:00
2,12.950414,77.611643,2026-01-02,13:00:00,2026-01-02 13:00:00
2,12.9528,77.615332,2026-01-03,14:00:00,2026-01-03 14:00:00
2,12.951922,77.608691,2026-01-04,15:00:00,2026-01-04 15:00:00
2,12.947211,77.610661,2026-01-05,16:00:00,2026-01-05 16:00:00
2,12.951173,77.612571,2026-01-06,17:00:00,2026-01-06 17:00:00
2,12.954559,77.609226,2026-01-07,18:00:00,2026-01-07 18:00:00
2,12.955125,77.612177,2026-01-08,19:00:00,2026-01-08 19:00:00
2,12.954194,77.611759,2026-01-09,20:00:00,2026-01-09 20:00:00
2,12.956921,77.614189,2026-01-10,21:00:00,2026-01-10 21:00:00
2,12.952674,77.614102,2026-01-11,22:00:00,2026-01-11 22:00:00
2,12.952669,77.612277,2026-01-12,23:00:00,2026-01-12 23:00:00
2,12.953971,77.611659,2026-01-13,00:00:00,2026-01-13 00:00:00
2,12.950796,77.615925,2026-01-14,01:00:00,2026-01-14 01:00:00
2,12.955386,77.610001,2026-01-15,02:00:00,2026-01-15 02:00:00
2,12.951834,77.610669,2026-01-16,03:00:00,2026-01-16 03:00:00
2,12.951053,77.613724,2026-01-17,04:00:00,2026-01-17 04:00:00
2,12.957404,77.612574,2026-01-18,05:00:00,2026-01-18 05:00:00
2,12.957818,77.611163,2026-01-19,06:00:00,2026-01-19 06:00:00
2,12.955526,77.610347,2026-01-20,07:00:00,2026-01-20 07:00:00
2,12.952343,77.614548,2026-01-21,08:00:00,2026-01-21 08:00:00
2,12.954027,77.614641,2026-01-22,09:00:00,2026-01-22 09:00:00
2,12.952085,77.614625,2026-01-23,10:00:00,2026-01-23 10:00:00
2,12.9561,77.614127,2026-01-24,11:00:00,2026-01-24 11:00:00
2,12.95072,77.612365,2026-01-25,12:00:00,2026-01-25 12:00:00
2,12.954289,77.610656,2026-01-26,13:00:00,2026-01-26 13:00:00
2,12.952038,77.610575,2026-01-27,14:00:00,2026-01-27 14:00:00
2,12.956698,77.612666,2026-01-28,15:00:00,2026-01-28 15:00:00
2,12.958042,77.609006,2026-01-29,16:00:00,2026-01-29 16:00:00
2,12.955845,77.616,2026-01-30,17:00:00,2026-01-30 17:00:00
2,12.955963,77.611922,2026-01-01,18:00:00,2026-01-01 18:00:00
2,12.955783,77.613988,2026-01-02,19:00:00,2026-01-02 19:00:00
2,12.955265,77.612428,2026-01-03,20:00:00,2026-01-03 20:00:00
2,12.95522,77.61403,2026-01-04,21:00:00,2026-01-04 21:00:00
2,12.952295,77.606996,2026-01-05,22:00:00,2026-01-05 22:00:00
2,12.956084,77.614733,2026-01-06,23:00:00,2026-01-06 23:00:00
2,12.955605,77.612011,2026-01-07,00:00:00,2026-01-07 00:00:00
2,12.953608,77.609873,2026-01-08,01:00:00,2026-01-08 01:00:00
2,12.957967,77.611654,2026-01-09,02:00:00,2026-01-09 02:00:00
2,12.956713,77.611331,2026-01-10,03:00:00,2026-01-10 03:00:00
2,12.947625,77.613817,2026-01-11,04:00:00,2026-01-11 04:00:00
2,12.955067,77.616156,2026-01-12,05:00:00,2026-01-12 05:00:00
2,12.952712,77.611683,2026-01-13,06:00:00,2026-01-13 06:00:00
2,12.953543,77.610756,2026-01-14,07:00:00,2026-01-14 07:00:00
2,12.951784,77.614259,2026-01-15,08:00:00,2026-01-15 08:00:00
2,12.953363,77.610772,2026-01-16,09:00:00,2026-01-16 09:00:00
2,12.954908,77.61133,2026-01-17,10:00:00,2026-01-17 10:00:00
2,12.959242,77.611638,2026-01-18,11:00:00,2026-01-18 11:00:00
2,12.957826,77.613822,2026-01-19,12:00:00,2026-01-19 12:00:00
2,12.956967,77.613335,2026-01-20,13:00:00,2026-01-20 13:00:00
2,12.952025,77.612821,2026-01-21,14:00:00,2026-01-21 14:00:00
2,12.95141,77.613761,2026-01-22,15:00:00,2026-01-22 15:00:00
2,12.954858,77.606943,2026-01-23,16:00:00,2026-01-23 16:00:00
2,12.950678,77.609615,2026-01-24,17:00:00,2026-01-24 17:00:00
2,12.954807,77.613451,2026-01-25,18:00:00,2026-01-25 18:00:00
2,12.952975,77.61541,2026-01-26,19:00:00,2026-01-26 19:00:00
2,12.953339,77.613678,2026-01-27,20:00:00,2026-01-27 20:00:00
2,12.955992,77.612472,2026-01-28,21:00:00,2026-01-28 21:00:00
2,12.956776,77.612254,2026-01-29,22:00:00,2026-01-29 22:00:00
2,12.954954,77.612014,2026-01-30,23:00:00,2026-01-30 23:00:00
2,12.953804,77.614866,2026-01-01,00:00:00,2026-01-01 00:00:00
2,12.951072,77.609429,2026-01-02,01:00:00,2026-01-02 01:00:00
2,12.954218,77.608196,2026-01-03,02:00:00,2026-01-03 02:00:00
2,12.953291,77.613749,2026-01-04,03:00:00,2026-01-04 03:00:00
2,12.949982,77.611109,2026-01-05,04:00:00,2026-01-05 04:00:00
2,12.953174,77.612757,2026-01-06,05:00:00,2026-01-06 05:00:00
2,12.954085,77.612591,2026-01-07,06:00:00,2026-01-07 06:00:00
2,12.955777,77.60883,2026-01-08,07:00:00,2026-01-08 07:00:00
2,12.957189,77.611619,2026-01-09,08:00:00,2026-01-09 08:00:00
2,12.954158,77.614617,2026-01-10,09:00:00,2026-01-10 09:00:00
2,12.951218,77.610841,2026-01-11,10:00:00,2026-01-11 10:00:00
2,12.948819,77.615315,2026-01-12,11:00:00,2026-01-12 11:00:00
2,12.949327,77.610364,2026-01-13,12:00:00,2026-01-13 12:00:00
2,12.948941,77.610999,2026-01-14,13:00:00,2026-01-14 13:00:00
2,12.949761,77.614345,2026-01-15,14:00:00,2026-01-15 14:00:00
2,12.952423,77.609864,2026-01-16,15:00:00,2026-01-16 15:00:00
2,12.954853,77.610244,2026-01-17,16:00:00,2026-01-17 16:00:00
2,12.954147,77.61442,2026-01-18,17:00:00,2026-01-18 17:00:00
2,12.953091,77.612057,2026-01-19,18:00:00,2026-01-19 18:00:00
2,12.953519,77.612375,2026-01-20,19:00:00,2026-01-20 19:00:00
2,12.958416,77.607536,2026-01-21,20:00:00,2026-01-21 20:00:00
2,12.954426,77.612117,2026-01-22,21:00:00,2026-01-22 21:00:00
2,12.951507,77.614235,2026-01-23,22:00:00,2026-01-23 22:00:00
2,12.955702,77.610602,2026-01-24,23:00:00,2026-01-24 23:00:00
2,12.953325,77.611381,2026-01-25,00:00:00,2026-01-25 00:00:00
2,12.954704,77.61316,2026-01-26,01:00:00,2026-01-26 01:00:00
2,12.954067,77.613864,2026-01-27,02:00:00,2026-01-27 02:00:00
2,12.955424,77.614776,2026-01-28,03:00:00,2026-01-28 03:00:00
2,12.952978,77.611872,2026-01-29,04:00:00,2026-01-29 04:00:00
2,12.9599,77.610929,2026-01-30,05:00:00,2026-01-30 05:00:00
2,12.954767,77.610447,2026-01-01,06:00:00,2026-01-01 06:00:00
2,12.954058,77.612257,2026-01-02,07:00:00,2026-01-02 07:00:00
2,12.953725,77.612222,2026-01-03,08:00:00,2026-01-03 08:00:00
2,12.955799,77.61293,2026-01-04,09:00:00,2026-01-04 09:00:00
2,12.95317,77.612758,2026-01-05,10:00:00,2026-01-05 10:00:00
2,12.952387,77.607326,2026-01-06,11:00:00,2026-01-06 11:00:00
2,12.9511,77.610768,2026-01-07,12:00:00,2026-01-07 12:00:00
2,12.957843,77.616965,2026-01-08,13:00:00,2026-01-08 13:00:00
2,12.952014,77.61293,2026-01-09,14:00:00,2026-01-09 14:00:00
2,12.953645,77.613311,2026-01-10,15:00:00,2026-01-10 15:00:00
2,12.949737,77.613725,2026-01-11,16:00:00,2026-01-11 16:00:00
2,12.951008,77.609421,2026-01-12,17:00:00,2026-01-12 17:00:00
2,12.951591,77.607972,2026-01-13,18:00:00,2026-01-13 18:00:00
2,12.954555,77.610489,2026-01-14,19:00:00,2026-01-14 19:00:00
2,12.956498,77.614081,2026-01-15,20:00:00,2026-01-15 20:00:00
2,12.95628,77.611798,2026-01-16,21:00:00,2026-01-16 21:00:00
2,12.956771,77.615462,2026-01-17,22:00:00,2026-01-17 22:00:00
2,12.953629,77.613157,2026-01-18,23:00:00,2026-01-18 23:00:00
2,12.95764,77.612152,2026-01-19,00:00:00,2026-01-19 00:00:00
2,12.9536,77.614209,2026-01-20,01:00:00,2026-01-20 01:00:00
2,12.954765,77.610435,2026-01-21,02:00:00,2026-01-21 02:00:00
2,12.953521,77.612477,2026-01-22,03:00:00,2026-01-22 03:00:00
2,12.955207,77.611142,2026-01-23,04:00:00,2026-01-23 04:00:00
2,12.955894,77.614704,2026-01-24,05:00:00,2026-01-24 05:00:00
2,12.952779,77.611929,2026-01-25,06:00:00,2026-01-25 06:00:00
2,12.951466,77.614699,2026-01-26,07:00:00,2026-01-26 07:00:00
2,12.952184,77.611649,2026-01-27,08:00:00,2026-01-27 08:00:00
2,12.958274,77.613852,2026-01-28,09:00:00,2026-01-28 09:00:00
2,12.955369,77.612956,2026-01-29,10:00:00,2026-01-29 10:00:00
2,12.954638,77.609856,2026-01-30,11:00:00,2026-01-30 11:00:00
2,12.953508,77.610561,2026-01-01,12:00:00,2026-01-01 12:00:00
2,12.95697,77.60977,2026-01-02,13:00:00,2026-01-02 13:00:00
2,12.952363,77.61191,2026-01-03,14:00:00,2026-01-03 14:00:00
2,12.952025,77.612114,2026-01-04,15:00:00,2026-01-04 15:00:00
2,12.954945,77.61519,2026-01-05,16:00:00,2026-01-05 16:00:00
2,12.954162,77.61245,2026-01-06,17:00:00,2026-01-06 17:00:00
2,12.954905,77.612768,2026-01-07,18:00:00,2026-01-07 18:00:00
2,12.952966,77.612882,2026-01-08,19:00:00,2026-01-08 19:00:00
2,12.957284,77.613286,2026-01-09,20:00:00,2026-01-09 20:00:00
2,12.955077,77.611604,2026-01-10,21:00:00,2026-01-10 21:00:00
2,12.953534,77.612913,2026-01-11,22:00:00,2026-01-11 22:00:00
2,12.953583,77.611613,2026-01-12,23:00:00,2026-01-12 23:00:00
2,12.948232,77.611205,2026-01-13,00:00:00,2026-01-13 00:00:00
2,12.953179,77.610813,2026-01-14,01:00:00,2026-01-14 01:00:00
2,12.954922,77.611041,2026-01-15,02:00:00,2026-01-15 02:00:00
2,12.949384,77.614709,2026-01-16,03:00:00,2026-01-16 03:00:00
2,12.953671,77.611852,2026-01-17,04:00:00,2026-01-17 04:00:00
2,12.950858,77.611313,2026-01-18,05:00:00,2026-01-18 05:00:00
2,12.954439,77.612375,2026-01-19,06:00:00,2026-01-19 06:00:00
2,12.956851,77.611148,2026-01-20,07:00:00,2026-01-20 07:00:00
3,12.992769,77.566652,2026-01-01,00:00:00,2026-01-01 00:00:00
3,12.993232,77.566334,2026-01-02,01:00:00,2026-01-02 01:00:00
3,12.99031,77.563277,2026-01-03,02:00:00,2026-01-03 02:00:00
3,12.996619,77.565241,2026-01-04,03:00:00,2026-01-04 03:00:00
3,12.997495,77.563299,2026-01-05,04:00:00,2026-01-05 04:00:00
3,12.995006,77.559484,2026-01-06,05:00:00,2026-01-06 05:00:00
3,12.992204,77.565491,2026-01-07,06:00:00,2026-01-07 06:00:00
3,12.994068,77.564936,2026-01-08,07:00:00,2026-01-08 07:00:00
3,12.995016,77.564523,2026-01-09,08:00:00,2026-01-09 08:00:00
3,12.994227,77.561515,2026-01-10,09:00:00,2026-01-10 09:00:00
3,12.995408,77.564967,2026-01-11,10:00:00,2026-01-11 10:00:00
3,12.993542,77.565717,2026-01-12,11:00:00,2026-01-12 11:00:00
3,12.995623,77.566525,2026-01-13,12:00:00,2026-01-13 12:00:00
3,12.993465,77.562925,2026-01-14,13:00:00,2026-01-14 13:00:00
3,12.994517,77.563931,2026-01-15,14:00:00,2026-01-15 14:00:00
3,12.992062,77.558964,2026-01-16,15:00:00,2026-01-16 15:00:00
3,12.995837,77.566086,2026-01-17,16:00:00,2026-01-17 16:00:00
3,12.995575,77.563305,2026-01-18,17:00:00,2026-01-18 17:00:00
3,12.995991,77.564446,2026-01-19,18:00:00,2026-01-19 18:00:00
3,12.99389,77.564772,2026-01-20,19:00:00,2026-01-20 19:00:00
3,12.995599,77.56523,2026-01-21,20:00:00,2026-01-21 20:00:00
3,12.993239,77.564738,2026-01-22,21:00:00,2026-01-22 21:00:00
3,12.995046,77.561371,2026-01-23,22:00:00,2026-01-23 22:00:00
3,12.996736,77.565275,2026-01-24,23:00:00,2026-01-24 23:00:00
3,12.995116,77.56477,2026-01-25,00:00:00,2026-01-25 00:00:00
3,12.995185,77.562552,2026-01-26,01:00:00,2026-01-26 01:00:00
3,12.996322,77.564313,2026-01-27,02:00:00,2026-01-27 02:00:00
3,12.99759,77.563384,2026-01-28,03:00:00,2026-01-28 03:00:00
3,12.9941,77.561475,2026-01-29,04:00:00,2026-01-29 04:00:00
3,12.99802,77.563351,2026-01-30,05:00:00,2026-01-30 05:00:00
3,12.992136,77.561097,2026-01-01,06:00:00,2026-01-01 06:00:00
3,12.998627,77.564022,2026-01-02,07:00:00,2026-01-02 07:00:00
3,12.992569,77.563087,2026-01-03,08:00:00,2026-01-03 08:00:00
3,12.996465,77.563648,2026-01-04,09:00:00,2026-01-04 09:00:00
3,12.992271,77.564239,2026-01-05,10:00:00,2026-01-05 10:00:00
3,12.997987,77.565718,2026-01-06,11:00:00,2026-01-06 11:00:00
3,12.997667,77.562068,2026-01-07,12:00:00,2026-01-07 12:00:00
3,12.992434,77.562855,2026-01-08,13:00:00,2026-01-08 13:00:00
3,12.994782,77.563819,2026-01-09,14:00:00,2026-01-09 14:00:00
3,12.99775,77.562888,2026-01-10,15:00:00,2026-01-10 15:00:00
3,12.991666,77.562019,2026-01-11,16:00:00,2026-01-11 16:00:00
3,12.994968,77.565228,2026-01-12,17:00:00,2026-01-12 17:00:00
3,12.9956,77.560641,2026-01-13,18:00:00,2026-01-13 18:00:00
3,12.993147,77.565981,2026-01-14,19:00:00,2026-01-14 19:00:00
3,12.995212,77.565965,2026-01-15,20:00:00,2026-01-15 20:00:00
3,12.996631,77.565272,2026-01-16,21:00:00,2026-01-16 21:00:00
3,12.993778,77.563773,2026-01-17,22:00:00,2026-01-17 22:00:00
3,12.995936,77.568899,2026-01-18,23:00:00,2026-01-18 23:00:00
3,12.997084,77.564212,2026-01-19,00:00:00,2026-01-19 00:00:00
3,12.996273,77.564066,2026-01-20,01:00:00,2026-01-20 01:00:00
3,12.992816,77.564867,2026-01-21,02:00:00,2026-01-21 02:00:00
3,12.995704,77.568529,2026-01-22,03:00:00,2026-01-22 03:00:00
3,12.996857,77.564433,2026-01-23,04:00:00,2026-01-23 04:00:00
3,12.992872,77.561596,2026-01-24,05:00:00,2026-01-24 05:00:00
3,12.996401,77.56667,2026-01-25,06:00:00,2026-01-25 06:00:00
3,12.997703,77.565057,2026-01-26,07:00:00,2026-01-26 07:00:00
3,12.99507,77.563075,2026-01-27,08:00:00,2026-01-27 08:00:00
3,12.996985,77.559306,2026-01-28,09:00:00,2026-01-28 09:00:00
3,12.992141,77.558661,2026-01-29,10:00:00,2026-01-29 10:00:00
3,12.995031,77.563567,2026-01-30,11:00:00,2026-01-30 11:00:00
3,12.995606,77.5641,2026-01-01,12:00:00,2026-01-01 12:00:00
3,12.994572,77.563971,2026-01-02,13:00:00,2026-01-02 13:00:00
3,12.992827,77.562215,2026-01-03,14:00:00,2026-01-03 14:00:00
3,12.994613,77.563141,2026-01-04,15:00:00,2026-01-04 15:00:00
3,12.99229,77.562286,2026-01-05,16:00:00,2026-01-05 16:00:00
3,12.992565,77.561902,2026-01-06,17:00:00,2026-01-06 17:00:00
3,12.99749,77.564554,2026-01-07,18:00:00,2026-01-07 18:00:00
3,12.996356,77.562105,2026-01-08,19:00:00,2026-01-08 19:00:00
3,12.994455,77.566645,2026-01-09,20:00:00,2026-01-09 20:00:00
3,12.994537,77.563156,2026-01-10,21:00:00,2026-01-10 21:00:00
3,12.994536,77.565556,2026-01-11,22:00:00,2026-01-11 22:00:00
3,12.995971,77.563846,2026-01-12,23:00:00,2026-01-12 23:00:00
3,12.992566,77.564325,2026-01-13,00:00:00,2026-01-13 00:00:00
3,12.995128,77.563369,2026-01-14,01:00:00,2026-01-14 01:00:00
3,12.993939,77.56553,2026-01-15,02:00:00,2026-01-15 02:00:00
3,12.998636,77.560854,2026-01-16,03:00:00,2026-01-16 03:00:00
3,12.995086,77.561246,2026-01-17,04:00:00,2026-01-17 04:00:00
3,12.995449,77.562588,2026-01-18,05:00:00,2026-01-18 05:00:00
3,12.999681,77.564488,2026-01-19,06:00:00,2026-01-19 06:00:00
3,12.993778,77.566726,2026-01-20,07:00:00,2026-01-20 07:00:00
3,12.990118,77.565195,2026-01-21,08:00:00,2026-01-21 08:00:00
3,12.997138,77.564815,2026-01-22,09:00:00,2026-01-22 09:00:00
3,12.995263,77.565305,2026-01-23,10:00:00,2026-01-23 10:00:00
3,12.993876,77.565024,2026-01-24,11:00:00,2026-01-24 11:00:00
3,12.991453,77.564401,2026-01-25,12:00:00,2026-01-25 12:00:00
3,12.993382,77.565161,2026-01-26,13:00:00,2026-01-26 13:00:00
3,12.994423,77.563458,2026-01-27,14:00:00,2026-01-27 14:00:00
3,12.994939,77.562244,2026-01-28,15:00:00,2026-01-28 15:00:00
3,12.996729,77.563549,2026-01-29,16:00:00,2026-01-29 16:00:00
3,12.993877,77.563343,2026-01-30,17:00:00,2026-01-30 17:00:00
3,12.992898,77.565254,2026-01-01,18:00:00,2026-01-01 18:00:00
3,12.993958,77.562315,2026-01-02,19:00:00,2026-01-02 19:00:00
3,12.994403,77.567923,2026-01-03,20:00:00,2026-01-03 20:00:00
3,12.993595,77.557988,2026-01-04,21:00:00,2026-01-04 21:00:00
3,12.992141,77.562514,2026-01-05,22:00:00,2026-01-05 22:00:00
3,12.997089,77.566471,2026-01-06,23:00:00,2026-01-06 23:00:00
3,12.994038,77.564659,2026-01-07,00:00:00,2026-01-07 00:00:00
3,12.995102,77.561907,2026-01-08,01:00:00,2026-01-08 01:00:00
3,12.995781,77.563941,2026-01-09,02:00:00,2026-01-09 02:00:00
3,12.993773,77.563878,2026-01-10,03:00:00,2026-01-10 03:00:00
3,12.995466,77.560176,2026-01-11,04:00:00,2026-01-11 04:00:00
3,12.993887,77.56538,2026-01-12,05:00:00,2026-01-12 05:00:00
3,12.995864,77.561778,2026-01-13,06:00:00,2026-01-13 06:00:00
3,12.993327,77.564282,2026-01-14,07:00:00,2026-01-14 07:00:00
3,12.996523,77.56834,2026-01-15,08:00:00,2026-01-15 08:00:00
3,12.995159,77.565774,2026-01-16,09:00:00,2026-01-16 09:00:00
3,12.994654,77.5627,2026-01-17,10:00:00,2026-01-17 10:00:00
3,12.997473,77.56688,2026-01-18,11:00:00,2026-01-18 11:00:00
3,12.999371,77.56237,2026-01-19,12:00:00,2026-01-19 12:00:00
3,12.993898,77.567352,2026-01-20,13:00:00,2026-01-20 13:00:00
3,12.988957,77.563782,2026-01-21,14:00:00,2026-01-21 14:00:00
3,12.992263,77.567221,2026-01-22,15:00:00,2026-01-22 15:00:00
3,12.994081,77.56428,2026-01-23,16:00:00,2026-01-23 16:00:00
3,12.994463,77.562891,2026-01-24,17:00:00,2026-01-24 17:00:00
3,12.995574,77.561726,2026-01-25,18:00:00,2026-01-25 18:00:00
3,12.992618,77.562939,2026-01-26,19:00:00,2026-01-26 19:00:00
3,12.994612,77.562542,2026-01-27,20:00:00,2026-01-27 20:00:00
3,12.995524,77.568627,2026-01-28,21:00:00,2026-01-28 21:00:00
3,12.99506,77.566209,2026-01-29,22:00:00,2026-01-29 22:00:00
3,12.995296,77.565541,2026-01-30,23:00:00,2026-01-30 23:00:00
3,12.9909,77.565204,2026-01-01,00:00:00,2026-01-01 00:00:00
3,12.994211,77.56443,2026-01-02,01:00:00,2026-01-02 01:00:00
3,12.991273,77.562872,2026-01-03,02:00:00,2026-01-03 02:00:00
3,12.996829,77.560942,2026-01-04,03:00:00,2026-01-04 03:00:00
3,12.993585,77.565112,2026-01-05,04:00:00,2026-01-05 04:00:00
3,12.998634,77.566817,2026-01-06,05:00:00,2026-01-06 05:00:00
3,12.997743,77.562266,2026-01-07,06:00:00,2026-01-07 06:00:00
3,12.995683,77.56191,2026-01-08,07:00:00,2026-01-08 07:00:00
3,12.994981,77.56382,2026-01-09,08:00:00,2026-01-09 08:00:00
3,12.99438,77.566432,2026-01-10,09:00:00,2026-01-10 09:00:00
3,12.993283,77.563262,2026-01-11,10:00:00,2026-01-11 10:00:00
3,12.991729,77.566706,2026-01-12,11:00:00,2026-01-12 11:00:00
3,12.995098,77.563801,2026-01-13,12:00:00,2026-01-13 12:00:00
3,12.99167,77.56477,2026-01-14,13:00:00,2026-01-14 13:00:00
3,12.994057,77.565281,2026-01-15,14:00:00,2026-01-15 14:00:00
3,12.994708,77.56641,2026-01-16,15:00:00,2026-01-16 15:00:00
3,12.994869,77.566948,2026-01-17,16:00:00,2026-01-17 16:00:00
3,12.996879,77.561289,2026-01-18,17:00:00,2026-01-18 17:00:00
3,12.994989,77.567292,2026-01-19,18:00:00,2026-01-19 18:00:00
3,12.996437,77.563333,2026-01-20,19:00:00,2026-01-20 19:00:00
3,12.993367,77.56549,2026-01-21,20:00:00,2026-01-21 20:00:00
3,12.994244,77.563011,2026-01-22,21:00:00,2026-01-22 21:00:00
3,12.99041,77.566951,2026-01-23,22:00:00,2026-01-23 22:00:00
3,12.99224,77.565913,2026-01-24,23:00:00,2026-01-24 23:00:00
3,12.991296,77.562888,2026-01-25,00:00:00,2026-01-25 00:00:00
3,12.992961,77.565906,2026-01-26,01:00:00,2026-01-26 01:00:00
3,12.993838,77.565531,2026-01-27,02:00:00,2026-01-27 02:00:00
3,12.998782,77.563446,2026-01-28,03:00:00,2026-01-28 03:00:00
3,12.993819,77.562767,2026-01-29,04:00:00,2026-01-29 04:00:00
3,12.993884,77.565276,2026-01-30,05:00:00,2026-01-30 05:00:00
3,12.994593,77.564406,2026-01-01,06:00:00,2026-01-01 06:00:00
3,12.991378,77.559603,2026-01-02,07:00:00,2026-01-02 07:00:00
3,12.993085,77.563541,2026-01-03,08:00:00,2026-01-03 08:00:00
3,12.992141,77.562604,2026-01-04,09:00:00,2026-01-04 09:00:00
3,12.993642,77.564768,2026-01-05,10:00:00,2026-01-05 10:00:00
3,12.990516,77.562402,2026-01-06,11:00:00,2026-01-06 11:00:00
3,12.996796,77.559239,2026-01-07,12:00:00,2026-01-07 12:00:00
3,12.994977,77.563863,2026-01-08,13:00:00,2026-01-08 13:00:00
3,12.995806,77.567634,2026-01-09,14:00:00,2026-01-09 14:00:00
3,12.995844,77.562819,2026-01-10,15:00:00,2026-01-10 15:00:00
3,12.9923,77.56448,2026-01-11,16:00:00,2026-01-11 16:00:00
3,12.991663,77.56011,2026-01-12,17:00:00,2026-01-12 17:00:00
3,12.992184,77.562828,2026-01-13,18:00:00,2026-01-13 18:00:00
3,12.997407,77.562322,2026-01-14,19:00:00,2026-01-14 19:00:00
3,12.993188,77.561037,2026-01-15,20:00:00,2026-01-15 20:00:00
3,12.99738,77.564736,2026-01-16,21:00:00,2026-01-16 21:00:00
3,12.996611,77.56514,2026-01-17,22:00:00,2026-01-17 22:00:00
3,12.993876,77.564815,2026-01-18,23:00:00,2026-01-18 23:00:00
3,12.993623,77.564147,2026-01-19,00:00:00,2026-01-19 00:00:00
3,12.998296,77.568568,2026-01-20,01:00:00,2026-01-20 01:00:00
3,12.991429,77.56607,2026-01-21,02:00:00,2026-01-21 02:00:00
3,12.995257,77.561473,2026-01-22,03:00:00,2026-01-22 03:00:00
3,12.994289,77.566726,2026-01-23,04:00:00,2026-01-23 04:00:00
3,12.992843,77.565083,2026-01-24,05:00:00,2026-01-24 05:00:00
3,12.994083,77.565106,2026-01-25,06:00:00,2026-01-25 06:00:00
3,12.993244,77.563384,2026-01-26,07:00:00,2026-01-26 07:00:00
3,12.995962,77.562321,2026-01-27,08:00:00,2026-01-27 08:00:00
3,12.993649,77.563471,2026-01-28,09:00:00,2026-01-28 09:00:00
3,12.994598,77.563873,2026-01-29,10:00:00,2026-01-29 10:00:00
3,12.994389,77.565793,2026-01-30,11:00:00,2026-01-30 11:00:00
3,12.993743,77.561381,2026-01-01,12:00:00,2026-01-01 12:00:00
3,12.996413,77.562736,2026-01-02,13:00:00,2026-01-02 13:00:00
3,12.993124,77.565502,2026-01-03,14:00:00,2026-01-03 14:00:00
3,12.992512,77.567523,2026-01-04,15:00:00,2026-01-04 15:00:00
3,12.989747,77.557823,2026-01-05,16:00:00,2026-01-05 16:00:00
3,12.995147,77.560929,2026-01-06,17:00:00,2026-01-06 17:00:00
3,12.995162,77.562315,2026-01-07,18:00:00,2026-01-07 18:00:00
3,12.994698,77.564779,2026-01-08,19:00:00,2026-01-08 19:00:00
3,12.995799,77.563893,2026-01-09,20:00:00,2026-01-09 20:00:00
3,12.99495,77.562774,2026-01-10,21:00:00,2026-01-10 21:00:00
3,12.991831,77.565759,2026-01-11,22:00:00,2026-01-11 22:00:00
3,12.991372,77.56415,2026-01-12,23:00:00,2026-01-12 23:00:00
3,12.994464,77.560247,2026-01-13,00:00:00,2026-01-13 00:00:00
3,12.994738,77.566268,2026-01-14,01:00:00,2026-01-14 01:00:00
3,12.993961,77.565549,2026-01-15,02:00:00,2026-01-15 02:00:00
3,12.994567,77.564723,2026-01-16,03:00:00,2026-01-16 03:00:00
3,12.99671,77.562867,2026-01-17,04:00:00,2026-01-17 04:00:00
3,12.996431,77.560296,2026-01-18,05:00:00,2026-01-18 05:00:00
3,12.995801,77.560055,2026-01-19,06:00:00,2026-01-19 06:00:00
3,12.995068,77.562433,2026-01-20,07:00:00,2026-01-20 07:00:00
4,12.937628,77.687555,2026-01-01,00:00:00,2026-01-01 00:00:00
4,12.940819,77.687814,2026-01-02,01:00:00,2026-01-02 01:00:00
4,12.935279,77.684629,2026-01-03,02:00:00,2026-01-03 02:00:00
4,12.937649,77.68833,2026-01-04,03:00:00,2026-01-04 03:00:00
4,12.93954,77.690947,2026-01-05,04:00:00,2026-01-05 04:00:00
4,12.939839,77.687558,2026-01-06,05:00:00,2026-01-06 05:00:00
4,12.936114,77.688753,2026-01-07,06:00:00,2026-01-07 06:00:00
4,12.93708,77.688668,2026-01-08,07:00:00,2026-01-08 07:00:00
4,12.9386,77.690028,2026-01-09,08:00:00,2026-01-09 08:00:00
4,12.938448,77.685094,2026-01-10,09:00:00,2026-01-10 09:00:00
4,12.93817,77.694146,2026-01-11,10:00:00,2026-01-11 10:00:00
4,12.938377,77.686084,2026-01-12,11:00:00,2026-01-12 11:00:00
4,12.934424,77.692605,2026-01-13,12:00:00,2026-01-13 12:00:00
4,12.937426,77.689578,2026-01-14,13:00:00,2026-01-14 13:00:00
4,12.93685,77.690384,2026-01-15,14:00:00,2026-01-15 14:00:00
4,12.93872,77.68619,2026-01-16,15:00:00,2026-01-16 15:00:00
4,12.937594,77.68822,2026-01-17,16:00:00,2026-01-17 16:00:00
4,12.937949,77.690485,2026-01-18,17:00:00,2026-01-18 17:00:00
4,12.937455,77.68834,2026-01-19,18:00:00,2026-01-19 18:00:00
4,12.942785,77.692879,2026-01-20,19:00:00,2026-01-20 19:00:00
4,12.940602,77.690437,2026-01-21,20:00:00,2026-01-21 20:00:00
4,12.938779,77.686804,2026-01-22,21:00:00,2026-01-22 21:00:00
4,12.936,77.685623,2026-01-23,22:00:00,2026-01-23 22:00:00
4,12.938695,77.690236,2026-01-24,23:00:00,2026-01-24 23:00:00
4,12.939195,77.688347,2026-01-25,00:00:00,2026-01-25 00:00:00
4,12.937544,77.691108,2026-01-26,01:00:00,2026-01-26 01:00:00
4,12.936587,77.689816,2026-01-27,02:00:00,2026-01-27 02:00:00
4,12.941366,77.690674,2026-01-28,03:00:00,2026-01-28 03:00:00
4,12.940024,77.689436,2026-01-29,04:00:00,2026-01-29 04:00:00
4,12.940458,77.68834,2026-01-30,05:00:00,2026-01-30 05:00:00
4,12.933451,77.685074,2026-01-01,06:00:00,2026-01-01 06:00:00
4,12.93765,77.688536,2026-01-02,07:00:00,2026-01-02 07:00:00
4,12.94104,77.689497,2026-01-03,08:00:00,2026-01-03 08:00:00
4,12.942033,77.687748,2026-01-04,09:00:00,2026-01-04 09:00:00
4,12.940909,77.690632,2026-01-05,10:00:00,2026-01-05 10:00:00
4,12.941051,77.686749,2026-01-06,11:00:00,2026-01-06 11:00:00
4,12.937078,77.687578,2026-01-07,12:00:00,2026-01-07 12:00:00
4,12.941969,77.689864,2026-01-08,13:00:00,2026-01-08 13:00:00
4,12.941776,77.686878,2026-01-09,14:00:00,2026-01-09 14:00:00
4,12.942883,77.691769,2026-01-10,15:00:00,2026-01-10 15:00:00
4,12.935617,77.687972,2026-01-11,16:00:00,2026-01-11 16:00:00
4,12.937028,77.690752,2026-01-12,17:00:00,2026-01-12 17:00:00
4,12.937074,77.689695,2026-01-13,18:00:00,2026-01-13 18:00:00
4,12.935384,77.691288,2026-01-14,19:00:00,2026-01-14 19:00:00
4,12.940405,77.690605,2026-01-15,20:00:00,2026-01-15 20:00:00
4,12.936257,77.690965,2026-01-16,21:00:00,2026-01-16 21:00:00
4,12.9364,77.691998,2026-01-17,22:00:00,2026-01-17 22:00:00
4,12.936403,77.68901,2026-01-18,23:00:00,2026-01-18 23:00:00
4,12.940891,77.687523,2026-01-19,00:00:00,2026-01-19 00:00:00
4,12.935688,77.687361,2026-01-20,01:00:00,2026-01-20 01:00:00
4,12.935845,77.687678,2026-01-21,02:00:00,2026-01-21 02:00:00
4,12.937346,77.688642,2026-01-22,03:00:00,2026-01-22 03:00:00
4,12.937499,77.687236,2026-01-23,04:00:00,2026-01-23 04:00:00
4,12.936774,77.69002,2026-01-24,05:00:00,2026-01-24 05:00:00
4,12.936081,77.687065,2026-01-25,06:00:00,2026-01-25 06:00:00
4,12.938158,77.694042,2026-01-26,07:00:00,2026-01-26 07:00:00
4,12.942918,77.683623,2026-01-27,08:00:00,2026-01-27 08:00:00
4,12.937945,77.688247,2026-01-28,09:00:00,2026-01-28 09:00:00
4,12.938879,77.688629,2026-01-29,10:00:00,2026-01-29 10:00:00
4,12.938217,77.688528,2026-01-30,11:00:00,2026-01-30 11:00:00
4,12.934403,77.685899,2026-01-01,12:00:00,2026-01-01 12:00:00
4,12.934801,77.689319,2026-01-02,13:00:00,2026-01-02 13:00:00
4,12.93862,77.694253,2026-01-03,14:00:00,2026-01-03 14:00:00
4,12.936294,77.690307,2026-01-04,15:00:00,2026-01-04 15:00:00
4,12.937831,77.687806,2026-01-05,16:00:00,2026-01-05 16:00:00
4,12.939618,77.688472,2026-01-06,17:00:00,2026-01-06 17:00:00
4,12.937022,77.687504,2026-01-07,18:00:00,2026-01-07 18:00:00
4,12.936908,77.687004,2026-01-08,19:00:00,2026-01-08 19:00:00
4,12.940067,77.689773,2026-01-09,20:00:00,2026-01-09 20:00:00
4,12.937232,77.68658,2026-01-10,21:00:00,2026-01-10 21:00:00
4,12.938663,77.687974,2026-01-11,22:00:00,2026-01-11 22:00:00
4,12.936788,77.688224,2026-01-12,23:00:00,2026-01-12 23:00:00
4,12.937091,77.686934,2026-01-13,00:00:00,2026-01-13 00:00:00
4,12.939969,77.69111,2026-01-14,01:00:00,2026-01-14 01:00:00
4,12.938243,77.683971,2026-01-15,02:00:00,2026-01-15 02:00:00
4,12.938346,77.68945,2026-01-16,03:00:00,2026-01-16 03:00:00
4,12.939812,77.690543,2026-01-17,04:00:00,2026-01-17 04:00:00
4,12.941304,77.68797,2026-01-18,05:00:00,2026-01-18 05:00:00
4,12.934461,77.692204,2026-01-19,06:00:00,2026-01-19 06:00:00
4,12.943397,77.689934,2026-01-20,07:00:00,2026-01-20 07:00:00
4,12.933593,77.690676,2026-01-21,08:00:00,2026-01-21 08:00:00
4,12.936996,77.686749,2026-01-22,09:00:00,2026-01-22 09:00:00
4,12.93884,77.694682,2026-01-23,10:00:00,2026-01-23 10:00:00
4,12.938001,77.689567,2026-01-24,11:00:00,2026-01-24 11:00:00
4,12.935824,77.687571,2026-01-25,12:00:00,2026-01-25 12:00:00
4,12.942035,77.688025,2026-01-26,13:00:00,2026-01-26 13:00:00
4,12.937508,77.687771,2026-01-27,14:00:00,2026-01-27 14:00:00
4,12.939557,77.686817,2026-01-28,15:00:00,2026-01-28 15:00:00
4,12.94014,77.68758,2026-01-29,16:00:00,2026-01-29 16:00:00
4,12.940814,77.692838,2026-01-30,17:00:00,2026-01-30 17:00:00
4,12.935761,77.690285,2026-01-01,18:00:00,2026-01-01 18:00:00
4,12.938837,77.689791,2026-01-02,19:00:00,2026-01-02 19:00:00
4,12.93847,77.691231,2026-01-03,20:00:00,2026-01-03 20:00:00
4,12.932834,77.688509,2026-01-04,21:00:00,2026-01-04 21:00:00
4,12.93612,77.689816,2026-01-05,22:00:00,2026-01-05 22:00:00
4,12.941058,77.689744,2026-01-06,23:00:00,2026-01-06 23:00:00
4,12.937517,77.69065,2026-01-07,00:00:00,2026-01-07 00:00:00
4,12.94368,77.689196,2026-01-08,01:00:00,2026-01-08 01:00:00
4,12.938921,77.68936,2026-01-09,02:00:00,2026-01-09 02:00:00
4,12.939317,77.690586,2026-01-10,03:00:00,2026-01-10 03:00:00
4,12.934518,77.687739,2026-01-11,04:00:00,2026-01-11 04:00:00
4,12.932311,77.689193,2026-01-12,05:00:00,2026-01-12 05:00:00
4,12.937888,77.687766,2026-01-13,06:00:00,2026-01-13 06:00:00
4,12.935996,77.689974,2026-01-14,07:00:00,2026-01-14 07:00:00
4,12.943454,77.687038,2026-01-15,08:00:00,2026-01-15 08:00:00
4,12.939248,77.688009,2026-01-16,09:00:00,2026-01-16 09:00:00
4,12.933557,77.690417,2026-01-17,10:00:00,2026-01-17 10:00:00
4,12.939175,77.687331,2026-01-18,11:00:00,2026-01-18 11:00:00
4,12.93899,77.68776,2026-01-19,12:00:00,2026-01-19 12:00:00
4,12.942264,77.687514,2026-01-20,13:00:00,2026-01-20 13:00:00
4,12.933534,77.689302,2026-01-21,14:00:00,2026-01-21 14:00:00
4,12.935696,77.693124,2026-01-22,15:00:00,2026-01-22 15:00:00
4,12.936995,77.69106,2026-01-23,16:00:00,2026-01-23 16:00:00
4,12.937455,77.6857,2026-01-24,17:00:00,2026-01-24 17:00:00
4,12.942716,77.687506,2026-01-25,18:00:00,2026-01-25 18:00:00
4,12.937349,77.691617,2026-01-26,19:00:00,2026-01-26 19:00:00
4,12.94114,77.690408,2026-01-27,20:00:00,2026-01-27 20:00:00
4,12.939954,77.69339,2026-01-28,21:00:00,2026-01-28 21:00:00
4,12.942621,77.69158,2026-01-29,22:00:00,2026-01-29 22:00:00
4,12.939966,77.684057,2026-01-30,23:00:00,2026-01-30 23:00:00
4,12.937637,77.687753,2026-01-01,00:00:00,2026-01-01 00:00:00
4,12.940845,77.688637,2026-01-02,01:00:00,2026-01-02 01:00:00
4,12.937046,77.688493,2026-01-03,02:00:00,2026-01-03 02:00:00
4,12.93901,77.688657,2026-01-04,03:00:00,2026-01-04 03:00:00
4,12.939483,77.692322,2026-01-05,04:00:00,2026-01-05 04:00:00
4,12.938769,77.69132,2026-01-06,05:00:00,2026-01-06 05:00:00
4,12.940162,77.689996,2026-01-07,06:00:00,2026-01-07 06:00:00
4,12.936014,77.687241,2026-01-08,07:00:00,2026-01-08 07:00:00
4,12.940165,77.689891,2026-01-09,08:00:00,2026-01-09 08:00:00
4,12.939932,77.684255,2026-01-10,09:00:00,2026-01-10 09:00:00
4,12.934964,77.685339,2026-01-11,10:00:00,2026-01-11 10:00:00
4,12.940597,77.686352,2026-01-12,11:00:00,2026-01-12 11:00:00
4,12.937732,77.691323,2026-01-13,12:00:00,2026-01-13 12:00:00
4,12.935986,77.685882,2026-01-14,13:00:00,2026-01-14 13:00:00
4,12.937744,77.684231,2026-01-15,14:00:00,2026-01-15 14:00:00
4,12.938103,77.687494,2026-01-16,15:00:00,2026-01-16 15:00:00
4,12.939395,77.68496,2026-01-17,16:00:00,2026-01-17 16:00:00
4,12.940202,77.691186,2026-01-18,17:00:00,2026-01-18 17:00:00
4,12.937469,77.690159,2026-01-19,18:00:00,2026-01-19 18:00:00
4,12.939402,77.692787,2026-01-20,19:00:00,2026-01-20 19:00:00
4,12.938331,77.688257,2026-01-21,20:00:00,2026-01-21 20:00:00
4,12.933668,77.685916,2026-01-22,21:00:00,2026-01-22 21:00:00
4,12.93647,77.687128,2026-01-23,22:00:00,2026-01-23 22:00:00
4,12.936377,77.691282,2026-01-24,23:00:00,2026-01-24 23:00:00
4,12.938381,77.691243,2026-01-25,00:00:00,2026-01-25 00:00:00
4,12.938346,77.689154,2026-01-26,01:00:00,2026-01-26 01:00:00
4,12.937237,77.687222,2026-01-27,02:00:00,2026-01-27 02:00:00
4,12.939205,77.691221,2026-01-28,03:00:00,2026-01-28 03:00:00
4,12.939076,77.690102,2026-01-29,04:00:00,2026-01-29 04:00:00
4,12.937531,77.688152,2026-01-30,05:00:00,2026-01-30 05:00:00
4,12.936762,77.689459,2026-01-01,06:00:00,2026-01-01 06:00:00
4,12.937023,77.689162,2026-01-02,07:00:00,2026-01-02 07:00:00
4,12.936956,77.690413,2026-01-03,08:00:00,2026-01-03 08:00:00
4,12.938517,77.688819,2026-01-04,09:00:00,2026-01-04 09:00:00
4,12.936344,77.686877,2026-01-05,10:00:00,2026-01-05 10:00:00
4,12.941706,77.689263,2026-01-06,11:00:00,2026-01-06 11:00:00
4,12.940444,77.690449,2026-01-07,12:00:00,2026-01-07 12:00:00
4,12.939091,77.68969,2026-01-08,13:00:00,2026-01-08 13:00:00
4,12.940037,77.68619,2026-01-09,14:00:00,2026-01-09 14:00:00
4,12.940362,77.68805,2026-01-10,15:00:00,2026-01-10 15:00:00
4,12.935332,77.690177,2026-01-11,16:00:00,2026-01-11 16:00:00
4,12.942672,77.685025,2026-01-12,17:00:00,2026-01-12 17:00:00
4,12.933328,77.688806,2026-01-13,18:00:00,2026-01-13 18:00:00
4,12.933706,77.688514,2026-01-14,19:00:00,2026-01-14 19:00:00
4,12.933827,77.689899,2026-01-15,20:00:00,2026-01-15 20:00:00
4,12.938182,77.687345,2026-01-16,21:00:00,2026-01-16 21:00:00
4,12.941031,77.68978,2026-01-17,22:00:00,2026-01-17 22:00:00
4,12.940157,77.687252,2026-01-18,23:00:00,2026-01-18 23:00:00
4,12.939946,77.686118,2026-01-19,00:00:00,2026-01-19 00:00:00
4,12.94425,77.69045,2026-01-20,01:00:00,2026-01-20 01:00:00
4,12.937167,77.690984,2026-01-21,02:00:00,2026-01-21 02:00:00
4,12.937419,77.688643,2026-01-22,03:00:00,2026-01-22 03:00:00
4,12.937707,77.685609,2026-01-23,04:00:00,2026-01-23 04:00:00
4,12.936815,77.68985,2026-01-24,05:00:00,2026-01-24 05:00:00
4,12.936533,77.693785,2026-01-25,06:00:00,2026-01-25 06:00:00
4,12.937577,77.688904,2026-01-26,07:00:00,2026-01-26 07:00:00
4,12.942576,77.69019,2026-01-27,08:00:00,2026-01-27 08:00:00
4,12.943197,77.689122,2026-01-28,09:00:00,2026-01-28 09:00:00
4,12.936176,77.684036,2026-01-29,10:00:00,2026-01-29 10:00:00
4,12.937002,77.689631,2026-01-30,11:00:00,2026-01-30 11:00:00
4,12.938673,77.691397,2026-01-01,12:00:00,2026-01-01 12:00:00
4,12.934432,77.688238,2026-01-02,13:00:00,2026-01-02 13:00:00
4,12.938298,77.683953,2026-01-03,14:00:00,2026-01-03 14:00:00
4,12.935878,77.689036,2026-01-04,15:00:00,2026-01-04 15:00:00
4,12.938326,77.690648,2026-01-05,16:00:00,2026-01-05 16:00:00
4,12.938478,77.688331,2026-01-06,17:00:00,2026-01-06 17:00:00
4,12.936762,77.689782,2026-01-07,18:00:00,2026-01-07 18:00:00
4,12.938294,77.690907,2026-01-08,19:00:00,2026-01-08 19:00:00
4,12.936446,77.693156,2026-01-09,20:00:00,2026-01-09 20:00:00
4,12.93805,77.687562,2026-01-10,21:00:00,2026-01-10 21:00:00
4,12.938211,77.689871,2026-01-11,22:00:00,2026-01-11 22:00:00
4,12.938158,77.687561,2026-01-12,23:00:00,2026-01-12 23:00:00
4,12.933056,77.688622,2026-01-13,00:00:00,2026-01-13 00:00:00
4,12.939088,77.690053,2026-01-14,01:00:00,2026-01-14 01:00:00
4,12.93988,77.688634,2026-01-15,02:00:00,2026-01-15 02:00:00
4,12.936693,77.687168,2026-01-16,03:00:00,2026-01-16 03:00:00
4,12.939731,77.688828,2026-01-17,04:00:00,2026-01-17 04:00:00
4,12.938775,77.688431,2026-01-18,05:00:00,2026-01-18 05:00:00
4,12.938617,77.687967,2026-01-19,06:00:00,2026-01-19 06:00:00
4,12.940814,77.687431,2026-01-20,07:00:00,2026-01-20 07:00:00
5,12.974633,77.597626,2026-01-01,00:00:00,2026-01-01 00:00:00
5,12.975339,77.597271,2026-01-02,01:00:00,2026-01-02 01:00:00
5,12.971033,77.596876,2026-01-03,02:00:00,2026-01-03 02:00:00
5,12.972288,77.595435,2026-01-04,03:00:00,2026-01-04 03:00:00
5,12.973729,77.594955,2026-01-05,04:00:00,2026-01-05 04:00:00
5,12.973098,77.597078,2026-01-06,05:00:00,2026-01-06 05:00:00
5,12.975299,77.59738,2026-01-07,06:00:00,2026-01-07 06:00:00
5,12.978773,77.598859,2026-01-08,07:00:00,2026-01-08 07:00:00
5,12.974201,77.595077,2026-01-09,08:00:00,2026-01-09 08:00:00
5,12.975163,77.5963,2026-01-10,09:00:00,2026-01-10 09:00:00
5,12.97484,77.593833,2026-01-11,10:00:00,2026-01-11 10:00:00
5,12.970698,77.595188,2026-01-12,11:00:00,2026-01-12 11:00:00
5,12.978272,77.598278,2026-01-13,12:00:00,2026-01-13 12:00:00
5,12.969334,77.596059,2026-01-14,13:00:00,2026-01-14 13:00:00
5,12.96914,77.595481,2026-01-15,14:00:00,2026-01-15 14:00:00
5,12.972739,77.597486,2026-01-16,15:00:00,2026-01-16 15:00:00
5,12.976111,77.59846,2026-01-17,16:00:00,2026-01-17 16:00:00
5,12.974471,77.596591,2026-01-18,17:00:00,2026-01-18 17:00:00
5,12.976444,77.596799,2026-01-19,18:00:00,2026-01-19 18:00:00
5,12.972792,77.593853,2026-01-20,19:00:00,2026-01-20 19:00:00
5,12.972729,77.592603,2026-01-21,20:00:00,2026-01-21 20:00:00
5,12.975326,77.592828,2026-01-22,21:00:00,2026-01-22 21:00:00
5,12.97471,77.594458,2026-01-23,22:00:00,2026-01-23 22:00:00
5,12.969499,77.595571,2026-01-24,23:00:00,2026-01-24 23:00:00
5,12.972222,77.59259,2026-01-25,00:00:00,2026-01-25 00:00:00
5,12.975311,77.595662,2026-01-26,01:00:00,2026-01-26 01:00:00
5,12.973298,77.599092,2026-01-27,02:00:00,2026-01-27 02:00:00
5,12.97076,77.59893,2026-01-28,03:00:00,2026-01-28 03:00:00
5,12.975473,77.595438,2026-01-29,04:00:00,2026-01-29 04:00:00
5,12.969225,77.59585,2026-01-30,05:00:00,2026-01-30 05:00:00
5,12.970964,77.598274,2026-01-01,06:00:00,2026-01-01 06:00:00
5,12.971778,77.592336,2026-01-02,07:00:00,2026-01-02 07:00:00
5,12.971103,77.594493,2026-01-03,08:00:00,2026-01-03 08:00:00
5,12.973247,77.594995,2026-01-04,09:00:00,2026-01-04 09:00:00
5,12.975068,77.59733,2026-01-05,10:00:00,2026-01-05 10:00:00
5,12.97197,77.598461,2026-01-06,11:00:00,2026-01-06 11:00:00
5,12.973964,77.592803,2026-01-07,12:00:00,2026-01-07 12:00:00
5,12.97254,77.597809,2026-01-08,13:00:00,2026-01-08 13:00:00
5,12.976642,77.59702,2026-01-09,14:00:00,2026-01-09 14:00:00
5,12.972404,77.593923,2026-01-10,15:00:00,2026-01-10 15:00:00
5,12.970663,77.598767,2026-01-11,16:00:00,2026-01-11 16:00:00
5,12.971899,77.597176,2026-01-12,17:00:00,2026-01-12 17:00:00
5,12.969125,77.58993,2026-01-13,18:00:00,2026-01-13 18:00:00
5,12.972359,77.595858,2026-01-14,19:00:00,2026-01-14 19:00:00
5,12.973127,77.595794,2026-01-15,20:00:00,2026-01-15 20:00:00
5,12.972729,77.595636,2026-01-16,21:00:00,2026-01-16 21:00:00
5,12.974291,77.594696,2026-01-17,22:00:00,2026-01-17 22:00:00
5,12.971139,77.595011,2026-01-18,23:00:00,2026-01-18 23:00:00
5,12.976575,77.591078,2026-01-19,00:00:00,2026-01-19 00:00:00
5,12.973015,77.594595,2026-01-20,01:00:00,2026-01-20 01:00:00
5,12.96872,77.597985,2026-01-21,02:00:00,2026-01-21 02:00:00
5,12.971529,77.595635,2026-01-22,03:00:00,2026-01-22 03:00:00
5,12.970622,77.593979,2026-01-23,04:00:00,2026-01-23 04:00:00
5,12.972265,77.594445,2026-01-24,05:00:00,2026-01-24 05:00:00
5,12.971692,77.593753,2026-01-25,06:00:00,2026-01-25 06:00:00
5,12.974288,77.592829,2026-01-26,07:00:00,2026-01-26 07:00:00
5,12.975733,77.595339,2026-01-27,08:00:00,2026-01-27 08:00:00
5,12.973226,77.595985,2026-01-28,09:00:00,2026-01-28 09:00:00
5,12.971337,77.594639,2026-01-29,10:00:00,2026-01-29 10:00:00
5,12.972083,77.59505,2026-01-30,11:00:00,2026-01-30 11:00:00
5,12.9703,77.59306,2026-01-01,12:00:00,2026-01-01 12:00:00
5,12.96978,77.596167,2026-01-02,13:00:00,2026-01-02 13:00:00
5,12.970644,77.593298,2026-01-03,14:00:00,2026-01-03 14:00:00
5,12.972678,77.595323,2026-01-04,15:00:00,2026-01-04 15:00:00
5,12.972475,77.592132,2026-01-05,16:00:00,2026-01-05 16:00:00
5,12.975322,77.594837,2026-01-06,17:00:00,2026-01-06 17:00:00
5,12.976185,77.594928,2026-01-07,18:00:00,2026-01-07 18:00:00
5,12.975509,77.592025,2026-01-08,19:00:00,2026-01-08 19:00:00
5,12.973215,77.594641,2026-01-09,20:00:00,2026-01-09 20:00:00
5,12.977771,77.594604,2026-01-10,21:00:00,2026-01-10 21:00:00
5,12.96907,77.593472,2026-01-11,22:00:00,2026-01-11 22:00:00
5,12.970339,77.594685,2026-01-12,23:00:00,2026-01-12 23:00:00
5,12.970152,77.593034,2026-01-13,00:00:00,2026-01-13 00:00:00
5,12.973939,77.590625,2026-01-14,01:00:00,2026-01-14 01:00:00
5,12.974175,77.597272,2026-01-15,02:00:00,2026-01-15 02:00:00
5,12.974963,77.592231,2026-01-16,03:00:00,2026-01-16 03:00:00
5,12.970386,77.595481,2026-01-17,04:00:00,2026-01-17 04:00:00
5,12.973754,77.591407,2026-01-18,05:00:00,2026-01-18 05:00:00
5,12.976158,77.598121,2026-01-19,06:00:00,2026-01-19 06:00:00
5,12.972984,77.59425,2026-01-20,07:00:00,2026-01-20 07:00:00
5,12.975145,77.595804,2026-01-21,08:00:00,2026-01-21 08:00:00
5,12.972475,77.59573,2026-01-22,09:00:00,2026-01-22 09:00:00
5,12.96814,77.593515,2026-01-23,10:00:00,2026-01-23 10:00:00
5,12.975097,77.593456,2026-01-24,11:00:00,2026-01-24 11:00:00
5,12.974952,77.59583,2026-01-25,12:00:00,2026-01-25 12:00:00
5,12.97129,77.596299,2026-01-26,13:00:00,2026-01-26 13:00:00
5,12.974422,77.598802,2026-01-27,14:00:00,2026-01-27 14:00:00
5,12.974005,77.595498,2026-01-28,15:00:00,2026-01-28 15:00:00
5,12.971757,77.599251,2026-01-29,16:00:00,2026-01-29 16:00:00
5,12.969873,77.59584,2026-01-30,17:00:00,2026-01-30 17:00:00
5,12.97233,77.596659,2026-01-01,18:00:00,2026-01-01 18:00:00
5,12.972793,77.594442,2026-01-02,19:00:00,2026-01-02 19:00:00
5,12.975448,77.597098,2026-01-03,20:00:00,2026-01-03 20:00:00
5,12.974478,77.599886,2026-01-04,21:00:00,2026-01-04 21:00:00
5,12.971409,77.594775,2026-01-05,22:00:00,2026-01-05 22:00:00
5,12.973468,77.592688,2026-01-06,23:00:00,2026-01-06 23:00:00
5,12.975816,77.594755,2026-01-07,00:00:00,2026-01-07 00:00:00
5,12.973909,77.5966,2026-01-08,01:00:00,2026-01-08 01:00:00
5,12.973966,77.592632,2026-01-09,02:00:00,2026-01-09 02:00:00
5,12.974936,77.592527,2026-01-10,03:00:00,2026-01-10 03:00:00
5,12.971655,77.594163,2026-01-11,04:00:00,2026-01-11 04:00:00
5,12.973067,77.596261,2026-01-12,05:00:00,2026-01-12 05:00:00
5,12.971611,77.596648,2026-01-13,06:00:00,2026-01-13 06:00:00
5,12.97388,77.596902,2026-01-14,07:00:00,2026-01-14 07:00:00
5,12.969901,77.590661,2026-01-15,08:00:00,2026-01-15 08:00:00
5,12.972949,77.590074,2026-01-16,09:00:00,2026-01-16 09:00:00
5,12.974006,77.591748,2026-01-17,10:00:00,2026-01-17 10:00:00
5,12.974537,77.592629,2026-01-18,11:00:00,2026-01-18 11:00:00
5,12.969896,77.591157,2026-01-19,12:00:00,2026-01-19 12:00:00
5,12.974668,77.591251,2026-01-20,13:00:00,2026-01-20 13:00:00
5,12.972775,77.596,2026-01-21,14:00:00,2026-01-21 14:00:00
5,12.974736,77.598504,2026-01-22,15:00:00,2026-01-22 15:00:00
5,12.975129,77.592213,2026-01-23,16:00:00,2026-01-23 16:00:00
5,12.971568,77.596361,2026-01-24,17:00:00,2026-01-24 17:00:00
5,12.971763,77.595245,2026-01-25,18:00:00,2026-01-25 18:00:00
5,12.97038,77.596193,2026-01-26,19:00:00,2026-01-26 19:00:00
5,12.973441,77.593187,2026-01-27,20:00:00,2026-01-27 20:00:00
5,12.9763,77.593252,2026-01-28,21:00:00,2026-01-28 21:00:00
5,12.975145,77.598074,2026-01-29,22:00:00,2026-01-29 22:00:00
5,12.974218,77.594428,2026-01-30,23:00:00,2026-01-30 23:00:00
5,12.973694,77.597545,2026-01-01,00:00:00,2026-01-01 00:00:00
5,12.971727,77.59368,2026-01-02,01:00:00,2026-01-02 01:00:00
5,12.969864,77.593791,2026-01-03,02:00:00,2026-01-03 02:00:00
5,12.975629,77.591735,2026-01-04,03:00:00,2026-01-04 03:00:00
5,12.971355,77.592719,2026-01-05,04:00:00,2026-01-05 04:00:00
5,12.971101,77.595942,2026-01-06,05:00:00,2026-01-06 05:00:00
5,12.973175,77.593688,2026-01-07,06:00:00,2026-01-07 06:00:00
5,12.973786,77.595156,2026-01-08,07:00:00,2026-01-08 07:00:00
5,12.970759,77.595203,2026-01-09,08:00:00,2026-01-09 08:00:00
5,12.972654,77.593809,2026-01-10,09:00:00,2026-01-10 09:00:00
5,12.970349,77.592756,2026-01-11,10:00:00,2026-01-11 10:00:00
5,12.968112,77.595259,2026-01-12,11:00:00,2026-01-12 11:00:00
5,12.973041,77.594719,2026-01-13,12:00:00,2026-01-13 12:00:00
5,12.969661,77.595229,2026-01-14,13:00:00,2026-01-14 13:00:00
5,12.975208,77.594521,2026-01-15,14:00:00,2026-01-15 14:00:00
5,12.976527,77.594298,2026-01-16,15:00:00,2026-01-16 15:00:00
5,12.973874,77.594888,2026-01-17,16:00:00,2026-01-17 16:00:00
5,12.97523,77.596285,2026-01-18,17:00:00,2026-01-18 17:00:00
5,12.97581,77.595888,2026-01-19,18:00:00,2026-01-19 18:00:00
5,12.97611,77.59763,2026-01-20,19:00:00,2026-01-20 19:00:00
5,12.971181,77.593713,2026-01-21,20:00:00,2026-01-21 20:00:00
5,12.968047,77.597053,2026-01-22,21:00:00,2026-01-22 21:00:00
5,12.972745,77.593177,2026-01-23,22:00:00,2026-01-23 22:00:00
5,12.973603,77.598667,2026-01-24,23:00:00,2026-01-24 23:00:00
5,12.973977,77.596838,2026-01-25,00:00:00,2026-01-25 00:00:00
5,12.975291,77.596497,2026-01-26,01:00:00,2026-01-26 01:00:00
5,12.975634,77.594657,2026-01-27,02:00:00,2026-01-27 02:00:00
5,12.97334,77.591556,2026-01-28,03:00:00,2026-01-28 03:00:00
5,12.973361,77.594428,2026-01-29,04:00:00,2026-01-29 04:00:00
5,12.973418,77.594432,2026-01-30,05:00:00,2026-01-30 05:00:00
5,12.968185,77.595077,2026-01-01,06:00:00,2026-01-01 06:00:00
5,12.973925,77.597194,2026-01-02,07:00:00,2026-01-02 07:00:00
5,12.972019,77.597073,2026-01-03,08:00:00,2026-01-03 08:00:00
5,12.972065,77.597027,2026-01-04,09:00:00,2026-01-04 09:00:00
5,12.973662,77.594408,2026-01-05,10:00:00,2026-01-05 10:00:00
5,12.969472,77.590484,2026-01-06,11:00:00,2026-01-06 11:00:00
5,12.974511,77.593025,2026-01-07,12:00:00,2026-01-07 12:00:00
5,12.975145,77.59919,2026-01-08,13:00:00,2026-01-08 13:00:00
5,12.975552,77.594957,2026-01-09,14:00:00,2026-01-09 14:00:00
5,12.976255,77.598763,2026-01-10,15:00:00,2026-01-10 15:00:00
5,12.971533,77.598234,2026-01-11,16:00:00,2026-01-11 16:00:00
5,12.972421,77.595561,2026-01-12,17:00:00,2026-01-12 17:00:00
5,12.970074,77.594314,2026-01-13,18:00:00,2026-01-13 18:00:00
5,12.970927,77.59441,2026-01-14,19:00:00,2026-01-14 19:00:00
5,12.971432,77.596699,2026-01-15,20:00:00,2026-01-15 20:00:00
5,12.970966,77.593966,2026-01-16,21:00:00,2026-01-16 21:00:00
5,12.973965,77.594895,2026-01-17,22:00:00,2026-01-17 22:00:00
5,12.972458,77.598206,2026-01-18,23:00:00,2026-01-18 23:00:00
5,12.973401,77.597425,2026-01-19,00:00:00,2026-01-19 00:00:00
5,12.972228,77.589017,2026-01-20,01:00:00,2026-01-20 01:00:00
5,12.97172,77.595237,2026-01-21,02:00:00,2026-01-21 02:00:00
5,12.974924,77.593224,2026-01-22,03:00:00,2026-01-22 03:00:00
5,12.972546,77.593239,2026-01-23,04:00:00,2026-01-23 04:00:00
5,12.973265,77.597551,2026-01-24,05:00:00,2026-01-24 05:00:00
5,12.973267,77.594246,2026-01-25,06:00:00,2026-01-25 06:00:00
5,12.973702,77.597509,2026-01-26,07:00:00,2026-01-26 07:00:00
5,12.975163,77.593635,2026-01-27,08:00:00,2026-01-27 08:00:00
5,12.971114,77.595065,2026-01-28,09:00:00,2026-01-28 09:00:00
5,12.975671,77.595712,2026-01-29,10:00:00,2026-01-29 10:00:00
5,12.972729,77.593681,2026-01-30,11:00:00,2026-01-30 11:00:00
5,12.972974,77.595398,2026-01-01,12:00:00,2026-01-01 12:00:00
5,12.969458,77.594233,2026-01-02,13:00:00,2026-01-02 13:00:00
5,12.973243,77.595411,2026-01-03,14:00:00,2026-01-03 14:00:00
5,12.971533,77.59578,2026-01-04,15:00:00,2026-01-04 15:00:00
5,12.972147,77.592605,2026-01-05,16:00:00,2026-01-05 16:00:00
5,12.974901,77.594631,2026-01-06,17:00:00,2026-01-06 17:00:00
5,12.972498,77.599122,2026-01-07,18:00:00,2026-01-07 18:00:00
5,12.976133,77.596255,2026-01-08,19:00:00,2026-01-08 19:00:00
5,12.971226,77.597464,2026-01-09,20:00:00,2026-01-09 20:00:00
5,12.974273,77.593484,2026-01-10,21:00:00,2026-01-10 21:00:00
5,12.967912,77.5984,2026-01-11,22:00:00,2026-01-11 22:00:00
5,12.96924,77.597847,2026-01-12,23:00:00,2026-01-12 23:00:00
5,12.97245,77.593094,2026-01-13,00:00:00,2026-01-13 00:00:00
5,12.973693,77.593737,2026-01-14,01:00:00,2026-01-14 01:00:00
5,12.971056,77.5953,2026-01-15,02:00:00,2026-01-15 02:00:00
5,12.972367,77.593895,2026-01-16,03:00:00,2026-01-16 03:00:00
5,12.973529,77.595593,2026-01-17,04:00:00,2026-01-17 04:00:00
5,12.975715,77.59298,2026-01-18,05:00:00,2026-01-18 05:00:00
5,12.973443,77.592344,2026-01-19,06:00:00,2026-01-19 06:00:00
5,12.976776,77.597638,2026-01-20,07:00:00,2026-01-20 07:00:00
6,12.982631,77.610111,2026-01-01,00:00:00,2026-01-01 00:00:00
6,12.982527,77.605917,2026-01-02,01:00:00,2026-01-02 01:00:00
6,12.982787,77.607422,2026-01-03,02:00:00,2026-01-03 02:00:00
6,12.984845,77.606997,2026-01-04,03:00:00,2026-01-04 03:00:00
6,12.985644,77.608862,2026-01-05,04:00:00,2026-01-05 04:00:00
6,12.988039,77.606716,2026-01-06,05:00:00,2026-01-06 05:00:00
6,12.987034,77.608272,2026-01-07,06:00:00,2026-01-07 06:00:00
6,12.987167,77.608362,2026-01-08,07:00:00,2026-01-08 07:00:00
6,12.981818,77.60829,2026-01-09,08:00:00,2026-01-09 08:00:00
6,12.983521,77.608916,2026-01-10,09:00:00,2026-01-10 09:00:00
6,12.984289,77.607539,2026-01-11,10:00:00,2026-01-11 10:00:00
6,12.985255,77.60908,2026-01-12,11:00:00,2026-01-12 11:00:00
6,12.986635,77.605719,2026-01-13,12:00:00,2026-01-13 12:00:00
6,12.98607,77.607214,2026-01-14,13:00:00,2026-01-14 13:00:00
6,12.9848,77.606694,2026-01-15,14:00:00,2026-01-15 14:00:00
6,12.984857,77.608323,2026-01-16,15:00:00,2026-01-16 15:00:00
6,12.98498,77.604929,2026-01-17,16:00:00,2026-01-17 16:00:00
6,12.989796,77.608127,2026-01-18,17:00:00,2026-01-18 17:00:00
6,12.985505,77.610062,2026-01-19,18:00:00,2026-01-19 18:00:00
6,12.985642,77.607159,2026-01-20,19:00:00,2026-01-20 19:00:00
6,12.987095,77.607882,2026-01-21,20:00:00,2026-01-21 20:00:00
6,12.987234,77.611749,2026-01-22,21:00:00,2026-01-22 21:00:00
6,12.98163,77.604381,2026-01-23,22:00:00,2026-01-23 22:00:00
6,12.984327,77.609878,2026-01-24,23:00:00,2026-01-24 23:00:00
6,12.983329,77.606751,2026-01-25,00:00:00,2026-01-25 00:00:00
6,12.982204,77.610603,2026-01-26,01:00:00,2026-01-26 01:00:00
6,12.983694,77.606318,2026-01-27,02:00:00,2026-01-27 02:00:00
6,12.987468,77.609853,2026-01-28,03:00:00,2026-01-28 03:00:00
6,12.986166,77.605129,2026-01-29,04:00:00,2026-01-29 04:00:00
6,12.985551,77.606123,2026-01-30,05:00:00,2026-01-30 05:00:00
6,12.982968,77.609881,2026-01-01,06:00:00,2026-01-01 06:00:00
6,12.984747,77.60528,2026-01-02,07:00:00,2026-01-02 07:00:00
6,12.98117,77.608653,2026-01-03,08:00:00,2026-01-03 08:00:00
6,12.985482,77.606805,2026-01-04,09:00:00,2026-01-04 09:00:00
6,12.982674,77.60504,2026-01-05,10:00:00,2026-01-05 10:00:00
6,12.9865,77.608227,2026-01-06,11:00:00,2026-01-06 11:00:00
6,12.986203,77.60852,2026-01-07,12:00:00,2026-01-07 12:00:00
6,12.98459,77.607763,2026-01-08,13:00:00,2026-01-08 13:00:00
6,12.984779,77.606773,2026-01-09,14:00:00,2026-01-09 14:00:00
6,12.98181,77.607746,2026-01-10,15:00:00,2026-01-10 15:00:00
6,12.984387,77.609672,2026-01-11,16:00:00,2026-01-11 16:00:00
6,12.981622,77.611568,2026-01-12,17:00:00,2026-01-12 17:00:00
6,12.986652,77.605593,2026-01-13,18:00:00,2026-01-13 18:00:00
6,12.983016,77.608878,2026-01-14,19:00:00,2026-01-14 19:00:00
6,12.984475,77.606555,2026-01-15,20:00:00,2026-01-15 20:00:00
6,12.983783,77.607258,2026-01-16,21:00:00,2026-01-16 21:00:00
6,12.987721,77.607036,2026-01-17,22:00:00,2026-01-17 22:00:00
6,12.985303,77.610122,2026-01-18,23:00:00,2026-01-18 23:00:00
6,12.988708,77.607781,2026-01-19,00:00:00,2026-01-19 00:00:00
6,12.984934,77.607764,2026-01-20,01:00:00,2026-01-20 01:00:00
6,12.984722,77.60553,2026-01-21,02:00:00,2026-01-21 02:00:00
6,12.988799,77.606325,2026-01-22,03:00:00,2026-01-22 03:00:00
6,12.985862,77.606285,2026-01-23,04:00:00,2026-01-23 04:00:00
6,12.986158,77.611901,2026-01-24,05:00:00,2026-01-24 05:00:00
6,12.983809,77.604693,2026-01-25,06:00:00,2026-01-25 06:00:00
6,12.986083,77.608474,2026-01-26,07:00:00,2026-01-26 07:00:00
6,12.981969,77.610572,2026-01-27,08:00:00,2026-01-27 08:00:00
6,12.984621,77.604924,2026-01-28,09:00:00,2026-01-28 09:00:00
6,12.98949,77.608023,2026-01-29,10:00:00,2026-01-29 10:00:00
6,12.987165,77.608733,2026-01-30,11:00:00,2026-01-30 11:00:00
6,12.987686,77.608307,2026-01-01,12:00:00,2026-01-01 12:00:00
6,12.981537,77.60273,2026-01-02,13:00:00,2026-01-02 13:00:00
6,12.982963,77.611506,2026-01-03,14:00:00,2026-01-03 14:00:00
6,12.982999,77.605926,2026-01-04,15:00:00,2026-01-04 15:00:00
6,12.987571,77.608443,2026-01-05,16:00:00,2026-01-05 16:00:00
6,12.98386,77.608209,2026-01-06,17:00:00,2026-01-06 17:00:00
6,12.985305,77.608698,2026-01-07,18:00:00,2026-01-07 18:00:00
6,12.985718,77.608459,2026-01-08,19:00:00,2026-01-08 19:00:00
6,12.983418,77.609734,2026-01-09,20:00:00,2026-01-09 20:00:00
6,12.987193,77.609566,2026-01-10,21:00:00,2026-01-10 21:00:00
6,12.984715,77.607067,2026-01-11,22:00:00,2026-01-11 22:00:00
6,12.983142,77.601002,2026-01-12,23:00:00,2026-01-12 23:00:00
6,12.9843,77.60158,2026-01-13,00:00:00,2026-01-13 00:00:00
6,12.985053,77.60915,2026-01-14,01:00:00,2026-01-14 01:00:00
6,12.985967,77.607532,2026-01-15,02:00:00,2026-01-15 02:00:00
6,12.986626,77.610839,2026-01-16,03:00:00,2026-01-16 03:00:00
6,12.984716,77.608095,2026-01-17,04:00:00,2026-01-17 04:00:00
6,12.988062,77.607508,2026-01-18,05:00:00,2026-01-18 05:00:00
6,12.990563,77.606815,2026-01-19,06:00:00,2026-01-19 06:00:00
6,12.986826,77.605776,2026-01-20,07:00:00,2026-01-20 07:00:00
6,12.983995,77.606771,2026-01-21,08:00:00,2026-01-21 08:00:00
6,12.980467,77.604072,2026-01-22,09:00:00,2026-01-22 09:00:00
6,12.984769,77.606439,2026-01-23,10:00:00,2026-01-23 10:00:00
6,12.984082,77.608162,2026-01-24,11:00:00,2026-01-24 11:00:00
6,12.983728,77.610483,2026-01-25,12:00:00,2026-01-25 12:00:00
6,12.984441,77.60613,2026-01-26,13:00:00,2026-01-26 13:00:00
6,12.983218,77.60918,2026-01-27,14:00:00,2026-01-27 14:00:00
6,12.984664,77.610161,2026-01-28,15:00:00,2026-01-28 15:00:00
6,12.986859,77.606941,2026-01-29,16:00:00,2026-01-29 16:00:00
6,12.986979,77.609195,2026-01-30,17:00:00,2026-01-30 17:00:00
6,12.981743,77.608793,2026-01-01,18:00:00,2026-01-01 18:00:00
6,12.98442,77.607279,2026-01-02,19:00:00,2026-01-02 19:00:00
6,12.985243,77.607039,2026-01-03,20:00:00,2026-01-03 20:00:00
6,12.987489,77.612619,2026-01-04,21:00:00,2026-01-04 21:00:00
6,12.983819,77.603909,2026-01-05,22:00:00,2026-01-05 22:00:00
6,12.985699,77.608845,2026-01-06,23:00:00,2026-01-06 23:00:00
6,12.985549,77.605628,2026-01-07,00:00:00,2026-01-07 00:00:00
6,12.986285,77.610051,2026-01-08,01:00:00,2026-01-08 01:00:00
6,12.984193,77.610817,2026-01-09,02:00:00,2026-01-09 02:00:00
6,12.984483,77.608914,2026-01-10,03:00:00,2026-01-10 03:00:00
6,12.983174,77.604649,2026-01-11,04:00:00,2026-01-11 04:00:00
6,12.983764,77.607534,2026-01-12,05:00:00,2026-01-12 05:00:00
6,12.989387,77.610156,2026-01-13,06:00:00,2026-01-13 06:00:00
6,12.988205,77.611196,2026-01-14,07:00:00,2026-01-14 07:00:00
6,12.984786,77.607159,2026-01-15,08:00:00,2026-01-15 08:00:00
6,12.988617,77.604984,2026-01-16,09:00:00,2026-01-16 09:00:00
6,12.98538,77.606215,2026-01-17,10:00:00,2026-01-17 10:00:00
6,12.987011,77.611588,2026-01-18,11:00:00,2026-01-18 11:00:00
6,12.985479,77.605726,2026-01-19,12:00:00,2026-01-19 12:00:00
6,12.988293,77.60484,2026-01-20,13:00:00,2026-01-20 13:00:00
6,12.984194,77.606984,2026-01-21,14:00:00,2026-01-21 14:00:00
6,12.98483,77.609289,2026-01-22,15:00:00,2026-01-22 15:00:00
6,12.982095,77.610964,2026-01-23,16:00:00,2026-01-23 16:00:00
6,12.987197,77.605603,2026-01-24,17:00:00,2026-01-24 17:00:00
6,12.982438,77.606793,2026-01-25,18:00:00,2026-01-25 18:00:00
6,12.982374,77.605659,2026-01-26,19:00:00,2026-01-26 19:00:00
6,12.987397,77.608057,2026-01-27,20:00:00,2026-01-27 20:00:00
6,12.987099,77.612492,2026-01-28,21:00:00,2026-01-28 21:00:00
6,12.985662,77.607313,2026-01-29,22:00:00,2026-01-29 22:00:00
6,12.986124,77.60926,2026-01-30,23:00:00,2026-01-30 23:00:00
6,12.983958,77.603679,2026-01-01,00:00:00,2026-01-01 00:00:00
6,12.982439,77.604653,2026-01-02,01:00:00,2026-01-02 01:00:00
6,12.98196,77.604709,2026-01-03,02:00:00,2026-01-03 02:00:00
6,12.985402,77.609621,2026-01-04,03:00:00,2026-01-04 03:00:00
6,12.984359,77.606052,2026-01-05,04:00:00,2026-01-05 04:00:00
6,12.985205,77.608399,2026-01-06,05:00:00,2026-01-06 05:00:00
6,12.983361,77.605479,2026-01-07,06:00:00,2026-01-07 06:00:00
6,12.985313,77.606811,2026-01-08,07:00:00,2026-01-08 07:00:00
6,12.984636,77.607531,2026-01-09,08:00:00,2026-01-09 08:00:00
6,12.986313,77.609019,2026-01-10,09:00:00,2026-01-10 09:00:00
6,12.985746,77.607232,2026-01-11,10:00:00,2026-01-11 10:00:00
6,12.984587,77.60955,2026-01-12,11:00:00,2026-01-12 11:00:00
6,12.980607,77.608349,2026-01-13,12:00:00,2026-01-13 12:00:00
6,12.983699,77.607669,2026-01-14,13:00:00,2026-01-14 13:00:00
6,12.988645,77.606809,2026-01-15,14:00:00,2026-01-15 14:00:00
6,12.986484,77.609519,2026-01-16,15:00:00,2026-01-16 15:00:00
6,12.98636,77.60888,2026-01-17,16:00:00,2026-01-17 16:00:00
6,12.983276,77.607696,2026-01-18,17:00:00,2026-01-18 17:00:00
6,12.98591,77.607819,2026-01-19,18:00:00,2026-01-19 18:00:00
6,12.984733,77.609647,2026-01-20,19:00:00,2026-01-20 19:00:00
6,12.983375,77.60443,2026-01-21,20:00:00,2026-01-21 20:00:00
6,12.982515,77.604447,2026-01-22,21:00:00,2026-01-22 21:00:00
6,12.981103,77.608912,2026-01-23,22:00:00,2026-01-23 22:00:00
6,12.985249,77.610977,2026-01-24,23:00:00,2026-01-24 23:00:00
6,12.982143,77.608976,2026-01-25,00:00:00,2026-01-25 00:00:00
6,12.98593,77.609256,2026-01-26,01:00:00,2026-01-26 01:00:00
6,12.986604,77.609448,2026-01-27,02:00:00,2026-01-27 02:00:00
6,12.985633,77.605613,2026-01-28,03:00:00,2026-01-28 03:00:00
6,12.987847,77.602314,2026-01-29,04:00:00,2026-01-29 04:00:00
6,12.984127,77.607711,2026-01-30,05:00:00,2026-01-30 05:00:00
6,12.981346,77.608233,2026-01-01,06:00:00,2026-01-01 06:00:00
6,12.981827,77.610707,2026-01-02,07:00:00,2026-01-02 07:00:00
6,12.982904,77.60649,2026-01-03,08:00:00,2026-01-03 08:00:00
6,12.983528,77.60907,2026-01-04,09:00:00,2026-01-04 09:00:00
6,12.983281,77.604652,2026-01-05,10:00:00,2026-01-05 10:00:00
6,12.984095,77.604974,2026-01-06,11:00:00,2026-01-06 11:00:00
6,12.984652,77.60701,2026-01-07,12:00:00,2026-01-07 12:00:00
6,12.984052,77.608921,2026-01-08,13:00:00,2026-01-08 13:00:00
6,12.987803,77.604188,2026-01-09,14:00:00,2026-01-09 14:00:00
6,12.989725,77.608231,2026-01-10,15:00:00,2026-01-10 15:00:00
6,12.983922,77.605528,2026-01-11,16:00:00,2026-01-11 16:00:00
6,12.979516,77.610734,2026-01-12,17:00:00,2026-01-12 17:00:00
6,12.98447,77.609714,2026-01-13,18:00:00,2026-01-13 18:00:00
6,12.985587,77.6052,2026-01-14,19:00:00,2026-01-14 19:00:00
6,12.984357,77.607825,2026-01-15,20:00:00,2026-01-15 20:00:00
6,12.984899,77.607651,2026-01-16,21:00:00,2026-01-16 21:00:00
6,12.986647,77.606335,2026-01-17,22:00:00,2026-01-17 22:00:00
6,12.983458,77.607322,2026-01-18,23:00:00,2026-01-18 23:00:00
6,12.986344,77.605796,2026-01-19,00:00:00,2026-01-19 00:00:00
6,12.985603,77.609041,2026-01-20,01:00:00,2026-01-20 01:00:00
6,12.984637,77.606469,2026-01-21,02:00:00,2026-01-21 02:00:00
6,12.978153,77.605202,2026-01-22,03:00:00,2026-01-22 03:00:00
6,12.983805,77.608898,2026-01-23,04:00:00,2026-01-23 04:00:00
6,12.982387,77.609013,2026-01-24,05:00:00,2026-01-24 05:00:00
6,12.983691,77.609144,2026-01-25,06:00:00,2026-01-25 06:00:00
6,12.982301,77.606603,2026-01-26,07:00:00,2026-01-26 07:00:00
6,12.984749,77.608132,2026-01-27,08:00:00,2026-01-27 08:00:00
6,12.984026,77.607846,2026-01-28,09:00:00,2026-01-28 09:00:00
6,12.983388,77.606813,2026-01-29,10:00:00,2026-01-29 10:00:00
6,12.981262,77.606505,2026-01-30,11:00:00,2026-01-30 11:00:00
6,12.981165,77.609001,2026-01-01,12:00:00,2026-01-01 12:00:00
6,12.982211,77.608956,2026-01-02,13:00:00,2026-01-02 13:00:00
6,12.984561,77.606357,2026-01-03,14:00:00,2026-01-03 14:00:00
6,12.984707,77.611582,2026-01-04,15:00:00,2026-01-04 15:00:00
6,12.983752,77.605056,2026-01-05,16:00:00,2026-01-05 16:00:00
6,12.983675,77.608235,2026-01-06,17:00:00,2026-01-06 17:00:00
6,12.98616,77.607597,2026-01-07,18:00:00,2026-01-07 18:00:00
6,12.985322,77.60781,2026-01-08,19:00:00,2026-01-08 19:00:00
6,12.98084,77.609339,2026-01-09,20:00:00,2026-01-09 20:00:00
6,12.986378,77.607962,2026-01-10,21:00:00,2026-01-10 21:00:00
6,12.985326,77.608666,2026-01-11,22:00:00,2026-01-11 22:00:00
6,12.985858,77.607532,2026-01-12,23:00:00,2026-01-12 23:00:00
6,12.982947,77.60886,2026-01-13,00:00:00,2026-01-13 00:00:00
6,12.981224,77.610308,2026-01-14,01:00:00,2026-01-14 01:00:00
6,12.983933,77.608875,2026-01-15,02:00:00,2026-01-15 02:00:00
6,12.983538,77.608347,2026-01-16,03:00:00,2026-01-16 03:00:00
6,12.986841,77.605103,2026-01-17,04:00:00,2026-01-17 04:00:00
6,12.982852,77.606939,2026-01-18,05:00:00,2026-01-18 05:00:00
6,12.983839,77.610302,2026-01-19,06:00:00,2026-01-19 06:00:00
6,12.985599,77.607476,2026-01-20,07:00:00,2026-01-20 07:00:00
7,12.952167,77.609957,2026-01-01,00:00:00,2026-01-01 00:00:00
7,12.950705,77.616213,2026-01-02,01:00:00,2026-01-02 01:00:00
7,12.956506,77.611294,2026-01-03,02:00:00,2026-01-03 02:00:00
7,12.953196,77.613605,2026-01-04,03:00:00,2026-01-04 03:00:00
7,12.952569,77.610514,2026-01-05,04:00:00,2026-01-05 04:00:00
7,12.953851,77.613702,2026-01-06,05:00:00,2026-01-06 05:00:00
7,12.956607,77.616016,2026-01-07,06:00:00,2026-01-07 06:00:00
7,12.954951,77.613111,2026-01-08,07:00:00,2026-01-08 07:00:00
7,12.954887,77.61501,2026-01-09,08:00:00,2026-01-09 08:00:00
7,12.952991,77.614594,2026-01-10,09:00:00,2026-01-10 09:00:00
7,12.949861,77.613137,2026-01-11,10:00:00,2026-01-11 10:00:00
7,12.954514,77.612588,2026-01-12,11:00:00,2026-01-12 11:00:00
7,12.952339,77.614422,2026-01-13,12:00:00,2026-01-13 12:00:00
7,12.953182,77.61127,2026-01-14,13:00:00,2026-01-14 13:00:00
7,12.951628,77.61035,2026-01-15,14:00:00,2026-01-15 14:00:00
7,12.954698,77.609772,2026-01-16,15:00:00,2026-01-16 15:00:00
7,12.955271,77.610443,2026-01-17,16:00:00,2026-01-17 16:00:00
7,12.954935,77.611149,2026-01-18,17:00:00,2026-01-18 17:00:00
7,12.953304,77.612679,2026-01-19,18:00:00,2026-01-19 18:00:00
7,12.953874,77.613671,2026-01-20,19:00:00,2026-01-20 19:00:00
7,12.951032,77.609195,2026-01-21,20:00:00,2026-01-21 20:00:00
7,12.94861,77.608875,2026-01-22,21:00:00,2026-01-22 21:00:00
7,12.954521,77.612174,2026-01-23,22:00:00,2026-01-23 22:00:00
7,12.95101,77.611306,2026-01-24,23:00:00,2026-01-24 23:00:00
7,12.955437,77.609803,2026-01-25,00:00:00,2026-01-25 00:00:00
7,12.954739,77.614077,2026-01-26,01:00:00,2026-01-26 01:00:00
7,12.951155,77.612247,2026-01-27,02:00:00,2026-01-27 02:00:00
7,12.951088,77.614605,2026-01-28,03:00:00,2026-01-28 03:00:00
7,12.953596,77.609127,2026-01-29,04:00:00,2026-01-29 04:00:00
7,12.955092,77.611694,2026-01-30,05:00:00,2026-01-30 05:00:00
7,12.952914,77.609322,2026-01-01,06:00:00,2026-01-01 06:00:00
7,12.95628,77.613086,2026-01-02,07:00:00,2026-01-02 07:00:00
7,12.951082,77.615494,2026-01-03,08:00:00,2026-01-03 08:00:00
7,12.953362,77.611151,2026-01-04,09:00:00,2026-01-04 09:00:00
7,12.952762,77.613868,2026-01-05,10:00:00,2026-01-05 10:00:00
7,12.954794,77.612863,2026-01-06,11:00:00,2026-01-06 11:00:00
7,12.954708,77.613587,2026-01-07,12:00:00,2026-01-07 12:00:00
7,12.954185,77.611611,2026-01-08,13:00:00,2026-01-08 13:00:00
7,12.954507,77.614611,2026-01-09,14:00:00,2026-01-09 14:00:00
7,12.955481,77.60923,2026-01-10,15:00:00,2026-01-10 15:00:00
7,12.950042,77.610778,2026-01-11,16:00:00,2026-01-11 16:00:00
7,12.952742,77.616175,2026-01-12,17:00:00,2026-01-12 17:00:00
7,12.949695,77.608439,2026-01-13,18:00:00,2026-01-13 18:00:00
7,12.949983,77.611742,2026-01-14,19:00:00,2026-01-14 19:00:00
7,12.952209,77.613721,2026-01-15,20:00:00,2026-01-15 20:00:00
7,12.950076,77.613068,2026-01-16,21:00:00,2026-01-16 21:00:00
7,12.952805,77.614698,2026-01-17,22:00:00,2026-01-17 22:00:00
7,12.954448,77.61132,2026-01-18,23:00:00,2026-01-18 23:00:00
7,12.951989,77.615273,2026-01-19,00:00:00,2026-01-19 00:00:00
7,12.953961,77.609223,2026-01-20,01:00:00,2026-01-20 01:00:00
7,12.950448,77.612138,2026-01-21,02:00:00,2026-01-21 02:00:00
7,12.952954,77.610889,2026-01-22,03:00:00,2026-01-22 03:00:00
7,12.952402,77.611482,2026-01-23,04:00:00,2026-01-23 04:00:00
7,12.955409,77.611139,2026-01-24,05:00:00,2026-01-24 05:00:00
7,12.951679,77.61052,2026-01-25,06:00:00,2026-01-25 06:00:00
7,12.953154,77.614524,2026-01-26,07:00:00,2026-01-26 07:00:00
7,12.954022,77.611613,2026-01-27,08:00:00,2026-01-27 08:00:00
7,12.956422,77.613472,2026-01-28,09:00:00,2026-01-28 09:00:00
7,12.95504,77.616023,2026-01-29,10:00:00,2026-01-29 10:00:00
7,12.951901,77.61484,2026-01-30,11:00:00,2026-01-30 11:00:00
7,12.953661,77.610014,2026-01-01,12:00:00,2026-01-01 12:00:00
7,12.954936,77.615127,2026-01-02,13:00:00,2026-01-02 13:00:00
7,12.952535,77.611351,2026-01-03,14:00:00,2026-01-03 14:00:00
7,12.95204,77.61444,2026-01-04,15:00:00,2026-01-04 15:00:00
7,12.954439,77.609859,2026-01-05,16:00:00,2026-01-05 16:00:00
7,12.956686,77.614073,2026-01-06,17:00:00,2026-01-06 17:00:00
7,12.951703,77.612946,2026-01-07,18:00:00,2026-01-07 18:00:00
7,12.954406,77.612798,2026-01-08,19:00:00,2026-01-08 19:00:00
7,12.95606,77.61368,2026-01-09,20:00:00,2026-01-09 20:00:00
7,12.956821,77.61268,2026-01-10,21:00:00,2026-01-10 21:00:00
7,12.951652,77.611553,2026-01-11,22:00:00,2026-01-11 22:00:00
7,12.946907,77.611504,2026-01-12,23:00:00,2026-01-12 23:00:00
7,12.955422,77.610843,2026-01-13,00:00:00,2026-01-13 00:00:00
7,12.950528,77.613338,2026-01-14,01:00:00,2026-01-14 01:00:00
7,12.958355,77.611671,2026-01-15,02:00:00,2026-01-15 02:00:00
7,12.954694,77.61185,2026-01-16,03:00:00,2026-01-16 03:00:00
7,12.951583,77.612096,2026-01-17,04:00:00,2026-01-17 04:00:00
7,12.953534,77.611098,2026-01-18,05:00:00,2026-01-18 05:00:00
7,12.952391,77.609346,2026-01-19,06:00:00,2026-01-19 06:00:00
7,12.952072,77.612026,2026-01-20,07:00:00,2026-01-20 07:00:00
7,12.95228,77.614304,2026-01-21,08:00:00,2026-01-21 08:00:00
7,12.954327,77.610852,2026-01-22,09:00:00,2026-01-22 09:00:00
7,12.951633,77.611317,2026-01-23,10:00:00,2026-01-23 10:00:00
7,12.950449,77.611853,2026-01-24,11:00:00,2026-01-24 11:00:00
7,12.950439,77.608199,2026-01-25,12:00:00,2026-01-25 12:00:00
7,12.955217,77.611834,2026-01-26,13:00:00,2026-01-26 13:00:00
7,12.952418,77.613136,2026-01-27,14:00:00,2026-01-27 14:00:00
7,12.95548,77.615033,2026-01-28,15:00:00,2026-01-28 15:00:00
7,12.953771,77.612805,2026-01-29,16:00:00,2026-01-29 16:00:00
7,12.954132,77.611541,2026-01-30,17:00:00,2026-01-30 17:00:00
7,12.954137,77.613766,2026-01-01,18:00:00,2026-01-01 18:00:00
7,12.950472,77.611778,2026-01-02,19:00:00,2026-01-02 19:00:00
7,12.954021,77.611562,2026-01-03,20:00:00,2026-01-03 20:00:00
7,12.952972,77.616672,2026-01-04,21:00:00,2026-01-04 21:00:00
7,12.951755,77.611098,2026-01-05,22:00:00,2026-01-05 22:00:00
7,12.95663,77.612782,2026-01-06,23:00:00,2026-01-06 23:00:00
7,12.953761,77.610285,2026-01-07,00:00:00,2026-01-07 00:00:00
7,12.954985,77.61402,2026-01-08,01:00:00,2026-01-08 01:00:00
7,12.956892,77.614339,2026-01-09,02:00:00,2026-01-09 02:00:00
7,12.955653,77.610691,2026-01-10,03:00:00,2026-01-10 03:00:00
7,12.94991,77.61515,2026-01-11,04:00:00,2026-01-11 04:00:00
7,12.951452,77.614719,2026-01-12,05:00:00,2026-01-12 05:00:00
7,12.954349,77.612109,2026-01-13,06:00:00,2026-01-13 06:00:00
7,12.955988,77.612709,2026-01-14,07:00:00,2026-01-14 07:00:00
7,12.956044,77.612554,2026-01-15,08:00:00,2026-01-15 08:00:00
7,12.953213,77.611626,2026-01-16,09:00:00,2026-01-16 09:00:00
7,12.958252,77.612837,2026-01-17,10:00:00,2026-01-17 10:00:00
7,12.954383,77.609062,2026-01-18,11:00:00,2026-01-18 11:00:00
7,12.953324,77.609892,2026-01-19,12:00:00,2026-01-19 12:00:00
7,12.950942,77.610905,2026-01-20,13:00:00,2026-01-20 13:00:00
7,12.956162,77.615076,2026-01-21,14:00:00,2026-01-21 14:00:00
7,12.954591,77.612082,2026-01-22,15:00:00,2026-01-22 15:00:00
7,12.951671,77.60849,2026-01-23,16:00:00,2026-01-23 16:00:00
7,12.954936,77.611347,2026-01-24,17:00:00,2026-01-24 17:00:00
7,12.953054,77.613503,2026-01-25,18:00:00,2026-01-25 18:00:00
7,12.951574,77.61437,2026-01-26,19:00:00,2026-01-26 19:00:00
7,12.95086,77.609473,2026-01-27,20:00:00,2026-01-27 20:00:00
7,12.956348,77.613431,2026-01-28,21:00:00,2026-01-28 21:00:00
7,12.955067,77.609086,2026-01-29,22:00:00,2026-01-29 22:00:00
7,12.956523,77.614474,2026-01-30,23:00:00,2026-01-30 23:00:00
7,12.95154,77.611059,2026-01-01,00:00:00,2026-01-01 00:00:00
7,12.956066,77.610576,2026-01-02,01:00:00,2026-01-02 01:00:00
7,12.948619,77.613408,2026-01-03,02:00:00,2026-01-03 02:00:00
7,12.951591,77.614049,2026-01-04,03:00:00,2026-01-04 03:00:00
7,12.952104,77.612235,2026-01-05,04:00:00,2026-01-05 04:00:00
7,12.952916,77.611536,2026-01-06,05:00:00,2026-01-06 05:00:00
7,12.954184,77.614641,2026-01-07,06:00:00,2026-01-07 06:00:00
7,12.952319,77.612745,2026-01-08,07:00:00,2026-01-08 07:00:00
7,12.953497,77.611892,2026-01-09,08:00:00,2026-01-09 08:00:00
7,12.956641,77.612408,2026-01-10,09:00:00,2026-01-10 09:00:00
7,12.955469,77.609561,2026-01-11,10:00:00,2026-01-11 10:00:00
7,12.949006,77.612158,2026-01-12,11:00:00,2026-01-12 11:00:00
7,12.953317,77.615004,2026-01-13,12:00:00,2026-01-13 12:00:00
7,12.95178,77.611621,2026-01-14,13:00:00,2026-01-14 13:00:00
7,12.951517,77.613819,2026-01-15,14:00:00,2026-01-15 14:00:00
7,12.955596,77.612664,2026-01-16,15:00:00,2026-01-16 15:00:00
7,12.953861,77.612231,2026-01-17,16:00:00,2026-01-17 16:00:00
7,12.952283,77.609356,2026-01-18,17:00:00,2026-01-18 17:00:00
7,12.956279,77.613622,2026-01-19,18:00:00,2026-01-19 18:00:00
7,12.955591,77.611575,2026-01-20,19:00:00,2026-01-20 19:00:00
7,12.949942,77.613268,2026-01-21,20:00:00,2026-01-21 20:00:00
7,12.953058,77.611411,2026-01-22,21:00:00,2026-01-22 21:00:00
7,12.955214,77.615414,2026-01-23,22:00:00,2026-01-23 22:00:00
7,12.956338,77.611365,2026-01-24,23:00:00,2026-01-24 23:00:00
7,12.954514,77.614346,2026-01-25,00:00:00,2026-01-25 00:00:00
7,12.950886,77.617871,2026-01-26,01:00:00,2026-01-26 01:00:00
7,12.952876,77.614647,2026-01-27,02:00:00,2026-01-27 02:00:00
7,12.95574,77.614144,2026-01-28,03:00:00,2026-01-28 03:00:00
7,12.954344,77.610099,2026-01-29,04:00:00,2026-01-29 04:00:00
7,12.955014,77.612559,2026-01-30,05:00:00,2026-01-30 05:00:00
7,12.950027,77.614941,2026-01-01,06:00:00,2026-01-01 06:00:00
7,12.94836,77.613749,2026-01-02,07:00:00,2026-01-02 07:00:00
7,12.955123,77.611694,2026-01-03,08:00:00,2026-01-03 08:00:00
7,12.949828,77.612675,2026-01-04,09:00:00,2026-01-04 09:00:00
7,12.953119,77.610909,2026-01-05,10:00:00,2026-01-05 10:00:00
7,12.951324,77.617806,2026-01-06,11:00:00,2026-01-06 11:00:00
7,12.953813,77.610964,2026-01-07,12:00:00,2026-01-07 12:00:00
7,12.953244,77.613441,2026-01-08,13:00:00,2026-01-08 13:00:00
7,12.954836,77.609808,2026-01-09,14:00:00,2026-01-09 14:00:00
7,12.953974,77.613533,2026-01-10,15:00:00,2026-01-10 15:00:00
7,12.951306,77.614585,2026-01-11,16:00:00,2026-01-11 16:00:00
7,12.953226,77.613693,2026-01-12,17:00:00,2026-01-12 17:00:00
7,12.954426,77.612881,2026-01-13,18:00:00,2026-01-13 18:00:00
7,12.956308,77.609359,2026-01-14,19:00:00,2026-01-14 19:00:00
7,12.950331,77.610676,2026-01-15,20:00:00,2026-01-15 20:00:00
7,12.95302,77.612112,2026-01-16,21:00:00,2026-01-16 21:00:00
7,12.950384,77.615423,2026-01-17,22:00:00,2026-01-17 22:00:00
7,12.954332,77.6133,2026-01-18,23:00:00,2026-01-18 23:00:00
7,12.952355,77.611189,2026-01-19,00:00:00,2026-01-19 00:00:00
7,12.954081,77.612445,2026-01-20,01:00:00,2026-01-20 01:00:00
7,12.954369,77.612252,2026-01-21,02:00:00,2026-01-21 02:00:00
7,12.950928,77.612971,2026-01-22,03:00:00,2026-01-22 03:00:00
7,12.953087,77.61073,2026-01-23,04:00:00,2026-01-23 04:00:00
7,12.953093,77.609199,2026-01-24,05:00:00,2026-01-24 05:00:00
7,12.953442,77.607052,2026-01-25,06:00:00,2026-01-25 06:00:00
7,12.952823,77.613268,2026-01-26,07:00:00,2026-01-26 07:00:00
7,12.952881,77.612263,2026-01-27,08:00:00,2026-01-27 08:00:00
7,12.954744,77.611631,2026-01-28,09:00:00,2026-01-28 09:00:00
7,12.95214,77.609825,2026-01-29,10:00:00,2026-01-29 10:00:00
7,12.953255,77.613308,2026-01-30,11:00:00,2026-01-30 11:00:00
7,12.954176,77.610695,2026-01-01,12:00:00,2026-01-01 12:00:00
7,12.951167,77.612142,2026-01-02,13:00:00,2026-01-02 13:00:00
7,12.955625,77.610449,2026-01-03,14:00:00,2026-01-03 14:00:00
7,12.955142,77.611122,2026-01-04,15:00:00,2026-01-04 15:00:00
7,12.952748,77.611056,2026-01-05,16:00:00,2026-01-05 16:00:00
7,12.953341,77.610125,2026-01-06,17:00:00,2026-01-06 17:00:00
7,12.953757,77.610597,2026-01-07,18:00:00,2026-01-07 18:00:00
7,12.954172,77.608896,2026-01-08,19:00:00,2026-01-08 19:00:00
7,12.95327,77.612286,2026-01-09,20:00:00,2026-01-09 20:00:00
7,12.953918,77.607957,2026-01-10,21:00:00,2026-01-10 21:00:00
7,12.952504,77.608811,2026-01-11,22:00:00,2026-01-11 22:00:00
7,12.956567,77.614753,2026-01-12,23:00:00,2026-01-12 23:00:00
7,12.956464,77.612265,2026-01-13,00:00:00,2026-01-13 00:00:00
7,12.949217,77.616144,2026-01-14,01:00:00,2026-01-14 01:00:00
7,12.953832,77.616361,2026-01-15,02:00:00,2026-01-15 02:00:00
7,12.956231,77.613667,2026-01-16,03:00:00,2026-01-16 03:00:00
7,12.952004,77.609969,2026-01-17,04:00:00,2026-01-17 04:00:00
7,12.953897,77.612086,2026-01-18,05:00:00,2026-01-18 05:00:00
7,12.954393,77.612742,2026-01-19,06:00:00,2026-01-19 06:00:00
7,12.957873,77.61606,2026-01-20,07:00:00,2026-01-20 07:00:00
8,12.989877,77.564145,2026-01-01,00:00:00,2026-01-01 00:00:00
8,12.995453,77.563682,2026-01-02,01:00:00,2026-01-02 01:00:00
8,12.994839,77.562251,2026-01-03,02:00:00,2026-01-03 02:00:00
8,12.994281,77.563515,2026-01-04,03:00:00,2026-01-04 03:00:00
8,12.992997,77.563006,2026-01-05,04:00:00,2026-01-05 04:00:00
8,12.995561,77.563529,2026-01-06,05:00:00,2026-01-06 05:00:00
8,12.99487,77.56398,2026-01-07,06:00:00,2026-01-07 06:00:00
8,12.99438,77.560986,2026-01-08,07:00:00,2026-01-08 07:00:00
8,12.993058,77.563736,2026-01-09,08:00:00,2026-01-09 08:00:00
8,12.995086,77.561122,2026-01-10,09:00:00,2026-01-10 09:00:00
8,12.992065,77.564609,2026-01-11,10:00:00,2026-01-11 10:00:00
8,12.99452,77.560692,2026-01-12,11:00:00,2026-01-12 11:00:00
8,12.994901,77.560446,2026-01-13,12:00:00,2026-01-13 12:00:00
8,12.99288,77.566126,2026-01-14,13:00:00,2026-01-14 13:00:00
8,12.992261,77.56502,2026-01-15,14:00:00,2026-01-15 14:00:00
8,12.994946,77.56717,2026-01-16,15:00:00,2026-01-16 15:00:00
8,12.998188,77.564365,2026-01-17,16:00:00,2026-01-17 16:00:00
8,12.994824,77.566383,2026-01-18,17:00:00,2026-01-18 17:00:00
8,12.99634,77.565541,2026-01-19,18:00:00,2026-01-19 18:00:00
8,12.996937,77.564771,2026-01-20,19:00:00,2026-01-20 19:00:00
8,12.991026,77.566245,2026-01-21,20:00:00,2026-01-21 20:00:00
8,12.992286,77.566087,2026-01-22,21:00:00,2026-01-22 21:00:00
8,12.992742,77.563659,2026-01-23,22:00:00,2026-01-23 22:00:00
8,12.99718,77.564442,2026-01-24,23:00:00,2026-01-24 23:00:00
8,12.992753,77.565771,2026-01-25,00:00:00,2026-01-25 00:00:00
8,12.994581,77.565473,2026-01-26,01:00:00,2026-01-26 01:00:00
8,12.994154,77.564792,2026-01-27,02:00:00,2026-01-27 02:00:00
8,12.998425,77.564395,2026-01-28,03:00:00,2026-01-28 03:00:00
8,13.000118,77.565837,2026-01-29,04:00:00,2026-01-29 04:00:00
8,12.997137,77.563612,2026-01-30,05:00:00,2026-01-30 05:00:00
8,12.992092,77.564966,2026-01-01,06:00:00,2026-01-01 06:00:00
8,12.993574,77.564498,2026-01-02,07:00:00,2026-01-02 07:00:00
8,12.996182,77.563145,2026-01-03,08:00:00,2026-01-03 08:00:00
8,12.99526,77.560161,2026-01-04,09:00:00,2026-01-04 09:00:00
8,12.996962,77.56186,2026-01-05,10:00:00,2026-01-05 10:00:00
8,12.994515,77.563857,2026-01-06,11:00:00,2026-01-06 11:00:00
8,12.995739,77.564303,2026-01-07,12:00:00,2026-01-07 12:00:00
8,12.996363,77.567747,2026-01-08,13:00:00,2026-01-08 13:00:00
8,12.998279,77.565171,2026-01-09,14:00:00,2026-01-09 14:00:00
8,12.992164,77.562937,2026-01-10,15:00:00,2026-01-10 15:00:00
8,12.996464,77.559985,2026-01-11,16:00:00,2026-01-11 16:00:00
8,12.992468,77.563013,2026-01-12,17:00:00,2026-01-12 17:00:00
8,12.997986,77.562151,2026-01-13,18:00:00,2026-01-13 18:00:00
8,12.994276,77.562047,2026-01-14,19:00:00,2026-01-14 19:00:00
8,12.99124,77.563669,2026-01-15,20:00:00,2026-01-15 20:00:00
8,12.993107,77.561826,2026-01-16,21:00:00,2026-01-16 21:00:00
8,12.994634,77.562484,2026-01-17,22:00:00,2026-01-17 22:00:00
8,12.994488,77.56221,2026-01-18,23:00:00,2026-01-18 23:00:00
8,12.994851,77.564684,2026-01-19,00:00:00,2026-01-19 00:00:00
8,12.99503,77.564869,2026-01-20,01:00:00,2026-01-20 01:00:00
8,12.992705,77.565602,2026-01-21,02:00:00,2026-01-21 02:00:00
8,12.993883,77.561932,2026-01-22,03:00:00,2026-01-22 03:00:00
8,12.996318,77.564176,2026-01-23,04:00:00,2026-01-23 04:00:00
8,12.997002,77.567065,2026-01-24,05:00:00,2026-01-24 05:00:00
8,12.993327,77.565503,2026-01-25,06:00:00,2026-01-25 06:00:00
8,12.993352,77.563259,2026-01-26,07:00:00,2026-01-26 07:00:00
8,12.993345,77.566847,2026-01-27,08:00:00,2026-01-27 08:00:00
8,12.998333,77.566376,2026-01-28,09:00:00,2026-01-28 09:00:00
8,12.993067,77.564826,2026-01-29,10:00:00,2026-01-29 10:00:00
8,12.995204,77.562553,2026-01-30,11:00:00,2026-01-30 11:00:00
8,12.992971,77.564473,2026-01-01,12:00:00,2026-01-01 12:00:00
8,12.993764,77.562149,2026-01-02,13:00:00,2026-01-02 13:00:00
8,12.993205,77.565901,2026-01-03,14:00:00,2026-01-03 14:00:00
8,12.997154,77.5643,2026-01-04,15:00:00,2026-01-04 15:00:00
8,12.99343,77.567105,2026-01-05,16:00:00,2026-01-05 16:00:00
8,12.996523,77.563172,2026-01-06,17:00:00,2026-01-06 17:00:00
8,12.992377,77.559928,2026-01-07,18:00:00,2026-01-07 18:00:00
8,12.998654,77.565974,2026-01-08,19:00:00,2026-01-08 19:00:00
8,12.995034,77.564981,2026-01-09,20:00:00,2026-01-09 20:00:00
8,12.993767,77.566711,2026-01-10,21:00:00,2026-01-10 21:00:00
8,12.991437,77.561295,2026-01-11,22:00:00,2026-01-11 22:00:00
8,12.996075,77.5618,2026-01-12,23:00:00,2026-01-12 23:00:00
8,12.993707,77.565908,2026-01-13,00:00:00,2026-01-13 00:00:00
8,12.99456,77.566229,2026-01-14,01:00:00,2026-01-14 01:00:00
8,12.992291,77.563882,2026-01-15,02:00:00,2026-01-15 02:00:00
8,12.996369,77.564885,2026-01-16,03:00:00,2026-01-16 03:00:00
8,12.995257,77.563727,2026-01-17,04:00:00,2026-01-17 04:00:00
8,12.994823,77.562336,2026-01-18,05:00:00,2026-01-18 05:00:00
8,12.996951,77.561169,2026-01-19,06:00:00,2026-01-19 06:00:00
8,12.995817,77.56445,2026-01-20,07:00:00,2026-01-20 07:00:00
8,12.992792,77.565215,2026-01-21,08:00:00,2026-01-21 08:00:00
8,12.992219,77.565833,2026-01-22,09:00:00,2026-01-22 09:00:00
8,12.996547,77.563001,2026-01-23,10:00:00,2026-01-23 10:00:00
8,12.992848,77.561319,2026-01-24,11:00:00,2026-01-24 11:00:00
8,12.994964,77.567462,2026-01-25,12:00:00,2026-01-25 12:00:00
8,12.99407,77.563308,2026-01-26,13:00:00,2026-01-26 13:00:00
8,12.991405,77.56216,2026-01-27,14:00:00,2026-01-27 14:00:00
8,12.997105,77.56601,2026-01-28,15:00:00,2026-01-28 15:00:00
8,12.997437,77.566494,2026-01-29,16:00:00,2026-01-29 16:00:00
8,12.995438,77.563341,2026-01-30,17:00:00,2026-01-30 17:00:00
8,12.997026,77.562865,2026-01-01,18:00:00,2026-01-01 18:00:00
8,12.993344,77.563027,2026-01-02,19:00:00,2026-01-02 19:00:00
8,12.993037,77.562963,2026-01-03,20:00:00,2026-01-03 20:00:00
8,12.993677,77.564188,2026-01-04,21:00:00,2026-01-04 21:00:00
8,12.99409,77.565987,2026-01-05,22:00:00,2026-01-05 22:00:00
8,12.994163,77.563711,2026-01-06,23:00:00,2026-01-06 23:00:00
8,12.995515,77.561146,2026-01-07,00:00:00,2026-01-07 00:00:00
8,12.993942,77.565809,2026-01-08,01:00:00,2026-01-08 01:00:00
8,12.996318,77.563382,2026-01-09,02:00:00,2026-01-09 02:00:00
8,12.996739,77.561167,2026-01-10,03:00:00,2026-01-10 03:00:00
8,12.993618,77.562354,2026-01-11,04:00:00,2026-01-11 04:00:00
8,12.99432,77.5671,2026-01-12,05:00:00,2026-01-12 05:00:00
8,12.991318,77.567164,2026-01-13,06:00:00,2026-01-13 06:00:00
8,12.992873,77.565256,2026-01-14,07:00:00,2026-01-14 07:00:00
8,12.99247,77.563764,2026-01-15,08:00:00,2026-01-15 08:00:00
8,12.992421,77.565737,2026-01-16,09:00:00,2026-01-16 09:00:00
8,12.999124,77.562306,2026-01-17,10:00:00,2026-01-17 10:00:00
8,12.994641,77.566046,2026-01-18,11:00:00,2026-01-18 11:00:00
8,12.994023,77.561225,2026-01-19,12:00:00,2026-01-19 12:00:00
8,12.997321,77.564047,2026-01-20,13:00:00,2026-01-20 13:00:00
8,12.995825,77.564222,2026-01-21,14:00:00,2026-01-21 14:00:00
8,12.990051,77.568338,2026-01-22,15:00:00,2026-01-22 15:00:00
8,12.993093,77.564481,2026-01-23,16:00:00,2026-01-23 16:00:00
8,12.994223,77.560869,2026-01-24,17:00:00,2026-01-24 17:00:00
8,12.990788,77.566051,2026-01-25,18:00:00,2026-01-25 18:00:00
8,12.995885,77.567524,2026-01-26,19:00:00,2026-01-26 19:00:00
8,12.99536,77.564376,2026-01-27,20:00:00,2026-01-27 20:00:00
8,12.994517,77.560995,2026-01-28,21:00:00,2026-01-28 21:00:00
8,12.997065,77.56397,2026-01-29,22:00:00,2026-01-29 22:00:00
8,12.995964,77.563499,2026-01-30,23:00:00,2026-01-30 23:00:00
8,12.995795,77.563088,2026-01-01,00:00:00,2026-01-01 00:00:00
8,12.992167,77.563608,2026-01-02,01:00:00,2026-01-02 01:00:00
8,12.997598,77.564418,2026-01-03,02:00:00,2026-01-03 02:00:00
8,12.994357,77.563399,2026-01-04,03:00:00,2026-01-04 03:00:00
8,12.993802,77.562096,2026-01-05,04:00:00,2026-01-05 04:00:00
8,12.993616,77.564719,2026-01-06,05:00:00,2026-01-06 05:00:00
8,12.992553,77.562815,2026-01-07,06:00:00,2026-01-07 06:00:00
8,12.992918,77.561661,2026-01-08,07:00:00,2026-01-08 07:00:00
8,12.994708,77.56359,2026-01-09,08:00:00,2026-01-09 08:00:00
8,12.995679,77.566548,2026-01-10,09:00:00,2026-01-10 09:00:00
8,12.995702,77.563567,2026-01-11,10:00:00,2026-01-11 10:00:00
8,12.993117,77.562678,2026-01-12,11:00:00,2026-01-12 11:00:00
8,12.99707,77.56675,2026-01-13,12:00:00,2026-01-13 12:00:00
8,12.992125,77.563017,2026-01-14,13:00:00,2026-01-14 13:00:00
8,12.997088,77.56264,2026-01-15,14:00:00,2026-01-15 14:00:00
8,12.993794,77.565596,2026-01-16,15:00:00,2026-01-16 15:00:00
8,12.99383,77.568167,2026-01-17,16:00:00,2026-01-17 16:00:00
8,12.996025,77.563128,2026-01-18,17:00:00,2026-01-18 17:00:00
8,12.990061,77.565838,2026-01-19,18:00:00,2026-01-19 18:00:00
8,12.99321,77.565141,2026-01-20,19:00:00,2026-01-20 19:00:00
8,12.993911,77.564309,2026-01-21,20:00:00,2026-01-21 20:00:00
8,12.990447,77.562048,2026-01-22,21:00:00,2026-01-22 21:00:00
8,12.994868,77.564813,2026-01-23,22:00:00,2026-01-23 22:00:00
8,12.997126,77.562373,2026-01-24,23:00:00,2026-01-24 23:00:00
8,12.991684,77.560814,2026-01-25,00:00:00,2026-01-25 00:00:00
8,12.994944,77.566378,2026-01-26,01:00:00,2026-01-26 01:00:00
8,12.994005,77.563215,2026-01-27,02:00:00,2026-01-27 02:00:00
8,12.99697,77.563307,2026-01-28,03:00:00,2026-01-28 03:00:00
8,12.995083,77.562415,2026-01-29,04:00:00,2026-01-29 04:00:00
8,12.996108,77.563005,2026-01-30,05:00:00,2026-01-30 05:00:00
8,12.994247,77.562241,2026-01-01,06:00:00,2026-01-01 06:00:00
8,12.993992,77.562413,2026-01-02,07:00:00,2026-01-02 07:00:00
8,12.991268,77.56574,2026-01-03,08:00:00,2026-01-03 08:00:00
8,12.993849,77.563069,2026-01-04,09:00:00,2026-01-04 09:00:00
8,12.992131,77.562372,2026-01-05,10:00:00,2026-01-05 10:00:00
8,12.997084,77.563875,2026-01-06,11:00:00,2026-01-06 11:00:00
8,12.997107,77.564861,2026-01-07,12:00:00,2026-01-07 12:00:00
8,12.997744,77.564162,2026-01-08,13:00:00,2026-01-08 13:00:00
8,12.997214,77.560595,2026-01-09,14:00:00,2026-01-09 14:00:00
8,12.996557,77.560201,2026-01-10,15:00:00,2026-01-10 15:00:00
8,12.99503,77.569794,2026-01-11,16:00:00,2026-01-11 16:00:00
8,12.993009,77.566142,2026-01-12,17:00:00,2026-01-12 17:00:00
8,12.99557,77.562959,2026-01-13,18:00:00,2026-01-13 18:00:00
8,12.993159,77.564693,2026-01-14,19:00:00,2026-01-14 19:00:00
8,12.994734,77.564135,2026-01-15,20:00:00,2026-01-15 20:00:00
8,12.994444,77.56331,2026-01-16,21:00:00,2026-01-16 21:00:00
8,12.993187,77.561128,2026-01-17,22:00:00,2026-01-17 22:00:00
8,12.995105,77.56505,2026-01-18,23:00:00,2026-01-18 23:00:00
8,12.992758,77.561711,2026-01-19,00:00:00,2026-01-19 00:00:00
8,12.992706,77.56496,2026-01-20,01:00:00,2026-01-20 01:00:00
8,12.995333,77.562515,2026-01-21,02:00:00,2026-01-21 02:00:00
8,12.993276,77.56444,2026-01-22,03:00:00,2026-01-22 03:00:00
8,12.9933,77.565081,2026-01-23,04:00:00,2026-01-23 04:00:00
8,12.997681,77.566208,2026-01-24,05:00:00,2026-01-24 05:00:00
8,12.996017,77.56808,2026-01-25,06:00:00,2026-01-25 06:00:00
8,12.992162,77.563895,2026-01-26,07:00:00,2026-01-26 07:00:00
8,12.991696,77.566888,2026-01-27,08:00:00,2026-01-27 08:00:00
8,12.99677,77.563449,2026-01-28,09:00:00,2026-01-28 09:00:00
8,12.99469,77.562668,2026-01-29,10:00:00,2026-01-29 10:00:00
8,12.995346,77.560847,2026-01-30,11:00:00,2026-01-30 11:00:00
8,12.9922,77.563156,2026-01-01,12:00:00,2026-01-01 12:00:00
8,12.991788,77.563323,2026-01-02,13:00:00,2026-01-02 13:00:00
8,12.993271,77.563665,2026-01-03,14:00:00,2026-01-03 14:00:00
8,12.995728,77.562607,2026-01-04,15:00:00,2026-01-04 15:00:00
8,12.990445,77.563165,2026-01-05,16:00:00,2026-01-05 16:00:00
8,12.993122,77.563777,2026-01-06,17:00:00,2026-01-06 17:00:00
8,12.992055,77.562339,2026-01-07,18:00:00,2026-01-07 18:00:00
8,12.993568,77.5648,2026-01-08,19:00:00,2026-01-08 19:00:00
8,12.993956,77.562726,2026-01-09,20:00:00,2026-01-09 20:00:00
8,12.995199,77.563696,2026-01-10,21:00:00,2026-01-10 21:00:00
8,12.991598,77.56026,2026-01-11,22:00:00,2026-01-11 22:00:00
8,12.991488,77.56344,2026-01-12,23:00:00,2026-01-12 23:00:00
8,12.994241,77.566585,2026-01-13,00:00:00,2026-01-13 00:00:00
8,12.99154,77.562318,2026-01-14,01:00:00,2026-01-14 01:00:00
8,12.995966,77.562478,2026-01-15,02:00:00,2026-01-15 02:00:00
8,12.995305,77.565711,2026-01-16,03:00:00,2026-01-16 03:00:00
8,12.99453,77.564441,2026-01-17,04:00:00,2026-01-17 04:00:00
8,12.998516,77.564728,2026-01-18,05:00:00,2026-01-18 05:00:00
8,12.996834,77.566274,2026-01-19,06:00:00,2026-01-19 06:00:00
8,12.998436,77.566814,2026-01-20,07:00:00,2026-01-20 07:00:00
9,12.935747,77.687871,2026-01-01,00:00:00,2026-01-01 00:00:00
9,12.935789,77.68789,2026-01-02,01:00:00,2026-01-02 01:00:00
9,12.934771,77.686593,2026-01-03,02:00:00,2026-01-03 02:00:00
9,12.937264,77.685649,2026-01-04,03:00:00,2026-01-04 03:00:00
9,12.936658,77.686807,2026-01-05,04:00:00,2026-01-05 04:00:00
9,12.94002,77.691485,2026-01-06,05:00:00,2026-01-06 05:00:00
9,12.939496,77.690951,2026-01-07,06:00:00,2026-01-07 06:00:00
9,12.94161,77.689963,2026-01-08,07:00:00,2026-01-08 07:00:00
9,12.940141,77.685492,2026-01-09,08:00:00,2026-01-09 08:00:00
9,12.936061,77.688725,2026-01-10,09:00:00,2026-01-10 09:00:00
9,12.93871,77.689289,2026-01-11,10:00:00,2026-01-11 10:00:00
9,12.937482,77.686734,2026-01-12,11:00:00,2026-01-12 11:00:00
9,12.93605,77.692219,2026-01-13,12:00:00,2026-01-13 12:00:00
9,12.93697,77.688992,2026-01-14,13:00:00,2026-01-14 13:00:00
9,12.936211,77.691629,2026-01-15,14:00:00,2026-01-15 14:00:00
9,12.936426,77.690076,2026-01-16,15:00:00,2026-01-16 15:00:00
9,12.935691,77.684868,2026-01-17,16:00:00,2026-01-17 16:00:00
9,12.939168,77.68805,2026-01-18,17:00:00,2026-01-18 17:00:00
9,12.941364,77.690482,2026-01-19,18:00:00,2026-01-19 18:00:00
9,12.941923,77.689222,2026-01-20,19:00:00,2026-01-20 19:00:00
9,12.936504,77.689277,2026-01-21,20:00:00,2026-01-21 20:00:00
9,12.941591,77.687463,2026-01-22,21:00:00,2026-01-22 21:00:00
9,12.939877,77.685039,2026-01-23,22:00:00,2026-01-23 22:00:00
9,12.933448,77.688689,2026-01-24,23:00:00,2026-01-24 23:00:00
9,12.9362,77.684577,2026-01-25,00:00:00,2026-01-25 00:00:00
9,12.942041,77.691616,2026-01-26,01:00:00,2026-01-26 01:00:00
9,12.940801,77.689792,2026-01-27,02:00:00,2026-01-27 02:00:00
9,12.940586,77.688034,2026-01-28,03:00:00,2026-01-28 03:00:00
9,12.939811,77.689087,2026-01-29,04:00:00,2026-01-29 04:00:00
9,12.94233,77.690001,2026-01-30,05:00:00,2026-01-30 05:00:00
9,12.93531,77.687184,2026-01-01,06:00:00,2026-01-01 06:00:00
9,12.940455,77.687353,2026-01-02,07:00:00,2026-01-02 07:00:00
9,12.935546,77.689754,2026-01-03,08:00:00,2026-01-03 08:00:00
9,12.934489,77.686461,2026-01-04,09:00:00,2026-01-04 09:00:00
9,12.939478,77.690753,2026-01-05,10:00:00,2026-01-05 10:00:00
9,12.939211,77.693132,2026-01-06,11:00:00,2026-01-06 11:00:00
9,12.940186,77.690891,2026-01-07,12:00:00,2026-01-07 12:00:00
9,12.936674,77.688216,2026-01-08,13:00:00,2026-01-08 13:00:00
9,12.937245,77.689576,2026-01-09,14:00:00,2026-01-09 14:00:00
9,12.940378,77.688319,2026-01-10,15:00:00,2026-01-10 15:00:00
9,12.936742,77.690777,2026-01-11,16:00:00,2026-01-11 16:00:00
9,12.937784,77.69095,2026-01-12,17:00:00,2026-01-12 17:00:00
9,12.937184,77.68698,2026-01-13,18:00:00,2026-01-13 18:00:00
9,12.935697,77.686838,2026-01-14,19:00:00,2026-01-14 19:00:00
9,12.939213,77.689784,2026-01-15,20:00:00,2026-01-15 20:00:00
9,12.937753,77.689236,2026-01-16,21:00:00,2026-01-16 21:00:00
9,12.935487,77.689421,2026-01-17,22:00:00,2026-01-17 22:00:00
9,12.939534,77.687444,2026-01-18,23:00:00,2026-01-18 23:00:00
9,12.940122,77.687537,2026-01-19,00:00:00,2026-01-19 00:00:00
9,12.940651,77.688569,2026-01-20,01:00:00,2026-01-20 01:00:00
9,12.938572,77.690313,2026-01-21,02:00:00,2026-01-21 02:00:00
9,12.940076,77.688,2026-01-22,03:00:00,2026-01-22 03:00:00
9,12.939114,77.688414,2026-01-23,04:00:00,2026-01-23 04:00:00
9,12.937839,77.689011,2026-01-24,05:00:00,2026-01-24 05:00:00
9,12.936268,77.689809,2026-01-25,06:00:00,2026-01-25 06:00:00
9,12.940739,77.689064,2026-01-26,07:00:00,2026-01-26 07:00:00
9,12.940809,77.683176,2026-01-27,08:00:00,2026-01-27 08:00:00
9,12.942175,77.686302,2026-01-28,09:00:00,2026-01-28 09:00:00
9,12.940132,77.691687,2026-01-29,10:00:00,2026-01-29 10:00:00
9,12.936598,77.689776,2026-01-30,11:00:00,2026-01-30 11:00:00
9,12.939533,77.689451,2026-01-01,12:00:00,2026-01-01 12:00:00
9,12.936901,77.689479,2026-01-02,13:00:00,2026-01-02 13:00:00
9,12.93793,77.69074,2026-01-03,14:00:00,2026-01-03 14:00:00
9,12.938841,77.687172,2026-01-04,15:00:00,2026-01-04 15:00:00
9,12.937176,77.690452,2026-01-05,16:00:00,2026-01-05 16:00:00
9,12.941237,77.688662,2026-01-06,17:00:00,2026-01-06 17:00:00
9,12.938019,77.689987,2026-01-07,18:00:00,2026-01-07 18:00:00
9,12.940935,77.68959,2026-01-08,19:00:00,2026-01-08 19:00:00
9,12.93953,77.691292,2026-01-09,20:00:00,2026-01-09 20:00:00
9,12.940546,77.691817,2026-01-10,21:00:00,2026-01-10 21:00:00
9,12.937057,77.688051,2026-01-11,22:00:00,2026-01-11 22:00:00
9,12.936592,77.686262,2026-01-12,23:00:00,2026-01-12 23:00:00
9,12.938566,77.687824,2026-01-13,00:00:00,2026-01-13 00:00:00
9,12.940783,77.687241,2026-01-14,01:00:00,2026-01-14 01:00:00
9,12.938038,77.687615,2026-01-15,02:00:00,2026-01-15 02:00:00
9,12.938245,77.687378,2026-01-16,03:00:00,2026-01-16 03:00:00
9,12.936548,77.689369,2026-01-17,04:00:00,2026-01-17 04:00:00
9,12.9401,77.691623,2026-01-18,05:00:00,2026-01-18 05:00:00
9,12.942155,77.68614,2026-01-19,06:00:00,2026-01-19 06:00:00
9,12.938878,77.69286,2026-01-20,07:00:00,2026-01-20 07:00:00
9,12.935757,77.688473,2026-01-21,08:00:00,2026-01-21 08:00:00
9,12.936044,77.690323,2026-01-22,09:00:00,2026-01-22 09:00:00
9,12.939366,77.689717,2026-01-23,10:00:00,2026-01-23 10:00:00
9,12.936367,77.691348,2026-01-24,11:00:00,2026-01-24 11:00:00
9,12.938387,77.685803,2026-01-25,12:00:00,2026-01-25 12:00:00
9,12.93651,77.691147,2026-01-26,13:00:00,2026-01-26 13:00:00
9,12.941475,77.68879,2026-01-27,14:00:00,2026-01-27 14:00:00
9,12.94052,77.690928,2026-01-28,15:00:00,2026-01-28 15:00:00
9,12.938545,77.688664,2026-01-29,16:00:00,2026-01-29 16:00:00
9,12.940463,77.690879,2026-01-30,17:00:00,2026-01-30 17:00:00
9,12.934896,77.689088,2026-01-01,18:00:00,2026-01-01 18:00:00
9,12.938601,77.691476,2026-01-02,19:00:00,2026-01-02 19:00:00
9,12.936914,77.687156,2026-01-03,20:00:00,2026-01-03 20:00:00
9,12.936703,77.687976,2026-01-04,21:00:00,2026-01-04 21:00:00
9,12.937776,77.686365,2026-01-05,22:00:00,2026-01-05 22:00:00
9,12.939887,77.684966,2026-01-06,23:00:00,2026-01-06 23:00:00
9,12.935301,77.688187,2026-01-07,00:00:00,2026-01-07 00:00:00
9,12.940086,77.688047,2026-01-08,01:00:00,2026-01-08 01:00:00
9,12.939929,77.688528,2026-01-09,02:00:00,2026-01-09 02:00:00
9,12.936092,77.691075,2026-01-10,03:00:00,2026-01-10 03:00:00
9,12.936488,77.688943,2026-01-11,04:00:00,2026-01-11 04:00:00
9,12.934258,77.688773,2026-01-12,05:00:00,2026-01-12 05:00:00
9,12.93916,77.688717,2026-01-13,06:00:00,2026-01-13 06:00:00
9,12.935951,77.689291,2026-01-14,07:00:00,2026-01-14 07:00:00
9,12.937943,77.691388,2026-01-15,08:00:00,2026-01-15 08:00:00
9,12.940549,77.690759,2026-01-16,09:00:00,2026-01-16 09:00:00
9,12.938695,77.692136,2026-01-17,10:00:00,2026-01-17 10:00:00
9,12.934925,77.690098,2026-01-18,11:00:00,2026-01-18 11:00:00
9,12.938554,77.685475,2026-01-19,12:00:00,2026-01-19 12:00:00
9,12.937591,77.689677,2026-01-20,13:00:00,2026-01-20 13:00:00
9,12.937315,77.688608,2026-01-21,14:00:00,2026-01-21 14:00:00
9,12.937617,77.688514,2026-01-22,15:00:00,2026-01-22 15:00:00
9,12.938768,77.689042,2026-01-23,16:00:00,2026-01-23 16:00:00
9,12.935511,77.688974,2026-01-24,17:00:00,2026-01-24 17:00:00
9,12.939675,77.687397,2026-01-25,18:00:00,2026-01-25 18:00:00
9,12.935487,77.688078,2026-01-26,19:00:00,2026-01-26 19:00:00
9,12.939897,77.688307,2026-01-27,20:00:00,2026-01-27 20:00:00
9,12.940272,77.686267,2026-01-28,21:00:00,2026-01-28 21:00:00
9,12.937285,77.690484,2026-01-29,22:00:00,2026-01-29 22:00:00
9,12.940069,77.687872,2026-01-30,23:00:00,2026-01-30 23:00:00
9,12.935512,77.69039,2026-01-01,00:00:00,2026-01-01 00:00:00
9,12.93661,77.691977,2026-01-02,01:00:00,2026-01-02 01:00:00
9,12.937377,77.689047,2026-01-03,02:00:00,2026-01-03 02:00:00
9,12.936696,77.691446,2026-01-04,03:00:00,2026-01-04 03:00:00
9,12.935304,77.690946,2026-01-05,04:00:00,2026-01-05 04:00:00
9,12.937578,77.687226,2026-01-06,05:00:00,2026-01-06 05:00:00
9,12.93902,77.686652,2026-01-07,06:00:00,2026-01-07 06:00:00
9,12.941563,77.687457,2026-01-08,07:00:00,2026-01-08 07:00:00
9,12.936958,77.686319,2026-01-09,08:00:00,2026-01-09 08:00:00
9,12.942631,77.689436,2026-01-10,09:00:00,2026-01-10 09:00:00
9,12.935861,77.690591,2026-01-11,10:00:00,2026-01-11 10:00:00
9,12.93699,77.689317,2026-01-12,11:00:00,2026-01-12 11:00:00
9,12.939383,77.691093,2026-01-13,12:00:00,2026-01-13 12:00:00
9,12.934479,77.688516,2026-01-14,13:00:00,2026-01-14 13:00:00
9,12.939769,77.689257,2026-01-15,14:00:00,2026-01-15 14:00:00
9,12.938621,77.684624,2026-01-16,15:00:00,2026-01-16 15:00:00
9,12.940777,77.687629,2026-01-17,16:00:00,2026-01-17 16:00:00
9,12.938949,77.690921,2026-01-18,17:00:00,2026-01-18 17:00:00
9,12.941369,77.687853,2026-01-19,18:00:00,2026-01-19 18:00:00
9,12.940387,77.688757,2026-01-20,19:00:00,2026-01-20 19:00:00
9,12.936666,77.688593,2026-01-21,20:00:00,2026-01-21 20:00:00
9,12.939328,77.687725,2026-01-22,21:00:00,2026-01-22 21:00:00
9,12.940673,77.689552,2026-01-23,22:00:00,2026-01-23 22:00:00
9,12.93306,77.688945,2026-01-24,23:00:00,2026-01-24 23:00:00
9,12.934603,77.689927,2026-01-25,00:00:00,2026-01-25 00:00:00
9,12.938348,77.689471,2026-01-26,01:00:00,2026-01-26 01:00:00
9,12.943101,77.688857,2026-01-27,02:00:00,2026-01-27 02:00:00
9,12.939795,77.694726,2026-01-28,03:00:00,2026-01-28 03:00:00
9,12.941477,77.689241,2026-01-29,04:00:00,2026-01-29 04:00:00
9,12.940568,77.688494,2026-01-30,05:00:00,2026-01-30 05:00:00
9,12.938551,77.686715,2026-01-01,06:00:00,2026-01-01 06:00:00
9,12.937504,77.687833,2026-01-02,07:00:00,2026-01-02 07:00:00
9,12.938425,77.69214,2026-01-03,08:00:00,2026-01-03 08:00:00
9,12.935136,77.689757,2026-01-04,09:00:00,2026-01-04 09:00:00
9,12.938964,77.687262,2026-01-05,10:00:00,2026-01-05 10:00:00
9,12.938755,77.690214,2026-01-06,11:00:00,2026-01-06 11:00:00
9,12.939192,77.687927,2026-01-07,12:00:00,2026-01-07 12:00:00
9,12.940996,77.692323,2026-01-08,13:00:00,2026-01-08 13:00:00
9,12.939644,77.691469,2026-01-09,14:00:00,2026-01-09 14:00:00
9,12.940256,77.686962,2026-01-10,15:00:00,2026-01-10 15:00:00
9,12.938577,77.692023,2026-01-11,16:00:00,2026-01-11 16:00:00
9,12.939749,77.688275,2026-01-12,17:00:00,2026-01-12 17:00:00
9,12.942905,77.689975,2026-01-13,18:00:00,2026-01-13 18:00:00
9,12.937832,77.686441,2026-01-14,19:00:00,2026-01-14 19:00:00
9,12.936346,77.687812,2026-01-15,20:00:00,2026-01-15 20:00:00
9,12.93583,77.692756,2026-01-16,21:00:00,2026-01-16 21:00:00
9,12.940209,77.685231,2026-01-17,22:00:00,2026-01-17 22:00:00
9,12.93905,77.690237,2026-01-18,23:00:00,2026-01-18 23:00:00
9,12.939342,77.69398,2026-01-19,00:00:00,2026-01-19 00:00:00
9,12.938203,77.692002,2026-01-20,01:00:00,2026-01-20 01:00:00
9,12.936632,77.693368,2026-01-21,02:00:00,2026-01-21 02:00:00
9,12.931149,77.689493,2026-01-22,03:00:00,2026-01-22 03:00:00
9,12.94154,77.690443,2026-01-23,04:00:00,2026-01-23 04:00:00
9,12.935396,77.685881,2026-01-24,05:00:00,2026-01-24 05:00:00
9,12.936435,77.687195,2026-01-25,06:00:00,2026-01-25 06:00:00
9,12.935582,77.691849,2026-01-26,07:00:00,2026-01-26 07:00:00
9,12.938605,77.686761,2026-01-27,08:00:00,2026-01-27 08:00:00
9,12.936623,77.686033,2026-01-28,09:00:00,2026-01-28 09:00:00
9,12.940316,77.689575,2026-01-29,10:00:00,2026-01-29 10:00:00
9,12.937891,77.692602,2026-01-30,11:00:00,2026-01-30 11:00:00
9,12.934988,77.688112,2026-01-01,12:00:00,2026-01-01 12:00:00
9,12.937528,77.687443,2026-01-02,13:00:00,2026-01-02 13:00:00
9,12.938264,77.685544,2026-01-03,14:00:00,2026-01-03 14:00:00
9,12.936004,77.691786,2026-01-04,15:00:00,2026-01-04 15:00:00
9,12.938331,77.689628,2026-01-05,16:00:00,2026-01-05 16:00:00
9,12.93724,77.69067,2026-01-06,17:00:00,2026-01-06 17:00:00
9,12.938354,77.68713,2026-01-07,18:00:00,2026-01-07 18:00:00
9,12.941959,77.690027,2026-01-08,19:00:00,2026-01-08 19:00:00
9,12.941445,77.689162,2026-01-09,20:00:00,2026-01-09 20:00:00
9,12.937761,77.689331,2026-01-10,21:00:00,2026-01-10 21:00:00
9,12.937783,77.689621,2026-01-11,22:00:00,2026-01-11 22:00:00
9,12.938485,77.687394,2026-01-12,23:00:00,2026-01-12 23:00:00
9,12.941274,77.690396,2026-01-13,00:00:00,2026-01-13 00:00:00
9,12.939475,77.685449,2026-01-14,01:00:00,2026-01-14 01:00:00
9,12.934838,77.687338,2026-01-15,02:00:00,2026-01-15 02:00:00
9,12.93498,77.68901,2026-01-16,03:00:00,2026-01-16 03:00:00
9,12.93942,77.688954,2026-01-17,04:00:00,2026-01-17 04:00:00
9,12.940353,77.693683,2026-01-18,05:00:00,2026-01-18 05:00:00
9,12.936741,77.687093,2026-01-19,06:00:00,2026-01-19 06:00:00
9,12.941681,77.68782,2026-01-20,07:00:00,2026-01-20 07:00:00
10,12.968897,77.592862,2026-01-01,00:00:00,2026-01-01 00:00:00
10,12.972373,77.594954,2026-01-02,01:00:00,2026-01-02 01:00:00
10,12.97223,77.595688,2026-01-03,02:00:00,2026-01-03 02:00:00
10,12.973359,77.592763,2026-01-04,03:00:00,2026-01-04 03:00:00
10,12.971515,77.596855,2026-01-05,04:00:00,2026-01-05 04:00:00
10,12.973887,77.593001,2026-01-06,05:00:00,2026-01-06 05:00:00
10,12.973135,77.596211,2026-01-07,06:00:00,2026-01-07 06:00:00
10,12.971074,77.588762,2026-01-08,07:00:00,2026-01-08 07:00:00
10,12.972055,77.596877,2026-01-09,08:00:00,2026-01-09 08:00:00
10,12.971535,77.595413,2026-01-10,09:00:00,2026-01-10 09:00:00
10,12.969122,77.594165,2026-01-11,10:00:00,2026-01-11 10:00:00
10,12.976061,77.596505,2026-01-12,11:00:00,2026-01-12 11:00:00
10,12.97586,77.590455,2026-01-13,12:00:00,2026-01-13 12:00:00
10,12.972514,77.597459,2026-01-14,13:00:00,2026-01-14 13:00:00
10,12.973567,77.594759,2026-01-15,14:00:00,2026-01-15 14:00:00
10,12.971354,77.597595,2026-01-16,15:00:00,2026-01-16 15:00:00
10,12.972371,77.598383,2026-01-17,16:00:00,2026-01-17 16:00:00
10,12.973927,77.597626,2026-01-18,17:00:00,2026-01-18 17:00:00
10,12.971817,77.595624,2026-01-19,18:00:00,2026-01-19 18:00:00
10,12.976016,77.593899,2026-01-20,19:00:00,2026-01-20 19:00:00
10,12.969367,77.594626,2026-01-21,20:00:00,2026-01-21 20:00:00
10,12.970814,77.598225,2026-01-22,21:00:00,2026-01-22 21:00:00
10,12.967799,77.593494,2026-01-23,22:00:00,2026-01-23 22:00:00
10,12.975677,77.594658,2026-01-24,23:00:00,2026-01-24 23:00:00
10,12.975636,77.59519,2026-01-25,00:00:00,2026-01-25 00:00:00
10,12.972191,77.598993,2026-01-26,01:00:00,2026-01-26 01:00:00
10,12.974671,77.595469,2026-01-27,02:00:00,2026-01-27 02:00:00
10,12.971306,77.595314,2026-01-28,03:00:00,2026-01-28 03:00:00
10,12.972519,77.592465,2026-01-29,04:00:00,2026-01-29 04:00:00
10,12.976465,77.592579,2026-01-30,05:00:00,2026-01-30 05:00:00
10,12.968983,77.597322,2026-01-01,06:00:00,2026-01-01 06:00:00
10,12.971791,77.591213,2026-01-02,07:00:00,2026-01-02 07:00:00
10,12.973094,77.593483,2026-01-03,08:00:00,2026-01-03 08:00:00
10,12.972318,77.596589,2026-01-04,09:00:00,2026-01-04 09:00:00
10,12.976545,77.597087,2026-01-05,10:00:00,2026-01-05 10:00:00
10,12.970762,77.597253,2026-01-06,11:00:00,2026-01-06 11:00:00
10,12.972199,77.592698,2026-01-07,12:00:00,2026-01-07 12:00:00
10,12.974827,77.595796,2026-01-08,13:00:00,2026-01-08 13:00:00
10,12.971201,77.596802,2026-01-09,14:00:00,2026-01-09 14:00:00
10,12.974015,77.599127,2026-01-10,15:00:00,2026-01-10 15:00:00
10,12.96872,77.594397,2026-01-11,16:00:00,2026-01-11 16:00:00
10,12.97423,77.596125,2026-01-12,17:00:00,2026-01-12 17:00:00
10,12.971628,77.59553,2026-01-13,18:00:00,2026-01-13 18:00:00
10,12.96722,77.59532,2026-01-14,19:00:00,2026-01-14 19:00:00
10,12.971895,77.591463,2026-01-15,20:00:00,2026-01-15 20:00:00
10,12.97428,77.59445,2026-01-16,21:00:00,2026-01-16 21:00:00
10,12.97587,77.596396,2026-01-17,22:00:00,2026-01-17 22:00:00
10,12.97381,77.595675,2026-01-18,23:00:00,2026-01-18 23:00:00
10,12.976086,77.59235,2026-01-19,00:00:00,2026-01-19 00:00:00
10,12.977363,77.595966,2026-01-20,01:00:00,2026-01-20 01:00:00
10,12.975023,77.594122,2026-01-21,02:00:00,2026-01-21 02:00:00
10,12.971126,77.593093,2026-01-22,03:00:00,2026-01-22 03:00:00
10,12.973824,77.593639,2026-01-23,04:00:00,2026-01-23 04:00:00
10,12.97398,77.596097,2026-01-24,05:00:00,2026-01-24 05:00:00
10,12.972236,77.595476,2026-01-25,06:00:00,2026-01-25 06:00:00
10,12.974787,77.59548,2026-01-26,07:00:00,2026-01-26 07:00:00
10,12.974667,77.590382,2026-01-27,08:00:00,2026-01-27 08:00:00
10,12.971586,77.593657,2026-01-28,09:00:00,2026-01-28 09:00:00
10,12.97601,77.593881,2026-01-29,10:00:00,2026-01-29 10:00:00
10,12.97551,77.594144,2026-01-30,11:00:00,2026-01-30 11:00:00
10,12.96949,77.59484,2026-01-01,12:00:00,2026-01-01 12:00:00
10,12.971427,77.596991,2026-01-02,13:00:00,2026-01-02 13:00:00
10,12.973781,77.597626,2026-01-03,14:00:00,2026-01-03 14:00:00
10,12.975306,77.594882,2026-01-04,15:00:00,2026-01-04 15:00:00
10,12.970006,77.592546,2026-01-05,16:00:00,2026-01-05 16:00:00
10,12.972483,77.597529,2026-01-06,17:00:00,2026-01-06 17:00:00
10,12.971521,77.592929,2026-01-07,18:00:00,2026-01-07 18:00:00
10,12.974508,77.5943,2026-01-08,19:00:00,2026-01-08 19:00:00
10,12.976106,77.594674,2026-01-09,20:00:00,2026-01-09 20:00:00
10,12.973918,77.59568,2026-01-10,21:00:00,2026-01-10 21:00:00
10,12.971254,77.593164,2026-01-11,22:00:00,2026-01-11 22:00:00
10,12.969989,77.59585,2026-01-12,23:00:00,2026-01-12 23:00:00
10,12.971623,77.594823,2026-01-13,00:00:00,2026-01-13 00:00:00
10,12.96973,77.595103,2026-01-14,01:00:00,2026-01-14 01:00:00
10,12.973637,77.596752,2026-01-15,02:00:00,2026-01-15 02:00:00
10,12.976902,77.594795,2026-01-16,03:00:00,2026-01-16 03:00:00
10,12.973312,77.593534,2026-01-17,04:00:00,2026-01-17 04:00:00
10,12.970635,77.596403,2026-01-18,05:00:00,2026-01-18 05:00:00
10,12.971233,77.595303,2026-01-19,06:00:00,2026-01-19 06:00:00
10,12.975862,77.598539,2026-01-20,07:00:00,2026-01-20 07:00:00
10,12.973359,77.597357,2026-01-21,08:00:00,2026-01-21 08:00:00
10,12.973376,77.597646,2026-01-22,09:00:00,2026-01-22 09:00:00
10,12.970886,77.600062,2026-01-23,10:00:00,2026-01-23 10:00:00
10,12.971398,77.594604,2026-01-24,11:00:00,2026-01-24 11:00:00
10,12.975572,77.599375,2026-01-25,12:00:00,2026-01-25 12:00:00
10,12.974922,77.596595,2026-01-26,13:00:00,2026-01-26 13:00:00
10,12.972264,77.594498,2026-01-27,14:00:00,2026-01-27 14:00:00
10,12.97176,77.593711,2026-01-28,15:00:00,2026-01-28 15:00:00
10,12.97758,77.592685,2026-01-29,16:00:00,2026-01-29 16:00:00
10,12.976158,77.598038,2026-01-30,17:00:00,2026-01-30 17:00:00
10,12.971299,77.596281,2026-01-01,18:00:00,2026-01-01 18:00:00
10,12.964768,77.595037,2026-01-02,19:00:00,2026-01-02 19:00:00
10,12.970418,77.590316,2026-01-03,20:00:00,2026-01-03 20:00:00
10,12.973434,77.593251,2026-01-04,21:00:00,2026-01-04 21:00:00
10,12.972526,77.595083,2026-01-05,22:00:00,2026-01-05 22:00:00
10,12.974443,77.594943,2026-01-06,23:00:00,2026-01-06 23:00:00
10,12.972739,77.594666,2026-01-07,00:00:00,2026-01-07 00:00:00
10,12.973266,77.597649,2026-01-08,01:00:00,2026-01-08 01:00:00
10,12.975727,77.59364,2026-01-09,02:00:00,2026-01-09 02:00:00
10,12.974214,77.594318,2026-01-10,03:00:00,2026-01-10 03:00:00
10,12.969286,77.599281,2026-01-11,04:00:00,2026-01-11 04:00:00
10,12.970393,77.596431,2026-01-12,05:00:00,2026-01-12 05:00:00
10,12.972367,77.597433,2026-01-13,06:00:00,2026-01-13 06:00:00
10,12.967761,77.597073,2026-01-14,07:00:00,2026-01-14 07:00:00
10,12.973927,77.590531,2026-01-15,08:00:00,2026-01-15 08:00:00
10,12.973662,77.59589,2026-01-16,09:00:00,2026-01-16 09:00:00
10,12.971009,77.593766,2026-01-17,10:00:00,2026-01-17 10:00:00
10,12.973248,77.593378,2026-01-18,11:00:00,2026-01-18 11:00:00
10,12.973299,77.598821,2026-01-19,12:00:00,2026-01-19 12:00:00
10,12.975516,77.595923,2026-01-20,13:00:00,2026-01-20 13:00:00
10,12.973363,77.593984,2026-01-21,14:00:00,2026-01-21 14:00:00
10,12.968993,77.595073,2026-01-22,15:00:00,2026-01-22 15:00:00
10,12.972581,77.595129,2026-01-23,16:00:00,2026-01-23 16:00:00
10,12.971579,77.591187,2026-01-24,17:00:00,2026-01-24 17:00:00
10,12.973607,77.593207,2026-01-25,18:00:00,2026-01-25 18:00:00
10,12.971608,77.596819,2026-01-26,19:00:00,2026-01-26 19:00:00
10,12.973357,77.598636,2026-01-27,20:00:00,2026-01-27 20:00:00
10,12.973421,77.595415,2026-01-28,21:00:00,2026-01-28 21:00:00
10,12.973463,77.595856,2026-01-29,22:00:00,2026-01-29 22:00:00
10,12.97362,77.59443,2026-01-30,23:00:00,2026-01-30 23:00:00
10,12.970834,77.595711,2026-01-01,00:00:00,2026-01-01 00:00:00
10,12.973463,77.594129,2026-01-02,01:00:00,2026-01-02 01:00:00
10,12.971434,77.596289,2026-01-03,02:00:00,2026-01-03 02:00:00
10,12.975841,77.593968,2026-01-04,03:00:00,2026-01-04 03:00:00
10,12.972498,77.596277,2026-01-05,04:00:00,2026-01-05 04:00:00
10,12.978157,77.593944,2026-01-06,05:00:00,2026-01-06 05:00:00
10,12.977553,77.59666,2026-01-07,06:00:00,2026-01-07 06:00:00
10,12.974338,77.59124,2026-01-08,07:00:00,2026-01-08 07:00:00
10,12.972493,77.594578,2026-01-09,08:00:00,2026-01-09 08:00:00
10,12.976294,77.59462,2026-01-10,09:00:00,2026-01-10 09:00:00
10,12.972867,77.595847,2026-01-11,10:00:00,2026-01-11 10:00:00
10,12.97095,77.596451,2026-01-12,11:00:00,2026-01-12 11:00:00
10,12.973317,77.59415,2026-01-13,12:00:00,2026-01-13 12:00:00
10,12.972758,77.598535,2026-01-14,13:00:00,2026-01-14 13:00:00
10,12.974868,77.598663,2026-01-15,14:00:00,2026-01-15 14:00:00
10,12.973313,77.594005,2026-01-16,15:00:00,2026-01-16 15:00:00
10,12.971742,77.594094,2026-01-17,16:00:00,2026-01-17 16:00:00
10,12.978926,77.592842,2026-01-18,17:00:00,2026-01-18 17:00:00
10,12.971414,77.592088,2026-01-19,18:00:00,2026-01-19 18:00:00
10,12.974291,77.595769,2026-01-20,19:00:00,2026-01-20 19:00:00
10,12.971197,77.595307,2026-01-21,20:00:00,2026-01-21 20:00:00
10,12.971983,77.592396,2026-01-22,21:00:00,2026-01-22 21:00:00
10,12.971747,77.597703,2026-01-23,22:00:00,2026-01-23 22:00:00
10,12.971014,77.596779,2026-01-24,23:00:00,2026-01-24 23:00:00
10,12.972189,77.596869,2026-01-25,00:00:00,2026-01-25 00:00:00
10,12.973404,77.594826,2026-01-26,01:00:00,2026-01-26 01:00:00
10,12.972762,77.596282,2026-01-27,02:00:00,2026-01-27 02:00:00
10,12.974375,77.596772,2026-01-28,03:00:00,2026-01-28 03:00:00
10,12.970649,77.594774,2026-01-29,04:00:00,2026-01-29 04:00:00
10,12.974218,77.595132,2026-01-30,05:00:00,2026-01-30 05:00:00
10,12.969561,77.593202,2026-01-01,06:00:00,2026-01-01 06:00:00
10,12.972846,77.595833,2026-01-02,07:00:00,2026-01-02 07:00:00
10,12.974201,77.590666,2026-01-03,08:00:00,2026-01-03 08:00:00
10,12.974989,77.596069,2026-01-04,09:00:00,2026-01-04 09:00:00
10,12.974098,77.597068,2026-01-05,10:00:00,2026-01-05 10:00:00
10,12.974997,77.594282,2026-01-06,11:00:00,2026-01-06 11:00:00
10,12.972781,77.59582,2026-01-07,12:00:00,2026-01-07 12:00:00
10,12.97416,77.597449,2026-01-08,13:00:00,2026-01-08 13:00:00
10,12.969011,77.595834,2026-01-09,14:00:00,2026-01-09 14:00:00
10,12.9776,77.597203,2026-01-10,15:00:00,2026-01-10 15:00:00
10,12.972104,77.597922,2026-01-11,16:00:00,2026-01-11 16:00:00
10,12.969638,77.594719,2026-01-12,17:00:00,2026-01-12 17:00:00
10,12.973424,77.597383,2026-01-13,18:00:00,2026-01-13 18:00:00
10,12.972163,77.594344,2026-01-14,19:00:00,2026-01-14 19:00:00
10,12.97208,77.595361,2026-01-15,20:00:00,2026-01-15 20:00:00
10,12.971152,77.596339,2026-01-16,21:00:00,2026-01-16 21:00:00
10,12.974902,77.598141,2026-01-17,22:00:00,2026-01-17 22:00:00
10,12.976853,77.593334,2026-01-18,23:00:00,2026-01-18 23:00:00
10,12.975722,77.592733,2026-01-19,00:00:00,2026-01-19 00:00:00
10,12.972681,77.596123,2026-01-20,01:00:00,2026-01-20 01:00:00
10,12.971261,77.597954,2026-01-21,02:00:00,2026-01-21 02:00:00
10,12.971282,77.597251,2026-01-22,03:00:00,2026-01-22 03:00:00
10,12.97327,77.598306,2026-01-23,04:00:00,2026-01-23 04:00:00
10,12.973,77.595984,2026-01-24,05:00:00,2026-01-24 05:00:00
10,12.970947,77.594893,2026-01-25,06:00:00,2026-01-25 06:00:00
10,12.972596,77.591338,2026-01-26,07:00:00,2026-01-26 07:00:00
10,12.972748,77.593155,2026-01-27,08:00:00,2026-01-27 08:00:00
10,12.973622,77.594448,2026-01-28,09:00:00,2026-01-28 09:00:00
10,12.978258,77.593033,2026-01-29,10:00:00,2026-01-29 10:00:00
10,12.971568,77.59229,2026-01-30,11:00:00,2026-01-30 11:00:00
10,12.971217,77.597016,2026-01-01,12:00:00,2026-01-01 12:00:00
10,12.972705,77.596547,2026-01-02,13:00:00,2026-01-02 13:00:00
10,12.977194,77.597753,2026-01-03,14:00:00,2026-01-03 14:00:00
10,12.97585,77.595303,2026-01-04,15:00:00,2026-01-04 15:00:00
10,12.973602,77.598159,2026-01-05,16:00:00,2026-01-05 16:00:00
10,12.972188,77.596134,2026-01-06,17:00:00,2026-01-06 17:00:00
10,12.969487,77.592247,2026-01-07,18:00:00,2026-01-07 18:00:00
10,12.973056,77.597539,2026-01-08,19:00:00,2026-01-08 19:00:00
10,12.971455,77.597225,2026-01-09,20:00:00,2026-01-09 20:00:00
10,12.975329,77.592762,2026-01-10,21:00:00,2026-01-10 21:00:00
10,12.971517,77.597341,2026-01-11,22:00:00,2026-01-11 22:00:00
10,12.975568,77.59616,2026-01-12,23:00:00,2026-01-12 23:00:00
10,12.973954,77.591301,2026-01-13,00:00:00,2026-01-13 00:00:00
10,12.97242,77.594186,2026-01-14,01:00:00,2026-01-14 01:00:00
10,12.973271,77.597333,2026-01-15,02:00:00,2026-01-15 02:00:00
10,12.970911,77.59767,2026-01-16,03:00:00,2026-01-16 03:00:00
10,12.971361,77.590596,2026-01-17,04:00:00,2026-01-17 04:00:00
10,12.975527,77.59795,2026-01-18,05:00:00,2026-01-18 05:00:00
10,12.976709,77.5939,2026-01-19,06:00:00,2026-01-19 06:00:00
10,12.975335,77.592377,2026-01-20,07:00:00,2026-01-20 07:00:00
11,12.983682,77.609972,2026-01-01,00:00:00,2026-01-01 00:00:00
11,12.987732,77.604671,2026-01-02,01:00:00,2026-01-02 01:00:00
11,12.983681,77.607813,2026-01-03,02:00:00,2026-01-03 02:00:00
11,12.985067,77.609485,2026-01-04,03:00:00,2026-01-04 03:00:00
11,12.982989,77.608491,2026-01-05,04:00:00,2026-01-05 04:00:00
11,12.982959,77.612332,2026-01-06,05:00:00,2026-01-06 05:00:00
11,12.981612,77.604044,2026-01-07,06:00:00,2026-01-07 06:00:00
11,12.982806,77.606074,2026-01-08,07:00:00,2026-01-08 07:00:00
11,12.986087,77.608304,2026-01-09,08:00:00,2026-01-09 08:00:00
11,12.98618,77.608316,2026-01-10,09:00:00,2026-01-10 09:00:00
11,12.984095,77.603766,2026-01-11,10:00:00,2026-01-11 10:00:00
11,12.981363,77.608215,2026-01-12,11:00:00,2026-01-12 11:00:00
11,12.982378,77.607219,2026-01-13,12:00:00,2026-01-13 12:00:00
11,12.984205,77.609813,2026-01-14,13:00:00,2026-01-14 13:00:00
11,12.986677,77.609017,2026-01-15,14:00:00,2026-01-15 14:00:00
11,12.984582,77.613027,2026-01-16,15:00:00,2026-01-16 15:00:00
11,12.985852,77.607361,2026-01-17,16:00:00,2026-01-17 16:00:00
11,12.984643,77.609272,2026-01-18,17:00:00,2026-01-18 17:00:00
11,12.987574,77.608131,2026-01-19,18:00:00,2026-01-19 18:00:00
11,12.985453,77.607073,2026-01-20,19:00:00,2026-01-20 19:00:00
11,12.985285,77.612512,2026-01-21,20:00:00,2026-01-21 20:00:00
11,12.982457,77.604596,2026-01-22,21:00:00,2026-01-22 21:00:00
11,12.982315,77.609001,2026-01-23,22:00:00,2026-01-23 22:00:00
11,12.98278,77.607931,2026-01-24,23:00:00,2026-01-24 23:00:00
11,12.98719,77.605826,2026-01-25,00:00:00,2026-01-25 00:00:00
11,12.984706,77.607798,2026-01-26,01:00:00,2026-01-26 01:00:00
11,12.98626,77.60952,2026-01-27,02:00:00,2026-01-27 02:00:00
11,12.982099,77.609945,2026-01-28,03:00:00,2026-01-28 03:00:00
11,12.984756,77.604469,2026-01-29,04:00:00,2026-01-29 04:00:00
11,12.986197,77.607466,2026-01-30,05:00:00,2026-01-30 05:00:00
11,12.985416,77.605956,2026-01-01,06:00:00,2026-01-01 06:00:00
11,12.986081,77.608698,2026-01-02,07:00:00,2026-01-02 07:00:00
11,12.982997,77.608381,2026-01-03,08:00:00,2026-01-03 08:00:00
11,12.98556,77.609776,2026-01-04,09:00:00,2026-01-04 09:00:00
11,12.984709,77.608533,2026-01-05,10:00:00,2026-01-05 10:00:00
11,12.987161,77.608,2026-01-06,11:00:00,2026-01-06 11:00:00
11,12.983396,77.6053,2026-01-07,12:00:00,2026-01-07 12:00:00
11,12.986381,77.608339,2026-01-08,13:00:00,2026-01-08 13:00:00
11,12.985112,77.608685,2026-01-09,14:00:00,2026-01-09 14:00:00
11,12.987269,77.60585,2026-01-10,15:00:00,2026-01-10 15:00:00
11,12.986988,77.60717,2026-01-11,16:00:00,2026-01-11 16:00:00
11,12.984486,77.605349,2026-01-12,17:00:00,2026-01-12 17:00:00
11,12.981158,77.605344,2026-01-13,18:00:00,2026-01-13 18:00:00
11,12.981303,77.605548,2026-01-14,19:00:00,2026-01-14 19:00:00
11,12.984595,77.606658,2026-01-15,20:00:00,2026-01-15 20:00:00
11,12.985854,77.608808,2026-01-16,21:00:00,2026-01-16 21:00:00
11,12.984332,77.605899,2026-01-17,22:00:00,2026-01-17 22:00:00
11,12.986901,77.606027,2026-01-18,23:00:00,2026-01-18 23:00:00
11,12.986216,77.608581,2026-01-19,00:00:00,2026-01-19 00:00:00
11,12.987629,77.604239,2026-01-20,01:00:00,2026-01-20 01:00:00
11,12.985396,77.609086,2026-01-21,02:00:00,2026-01-21 02:00:00
11,12.984227,77.607538,2026-01-22,03:00:00,2026-01-22 03:00:00
11,12.98561,77.603078,2026-01-23,04:00:00,2026-01-23 04:00:00
11,12.986628,77.607231,2026-01-24,05:00:00,2026-01-24 05:00:00
11,12.985392,77.604907,2026-01-25,06:00:00,2026-01-25 06:00:00
11,12.983953,77.608801,2026-01-26,07:00:00,2026-01-26 07:00:00
11,12.981686,77.609765,2026-01-27,08:00:00,2026-01-27 08:00:00
11,12.987247,77.609996,2026-01-28,09:00:00,2026-01-28 09:00:00
11,12.987104,77.608304,2026-01-29,10:00:00,2026-01-29 10:00:00
11,12.985328,77.608125,2026-01-30,11:00:00,2026-01-30 11:00:00
11,12.983521,77.611003,2026-01-01,12:00:00,2026-01-01 12:00:00
11,12.981666,77.608095,2026-01-02,13:00:00,2026-01-02 13:00:00
11,12.983947,77.608494,2026-01-03,14:00:00,2026-01-03 14:00:00
11,12.982995,77.608185,2026-01-04,15:00:00,2026-01-04 15:00:00
11,12.985583,77.605141,2026-01-05,16:00:00,2026-01-05 16:00:00
11,12.981588,77.608756,2026-01-06,17:00:00,2026-01-06 17:00:00
11,12.98314,77.608316,2026-01-07,18:00:00,2026-01-07 18:00:00
11,12.984976,77.608321,2026-01-08,19:00:00,2026-01-08 19:00:00
11,12.983762,77.606342,2026-01-09,20:00:00,2026-01-09 20:00:00
11,12.987553,77.603433,2026-01-10,21:00:00,2026-01-10 21:00:00
11,12.98533,77.6083,2026-01-11,22:00:00,2026-01-11 22:00:00
11,12.985263,77.605842,2026-01-12,23:00:00,2026-01-12 23:00:00
11,12.982676,77.605918,2026-01-13,00:00:00,2026-01-13 00:00:00
11,12.983963,77.610011,2026-01-14,01:00:00,2026-01-14 01:00:00
11,12.986409,77.60941,2026-01-15,02:00:00,2026-01-15 02:00:00
11,12.982527,77.611517,2026-01-16,03:00:00,2026-01-16 03:00:00
11,12.982479,77.609762,2026-01-17,04:00:00,2026-01-17 04:00:00
11,12.986376,77.604626,2026-01-18,05:00:00,2026-01-18 05:00:00
11,12.983853,77.605403,2026-01-19,06:00:00,2026-01-19 06:00:00
11,12.98392,77.607995,2026-01-20,07:00:00,2026-01-20 07:00:00
11,12.985305,77.605765,2026-01-21,08:00:00,2026-01-21 08:00:00
11,12.98426,77.606767,2026-01-22,09:00:00,2026-01-22 09:00:00
11,12.989354,77.610622,2026-01-23,10:00:00,2026-01-23 10:00:00
11,12.985988,77.609826,2026-01-24,11:00:00,2026-01-24 11:00:00
11,12.986225,77.60533,2026-01-25,12:00:00,2026-01-25 12:00:00
11,12.986419,77.603942,2026-01-26,13:00:00,2026-01-26 13:00:00
11,12.982718,77.607944,2026-01-27,14:00:00,2026-01-27 14:00:00
11,12.986247,77.60729,2026-01-28,15:00:00,2026-01-28 15:00:00
11,12.98777,77.606804,2026-01-29,16:00:00,2026-01-29 16:00:00
11,12.988735,77.608904,2026-01-30,17:00:00,2026-01-30 17:00:00
11,12.984118,77.606853,2026-01-01,18:00:00,2026-01-01 18:00:00
11,12.98122,77.608645,2026-01-02,19:00:00,2026-01-02 19:00:00
11,12.983114,77.602969,2026-01-03,20:00:00,2026-01-03 20:00:00
11,12.985076,77.606635,2026-01-04,21:00:00,2026-01-04 21:00:00
11,12.984514,77.607399,2026-01-05,22:00:00,2026-01-05 22:00:00
11,12.980903,77.607974,2026-01-06,23:00:00,2026-01-06 23:00:00
11,12.987056,77.607074,2026-01-07,00:00:00,2026-01-07 00:00:00
11,12.987555,77.60833,2026-01-08,01:00:00,2026-01-08 01:00:00
11,12.986293,77.607872,2026-01-09,02:00:00,2026-01-09 02:00:00
11,12.985258,77.611756,2026-01-10,03:00:00,2026-01-10 03:00:00
11,12.984454,77.606524,2026-01-11,04:00:00,2026-01-11 04:00:00
11,12.98501,77.608375,2026-01-12,05:00:00,2026-01-12 05:00:00
11,12.984194,77.608053,2026-01-13,06:00:00,2026-01-13 06:00:00
11,12.985626,77.605555,2026-01-14,07:00:00,2026-01-14 07:00:00
11,12.983193,77.605789,2026-01-15,08:00:00,2026-01-15 08:00:00
11,12.982336,77.602233,2026-01-16,09:00:00,2026-01-16 09:00:00
11,12.984711,77.606402,2026-01-17,10:00:00,2026-01-17 10:00:00
11,12.983338,77.606782,2026-01-18,11:00:00,2026-01-18 11:00:00
11,12.988943,77.609356,2026-01-19,12:00:00,2026-01-19 12:00:00
11,12.981672,77.607348,2026-01-20,13:00:00,2026-01-20 13:00:00
11,12.98572,77.608193,2026-01-21,14:00:00,2026-01-21 14:00:00
11,12.984192,77.608712,2026-01-22,15:00:00,2026-01-22 15:00:00
11,12.98202,77.608357,2026-01-23,16:00:00,2026-01-23 16:00:00
11,12.98629,77.606314,2026-01-24,17:00:00,2026-01-24 17:00:00
11,12.985081,77.606343,2026-01-25,18:00:00,2026-01-25 18:00:00
11,12.985762,77.610659,2026-01-26,19:00:00,2026-01-26 19:00:00
11,12.987577,77.604588,2026-01-27,20:00:00,2026-01-27 20:00:00
11,12.984054,77.607101,2026-01-28,21:00:00,2026-01-28 21:00:00
11,12.987363,77.608198,2026-01-29,22:00:00,2026-01-29 22:00:00
11,12.986168,77.604917,2026-01-30,23:00:00,2026-01-30 23:00:00
11,12.986228,77.60821,2026-01-01,00:00:00,2026-01-01 00:00:00
11,12.980248,77.61009,2026-01-02,01:00:00,2026-01-02 01:00:00
11,12.982006,77.608467,2026-01-03,02:00:00,2026-01-03 02:00:00
11,12.983002,77.60723,2026-01-04,03:00:00,2026-01-04 03:00:00
11,12.987729,77.607813,2026-01-05,04:00:00,2026-01-05 04:00:00
11,12.984661,77.608244,2026-01-06,05:00:00,2026-01-06 05:00:00
11,12.985803,77.609427,2026-01-07,06:00:00,2026-01-07 06:00:00
11,12.987436,77.608208,2026-01-08,07:00:00,2026-01-08 07:00:00
11,12.988127,77.607818,2026-01-09,08:00:00,2026-01-09 08:00:00
11,12.987877,77.609462,2026-01-10,09:00:00,2026-01-10 09:00:00
11,12.984249,77.608492,2026-01-11,10:00:00,2026-01-11 10:00:00
11,12.98527,77.607983,2026-01-12,11:00:00,2026-01-12 11:00:00
11,12.987634,77.609086,2026-01-13,12:00:00,2026-01-13 12:00:00
11,12.986047,77.604508,2026-01-14,13:00:00,2026-01-14 13:00:00
11,12.986151,77.608546,2026-01-15,14:00:00,2026-01-15 14:00:00
11,12.986064,77.611349,2026-01-16,15:00:00,2026-01-16 15:00:00
11,12.986132,77.608976,2026-01-17,16:00:00,2026-01-17 16:00:00
11,12.98642,77.6098,2026-01-18,17:00:00,2026-01-18 17:00:00
11,12.98406,77.605294,2026-01-19,18:00:00,2026-01-19 18:00:00
11,12.986485,77.610784,2026-01-20,19:00:00,2026-01-20 19:00:00
11,12.981195,77.607953,2026-01-21,20:00:00,2026-01-21 20:00:00
11,12.983708,77.603788,2026-01-22,21:00:00,2026-01-22 21:00:00
11,12.984532,77.606157,2026-01-23,22:00:00,2026-01-23 22:00:00
11,12.981333,77.611516,2026-01-24,23:00:00,2026-01-24 23:00:00
11,12.984169,77.610033,2026-01-25,00:00:00,2026-01-25 00:00:00
11,12.983657,77.610372,2026-01-26,01:00:00,2026-01-26 01:00:00
11,12.985074,77.609083,2026-01-27,02:00:00,2026-01-27 02:00:00
11,12.986933,77.60641,2026-01-28,03:00:00,2026-01-28 03:00:00
11,12.983899,77.608035,2026-01-29,04:00:00,2026-01-29 04:00:00
11,12.984745,77.606638,2026-01-30,05:00:00,2026-01-30 05:00:00
11,12.984585,77.607981,2026-01-01,06:00:00,2026-01-01 06:00:00
11,12.982631,77.606382,2026-01-02,07:00:00,2026-01-02 07:00:00
11,12.98398,77.613798,2026-01-03,08:00:00,2026-01-03 08:00:00
11,12.981866,77.607916,2026-01-04,09:00:00,2026-01-04 09:00:00
11,12.983914,77.607473,2026-01-05,10:00:00,2026-01-05 10:00:00
11,12.985775,77.606913,2026-01-06,11:00:00,2026-01-06 11:00:00
11,12.984607,77.610218,2026-01-07,12:00:00,2026-01-07 12:00:00
11,12.985162,77.608423,2026-01-08,13:00:00,2026-01-08 13:00:00
11,12.98178,77.605232,2026-01-09,14:00:00,2026-01-09 14:00:00
11,12.986566,77.60658,2026-01-10,15:00:00,2026-01-10 15:00:00
11,12.98308,77.610033,2026-01-11,16:00:00,2026-01-11 16:00:00
11,12.985029,77.607204,2026-01-12,17:00:00,2026-01-12 17:00:00
11,12.980333,77.60938,2026-01-13,18:00:00,2026-01-13 18:00:00
11,12.984337,77.60749,2026-01-14,19:00:00,2026-01-14 19:00:00
11,12.98527,77.607347,2026-01-15,20:00:00,2026-01-15 20:00:00
11,12.98141,77.610315,2026-01-16,21:00:00,2026-01-16 21:00:00
11,12.983482,77.6052,2026-01-17,22:00:00,2026-01-17 22:00:00
11,12.98779,77.608408,2026-01-18,23:00:00,2026-01-18 23:00:00
11,12.986805,77.604714,2026-01-19,00:00:00,2026-01-19 00:00:00
11,12.98703,77.608698,2026-01-20,01:00:00,2026-01-20 01:00:00
11,12.987722,77.606097,2026-01-21,02:00:00,2026-01-21 02:00:00
11,12.980351,77.605414,2026-01-22,03:00:00,2026-01-22 03:00:00
11,12.982824,77.61266,2026-01-23,04:00:00,2026-01-23 04:00:00
11,12.983109,77.610536,2026-01-24,05:00:00,2026-01-24 05:00:00
11,12.985728,77.606398,2026-01-25,06:00:00,2026-01-25 06:00:00
11,12.985976,77.606507,2026-01-26,07:00:00,2026-01-26 07:00:00
11,12.983371,77.610773,2026-01-27,08:00:00,2026-01-27 08:00:00
11,12.983626,77.607569,2026-01-28,09:00:00,2026-01-28 09:00:00
11,12.987797,77.606894,2026-01-29,10:00:00,2026-01-29 10:00:00
11,12.987702,77.608179,2026-01-30,11:00:00,2026-01-30 11:00:00
11,12.981804,77.611983,2026-01-01,12:00:00,2026-01-01 12:00:00
11,12.98562,77.611585,2026-01-02,13:00:00,2026-01-02 13:00:00
11,12.985925,77.607482,2026-01-03,14:00:00,2026-01-03 14:00:00
11,12.983951,77.604341,2026-01-04,15:00:00,2026-01-04 15:00:00
11,12.983854,77.608837,2026-01-05,16:00:00,2026-01-05 16:00:00
11,12.98382,77.606771,2026-01-06,17:00:00,2026-01-06 17:00:00
11,12.986389,77.609064,2026-01-07,18:00:00,2026-01-07 18:00:00
11,12.982569,77.606231,2026-01-08,19:00:00,2026-01-08 19:00:00
11,12.983865,77.605849,2026-01-09,20:00:00,2026-01-09 20:00:00
11,12.987788,77.608275,2026-01-10,21:00:00,2026-01-10 21:00:00
11,12.98577,77.605667,2026-01-11,22:00:00,2026-01-11 22:00:00
11,12.982261,77.604681,2026-01-12,23:00:00,2026-01-12 23:00:00
11,12.988346,77.607637,2026-01-13,00:00:00,2026-01-13 00:00:00
11,12.981918,77.604683,2026-01-14,01:00:00,2026-01-14 01:00:00
11,12.98316,77.60675,2026-01-15,02:00:00,2026-01-15 02:00:00
11,12.985634,77.610946,2026-01-16,03:00:00,2026-01-16 03:00:00
11,12.985385,77.607684,2026-01-17,04:00:00,2026-01-17 04:00:00
11,12.984847,77.609839,2026-01-18,05:00:00,2026-01-18 05:00:00
11,12.986283,77.606964,2026-01-19,06:00:00,2026-01-19 06:00:00
11,12.991381,77.606158,2026-01-20,07:00:00,2026-01-20 07:00:00
12,12.953581,77.610226,2026-01-01,00:00:00,2026-01-01 00:00:00
12,12.952613,77.610298,2026-01-02,01:00:00,2026-01-02 01:00:00
12,12.955207,77.611742,2026-01-03,02:00:00,2026-01-03 02:00:00
12,12.953633,77.614983,2026-01-04,03:00:00,2026-01-04 03:00:00
12,12.9562,77.613497,2026-01-05,04:00:00,2026-01-05 04:00:00
12,12.951838,77.609087,2026-01-06,05:00:00,2026-01-06 05:00:00
12,12.953654,77.611465,2026-01-07,06:00:00,2026-01-07 06:00:00
12,12.95555,77.608848,2026-01-08,07:00:00,2026-01-08 07:00:00
12,12.956058,77.608071,2026-01-09,08:00:00,2026-01-09 08:00:00
12,12.95493,77.614797,2026-01-10,09:00:00,2026-01-10 09:00:00
12,12.952204,77.612303,2026-01-11,10:00:00,2026-01-11 10:00:00
12,12.955669,77.608664,2026-01-12,11:00:00,2026-01-12 11:00:00
12,12.953103,77.616055,2026-01-13,12:00:00,2026-01-13 12:00:00
12,12.951458,77.613579,2026-01-14,13:00:00,2026-01-14 13:00:00
12,12.954585,77.612572,2026-01-15,14:00:00,2026-01-15 14:00:00
12,12.954614,77.615139,2026-01-16,15:00:00,2026-01-16 15:00:00
12,12.951086,77.613931,2026-01-17,16:00:00,2026-01-17 16:00:00
12,12.957226,77.614964,2026-01-18,17:00:00,2026-01-18 17:00:00
12,12.954594,77.612704,2026-01-19,18:00:00,2026-01-19 18:00:00
12,12.953767,77.613831,2026-01-20,19:00:00,2026-01-20 19:00:00
12,12.952352,77.612368,2026-01-21,20:00:00,2026-01-21 20:00:00
12,12.951032,77.61144,2026-01-22,21:00:00,2026-01-22 21:00:00
12,12.957409,77.610298,2026-01-23,22:00:00,2026-01-23 22:00:00
12,12.95049,77.612132,2026-01-24,23:00:00,2026-01-24 23:00:00
12,12.951173,77.607816,2026-01-25,00:00:00,2026-01-25 00:00:00
12,12.952764,77.610726,2026-01-26,01:00:00,2026-01-26 01:00:00
12,12.95381,77.612363,2026-01-27,02:00:00,2026-01-27 02:00:00
12,12.955578,77.610087,2026-01-28,03:00:00,2026-01-28 03:00:00
12,12.953857,77.610706,2026-01-29,04:00:00,2026-01-29 04:00:00
12,12.954065,77.614831,2026-01-30,05:00:00,2026-01-30 05:00:00
12,12.955357,77.612378,2026-01-01,06:00:00,2026-01-01 06:00:00
12,12.953292,77.613612,2026-01-02,07:00:00,2026-01-02 07:00:00
12,12.954335,77.614258,2026-01-03,08:00:00,2026-01-03 08:00:00
12,12.950858,77.613802,2026-01-04,09:00:00,2026-01-04 09:00:00
12,12.955276,77.609887,2026-01-05,10:00:00,2026-01-05 10:00:00
12,12.953534,77.608064,2026-01-06,11:00:00,2026-01-06 11:00:00
12,12.949973,77.611219,2026-01-07,12:00:00,2026-01-07 12:00:00
12,12.956064,77.614542,2026-01-08,13:00:00,2026-01-08 13:00:00
12,12.954978,77.610006,2026-01-09,14:00:00,2026-01-09 14:00:00
12,12.956722,77.611312,2026-01-10,15:00:00,2026-01-10 15:00:00
12,12.952128,77.612442,2026-01-11,16:00:00,2026-01-11 16:00:00
12,12.954994,77.615882,2026-01-12,17:00:00,2026-01-12 17:00:00
12,12.953929,77.613624,2026-01-13,18:00:00,2026-01-13 18:00:00
12,12.953089,77.609798,2026-01-14,19:00:00,2026-01-14 19:00:00
12,12.953232,77.614441,2026-01-15,20:00:00,2026-01-15 20:00:00
12,12.953429,77.611402,2026-01-16,21:00:00,2026-01-16 21:00:00
12,12.953431,77.610611,2026-01-17,22:00:00,2026-01-17 22:00:00
12,12.956038,77.615837,2026-01-18,23:00:00,2026-01-18 23:00:00
12,12.953062,77.614084,2026-01-19,00:00:00,2026-01-19 00:00:00
12,12.952119,77.613702,2026-01-20,01:00:00,2026-01-20 01:00:00
12,12.95198,77.610301,2026-01-21,02:00:00,2026-01-21 02:00:00
12,12.951422,77.611535,2026-01-22,03:00:00,2026-01-22 03:00:00
12,12.953502,77.610316,2026-01-23,04:00:00,2026-01-23 04:00:00
12,12.952187,77.610253,2026-01-24,05:00:00,2026-01-24 05:00:00
12,12.955174,77.613375,2026-01-25,06:00:00,2026-01-25 06:00:00
12,12.954892,77.612077,2026-01-26,07:00:00,2026-01-26 07:00:00
12,12.957626,77.610373,2026-01-27,08:00:00,2026-01-27 08:00:00
12,12.952546,77.613363,2026-01-28,09:00:00,2026-01-28 09:00:00
12,12.952237,77.614329,2026-01-29,10:00:00,2026-01-29 10:00:00
12,12.955692,77.613122,2026-01-30,11:00:00,2026-01-30 11:00:00
12,12.954407,77.615015,2026-01-01,12:00:00,2026-01-01 12:00:00
12,12.953049,77.613413,2026-01-02,13:00:00,2026-01-02 13:00:00
12,12.951654,77.608587,2026-01-03,14:00:00,2026-01-03 14:00:00
12,12.952362,77.608392,2026-01-04,15:00:00,2026-01-04 15:00:00
12,12.953038,77.614637,2026-01-05,16:00:00,2026-01-05 16:00:00
12,12.953451,77.613252,2026-01-06,17:00:00,2026-01-06 17:00:00
12,12.953491,77.612857,2026-01-07,18:00:00,2026-01-07 18:00:00
12,12.954038,77.61475,2026-01-08,19:00:00,2026-01-08 19:00:00
12,12.954891,77.609016,2026-01-09,20:00:00,2026-01-09 20:00:00
12,12.95315,77.612392,2026-01-10,21:00:00,2026-01-10 21:00:00
12,12.950276,77.61211,2026-01-11,22:00:00,2026-01-11 22:00:00
12,12.951705,77.608323,2026-01-12,23:00:00,2026-01-12 23:00:00
12,12.954281,77.61165,2026-01-13,00:00:00,2026-01-13 00:00:00
12,12.951839,77.612512,2026-01-14,01:00:00,2026-01-14 01:00:00
12,12.953233,77.610272,2026-01-15,02:00:00,2026-01-15 02:00:00
12,12.953282,77.610336,2026-01-16,03:00:00,2026-01-16 03:00:00
12,12.958087,77.61283,2026-01-17,04:00:00,2026-01-17 04:00:00
12,12.954986,77.61397,2026-01-18,05:00:00,2026-01-18 05:00:00
12,12.957595,77.611299,2026-01-19,06:00:00,2026-01-19 06:00:00
12,12.957996,77.607791,2026-01-20,07:00:00,2026-01-20 07:00:00
12,12.954589,77.616209,2026-01-21,08:00:00,2026-01-21 08:00:00
12,12.953528,77.613654,2026-01-22,09:00:00,2026-01-22 09:00:00
12,12.953968,77.610893,2026-01-23,10:00:00,2026-01-23 10:00:00
12,12.952128,77.61274,2026-01-24,11:00:00,2026-01-24 11:00:00
12,12.955963,77.613508,2026-01-25,12:00:00,2026-01-25 12:00:00
12,12.955442,77.613203,2026-01-26,13:00:00,2026-01-26 13:00:00
12,12.954618,77.61244,2026-01-27,14:00:00,2026-01-27 14:00:00
12,12.953313,77.611223,2026-01-28,15:00:00,2026-01-28 15:00:00
12,12.955629,77.615671,2026-01-29,16:00:00,2026-01-29 16:00:00
12,12.954932,77.615475,2026-01-30,17:00:00,2026-01-30 17:00:00
12,12.953108,77.610969,2026-01-01,18:00:00,2026-01-01 18:00:00
12,12.951904,77.613698,2026-01-02,19:00:00,2026-01-02 19:00:00
12,12.952863,77.611112,2026-01-03,20:00:00,2026-01-03 20:00:00
12,12.953629,77.612101,2026-01-04,21:00:00,2026-01-04 21:00:00
12,12.953009,77.609329,2026-01-05,22:00:00,2026-01-05 22:00:00
12,12.953365,77.611775,2026-01-06,23:00:00,2026-01-06 23:00:00
12,12.955098,77.613607,2026-01-07,00:00:00,2026-01-07 00:00:00
12,12.954243,77.617268,2026-01-08,01:00:00,2026-01-08 01:00:00
12,12.955971,77.61279,2026-01-09,02:00:00,2026-01-09 02:00:00
12,12.951046,77.608126,2026-01-10,03:00:00,2026-01-10 03:00:00
12,12.953988,77.609725,2026-01-11,04:00:00,2026-01-11 04:00:00
12,12.950823,77.610665,2026-01-12,05:00:00,2026-01-12 05:00:00
12,12.954307,77.613783,2026-01-13,06:00:00,2026-01-13 06:00:00
12,12.953946,77.613762,2026-01-14,07:00:00,2026-01-14 07:00:00
12,12.951328,77.612907,2026-01-15,08:00:00,2026-01-15 08:00:00
12,12.958309,77.610079,2026-01-16,09:00:00,2026-01-16 09:00:00
12,12.950606,77.609776,2026-01-17,10:00:00,2026-01-17 10:00:00
12,12.952817,77.611425,2026-01-18,11:00:00,2026-01-18 11:00:00
12,12.955277,77.613113,2026-01-19,12:00:00,2026-01-19 12:00:00
12,12.95452,77.612767,2026-01-20,13:00:00,2026-01-20 13:00:00
12,12.95181,77.610672,2026-01-21,14:00:00,2026-01-21 14:00:00
12,12.952817,77.614962,2026-01-22,15:00:00,2026-01-22 15:00:00
12,12.955525,77.609392,2026-01-23,16:00:00,2026-01-23 16:00:00
12,12.954175,77.611415,2026-01-24,17:00:00,2026-01-24 17:00:00
12,12.952566,77.610943,2026-01-25,18:00:00,2026-01-25 18:00:00
12,12.954962,77.61058,2026-01-26,19:00:00,2026-01-26 19:00:00
12,12.950439,77.6113,2026-01-27,20:00:00,2026-01-27 20:00:00
12,12.956847,77.611988,2026-01-28,21:00:00,2026-01-28 21:00:00
12,12.954966,77.612351,2026-01-29,22:00:00,2026-01-29 22:00:00
12,12.957168,77.612742,2026-01-30,23:00:00,2026-01-30 23:00:00
12,12.957143,77.613356,2026-01-01,00:00:00,2026-01-01 00:00:00
12,12.949828,77.612139,2026-01-02,01:00:00,2026-01-02 01:00:00
12,12.955914,77.6088,2026-01-03,02:00:00,2026-01-03 02:00:00
12,12.956836,77.612382,2026-01-04,03:00:00,2026-01-04 03:00:00
12,12.952108,77.611091,2026-01-05,04:00:00,2026-01-05 04:00:00
12,12.953249,77.612941,2026-01-06,05:00:00,2026-01-06 05:00:00
12,12.952431,77.61096,2026-01-07,06:00:00,2026-01-07 06:00:00
12,12.957307,77.610144,2026-01-08,07:00:00,2026-01-08 07:00:00
12,12.954526,77.613694,2026-01-09,08:00:00,2026-01-09 08:00:00
12,12.958126,77.611741,2026-01-10,09:00:00,2026-01-10 09:00:00
12,12.952637,77.610296,2026-01-11,10:00:00,2026-01-11 10:00:00
12,12.952948,77.613502,2026-01-12,11:00:00,2026-01-12 11:00:00
12,12.953379,77.612244,2026-01-13,12:00:00,2026-01-13 12:00:00
12,12.953591,77.60844,2026-01-14,13:00:00,2026-01-14 13:00:00
12,12.95541,77.609141,2026-01-15,14:00:00,2026-01-15 14:00:00
12,12.951569,77.608972,2026-01-16,15:00:00,2026-01-16 15:00:00
12,12.952608,77.612641,2026-01-17,16:00:00,2026-01-17 16:00:00
12,12.956649,77.61598,2026-01-18,17:00:00,2026-01-18 17:00:00
12,12.957455,77.612941,2026-01-19,18:00:00,2026-01-19 18:00:00
12,12.953467,77.612227,2026-01-20,19:00:00,2026-01-20 19:00:00
12,12.952056,77.61274,2026-01-21,20:00:00,2026-01-21 20:00:00
12,12.952281,77.613219,2026-01-22,21:00:00,2026-01-22 21:00:00
12,12.949973,77.61149,2026-01-23,22:00:00,2026-01-23 22:00:00
12,12.952071,77.611433,2026-01-24,23:00:00,2026-01-24 23:00:00
12,12.953574,77.612812,2026-01-25,00:00:00,2026-01-25 00:00:00
12,12.954293,77.612505,2026-01-26,01:00:00,2026-01-26 01:00:00
12,12.955325,77.612537,2026-01-27,02:00:00,2026-01-27 02:00:00
12,12.952254,77.613335,2026-01-28,03:00:00,2026-01-28 03:00:00
12,12.952768,77.614893,2026-01-29,04:00:00,2026-01-29 04:00:00
12,12.952666,77.610403,2026-01-30,05:00:00,2026-01-30 05:00:00
12,12.953244,77.613586,2026-01-01,06:00:00,2026-01-01 06:00:00
12,12.952418,77.61328,2026-01-02,07:00:00,2026-01-02 07:00:00
12,12.95542,77.615425,2026-01-03,08:00:00,2026-01-03 08:00:00
12,12.950536,77.615278,2026-01-04,09:00:00,2026-01-04 09:00:00
12,12.95182,77.612765,2026-01-05,10:00:00,2026-01-05 10:00:00
12,12.957252,77.61181,2026-01-06,11:00:00,2026-01-06 11:00:00
12,12.952508,77.611422,2026-01-07,12:00:00,2026-01-07 12:00:00
12,12.952444,77.61352,2026-01-08,13:00:00,2026-01-08 13:00:00
12,12.953792,77.609369,2026-01-09,14:00:00,2026-01-09 14:00:00
12,12.953674,77.611508,2026-01-10,15:00:00,2026-01-10 15:00:00
12,12.95349,77.614238,2026-01-11,16:00:00,2026-01-11 16:00:00
12,12.953046,77.61284,2026-01-12,17:00:00,2026-01-12 17:00:00
12,12.952995,77.613805,2026-01-13,18:00:00,2026-01-13 18:00:00
12,12.951253,77.615226,2026-01-14,19:00:00,2026-01-14 19:00:00
12,12.950443,77.609985,2026-01-15,20:00:00,2026-01-15 20:00:00
12,12.955288,77.612851,2026-01-16,21:00:00,2026-01-16 21:00:00
12,12.953607,77.614872,2026-01-17,22:00:00,2026-01-17 22:00:00
12,12.957584,77.612508,2026-01-18,23:00:00,2026-01-18 23:00:00
12,12.956449,77.612298,2026-01-19,00:00:00,2026-01-19 00:00:00
12,12.951968,77.612275,2026-01-20,01:00:00,2026-01-20 01:00:00
12,12.954197,77.611243,2026-01-21,02:00:00,2026-01-21 02:00:00
12,12.955406,77.612731,2026-01-22,03:00:00,2026-01-22 03:00:00
12,12.954862,77.612735,2026-01-23,04:00:00,2026-01-23 04:00:00
12,12.953337,77.613935,2026-01-24,05:00:00,2026-01-24 05:00:00
12,12.9507,77.611904,2026-01-25,06:00:00,2026-01-25 06:00:00
12,12.95589,77.611965,2026-01-26,07:00:00,2026-01-26 07:00:00
12,12.953181,77.612612,2026-01-27,08:00:00,2026-01-27 08:00:00
12,12.958099,77.60833,2026-01-28,09:00:00,2026-01-28 09:00:00
12,12.954762,77.611648,2026-01-29,10:00:00,2026-01-29 10:00:00
12,12.953054,77.616436,2026-01-30,11:00:00,2026-01-30 11:00:00
12,12.951704,77.614913,2026-01-01,12:00:00,2026-01-01 12:00:00
12,12.950095,77.610112,2026-01-02,13:00:00,2026-01-02 13:00:00
12,12.948465,77.613611,2026-01-03,14:00:00,2026-01-03 14:00:00
12,12.95779,77.613995,2026-01-04,15:00:00,2026-01-04 15:00:00
12,12.952799,77.610915,2026-01-05,16:00:00,2026-01-05 16:00:00
12,12.9541,77.612993,2026-01-06,17:00:00,2026-01-06 17:00:00
12,12.950873,77.615892,2026-01-07,18:00:00,2026-01-07 18:00:00
12,12.954174,77.614625,2026-01-08,19:00:00,2026-01-08 19:00:00
12,12.958731,77.616446,2026-01-09,20:00:00,2026-01-09 20:00:00
12,12.952985,77.609863,2026-01-10,21:00:00,2026-01-10 21:00:00
12,12.949094,77.614418,2026-01-11,22:00:00,2026-01-11 22:00:00
12,12.949381,77.613207,2026-01-12,23:00:00,2026-01-12 23:00:00
12,12.951444,77.612472,2026-01-13,00:00:00,2026-01-13 00:00:00
12,12.951707,77.611228,2026-01-14,01:00:00,2026-01-14 01:00:00
12,12.955375,77.613397,2026-01-15,02:00:00,2026-01-15 02:00:00
12,12.953468,77.614421,2026-01-16,03:00:00,2026-01-16 03:00:00
12,12.951634,77.612554,2026-01-17,04:00:00,2026-01-17 04:00:00
12,12.952664,77.612059,2026-01-18,05:00:00,2026-01-18 05:00:00
12,12.955142,77.614084,2026-01-19,06:00:00,2026-01-19 06:00:00
12,12.953432,77.612098,2026-01-20,07:00:00,2026-01-20 07:00:00
